index	seqName	clade	proposedSubclade	subclade	short-clade	glycosylation	qc.overallScore	qc.overallStatus	totalSubstitutions	totalDeletions	totalInsertions	totalFrameShifts	totalMissing	totalNonACGTNs	totalAminoacidSubstitutions	totalAminoacidDeletions	totalAminoacidInsertions	totalUnknownAa	alignmentScore	alignmentStart	alignmentEnd	coverage	isReverseComplement	substitutions	deletions	insertions	frameShifts	aaSubstitutions	aaDeletions	aaInsertions	privateNucMutations.reversionSubstitutions	privateNucMutations.labeledSubstitutions	privateNucMutations.unlabeledSubstitutions	privateNucMutations.totalReversionSubstitutions	privateNucMutations.totalLabeledSubstitutions	privateNucMutations.totalUnlabeledSubstitutions	privateNucMutations.totalPrivateSubstitutions	missing	founderMuts['clade'].nodeName	founderMuts['clade'].substitutions	founderMuts['clade'].deletions	founderMuts['clade'].aaSubstitutions	founderMuts['clade'].aaDeletions	founderMuts['short-clade'].nodeName	founderMuts['short-clade'].substitutions	founderMuts['short-clade'].deletions	founderMuts['short-clade'].aaSubstitutions	founderMuts['short-clade'].aaDeletions	founderMuts['subclade'].nodeName	founderMuts['subclade'].substitutions	founderMuts['subclade'].deletions	founderMuts['subclade'].aaSubstitutions	founderMuts['subclade'].aaDeletions	founderMuts['proposedSubclade'].nodeName	founderMuts['proposedSubclade'].substitutions	founderMuts['proposedSubclade'].deletions	founderMuts['proposedSubclade'].aaSubstitutions	founderMuts['proposedSubclade'].aaDeletions	unknownAaRanges	nonACGTNs	qc.missingData.missingDataThreshold	qc.missingData.score	qc.missingData.status	qc.missingData.totalMissing	qc.mixedSites.mixedSitesThreshold	qc.mixedSites.score	qc.mixedSites.status	qc.mixedSites.totalMixedSites	qc.privateMutations.cutoff	qc.privateMutations.excess	qc.privateMutations.score	qc.privateMutations.status	qc.privateMutations.total	qc.snpClusters.clusteredSNPs	qc.snpClusters.score	qc.snpClusters.status	qc.snpClusters.totalSNPs	qc.frameShifts.frameShifts	qc.frameShifts.totalFrameShifts	qc.frameShifts.frameShiftsIgnored	qc.frameShifts.totalFrameShiftsIgnored	qc.frameShifts.score	qc.frameShifts.status	qc.stopCodons.stopCodons	qc.stopCodons.totalStopCodons	qc.stopCodons.score	qc.stopCodons.status	totalPcrPrimerChanges	pcrPrimerChanges	failedCdses	warnings	errors
0	A/Tasmania/25/2025_jan	6B.1A.5a.2a	C.1.9.3	C.1.9.3	5a.2a	HA1:10:NNS;HA1:23:NVT;HA1:87:NGT;HA1:162:NQT;HA1:276:NTT;HA1:287:NTS;HA2:154:NGT	0	good	35	0	0	0	0	0	14	0	0	0	4963	21	1721	0.9708904109589042	false	C28T,G170A,A231C,G311A,T318C,G338T,A429G,C452T,G470A,A576C,T620C,G627A,C636G,G650T,A742C,G847A,G918C,A968G,A992G,A994G,T1023C,A1058G,T1199C,A1323G,T1347C,C1385T,C1442T,G1583A,T1600C,C1601T,T1610C,T1611C,G1616A,A1646G,T1688C				HA1:K54Q,HA1:S83P,HA1:T120A,HA1:K169Q,HA1:A186T,HA1:Q189E,HA1:Q193H,HA1:E224A,HA1:R259K,HA1:E283Q,HA1:K308R,HA2:I91V,HA2:I183T,SigPep:A3V					C28T,C470A,G650T,G1583A	0	0	4	4		NODE_0000790-1.00	C28T,G311A,T318C,G338T,A429G,C452T,G470A,A576C,T620C,G650T,G918C,A992G,T1023C,A1058G,A1323G,T1347C,C1385T,C1442T,G1583A,T1600C,T1610C,T1611C,A1646G,T1688C		HA1:S83P,HA1:T120A,HA1:K169Q,HA1:Q193H,HA1:E283Q,HA2:I91V,HA2:I183T,SigPep:A3V		NODE_0000790-1.00	C28T,G311A,T318C,G338T,A429G,C452T,G470A,A576C,T620C,G650T,G918C,A992G,T1023C,A1058G,A1323G,T1347C,C1385T,C1442T,G1583A,T1600C,T1610C,T1611C,A1646G,T1688C		HA1:S83P,HA1:T120A,HA1:K169Q,HA1:Q193H,HA1:E283Q,HA2:I91V,HA2:I183T,SigPep:A3V		NODE_0000616-1.00	C28T,C452T,G470A,G650T,G918C,G1583A		HA1:Q193H,HA1:E283Q,SigPep:A3V		NODE_0000616-1.00	C28T,C452T,G470A,G650T,G918C,G1583A		HA1:Q193H,HA1:E283Q,SigPep:A3V								4	0	good	0	15	-1	0	good	4						0		0	0	good		0	0	good	0				
1	A/Darwin/274/2025_mar_o	6B.1A.5a.2a	C.1.9.3	C.1.9.3	5a.2a	HA1:10:NNS;HA1:23:NVT;HA1:87:NGT;HA1:162:NQT;HA1:276:NTT;HA1:287:NTS;HA2:154:NGT	0	good	39	0	0	0	0	0	13	0	0	0	4947	21	1721	0.9708904109589042	false	C64T,G170A,A231C,G311A,T318C,T320C,G338T,G368A,A429G,T479C,A567G,A576C,T620C,G627A,C636G,G695A,A742C,G847A,T878C,C887T,G911A,A968G,A992G,A994G,T1023C,A1058G,T1199C,A1323G,T1347C,C1364T,C1385T,C1442T,T1600C,C1601T,T1610C,T1611C,G1616A,A1646G,T1688C				HA1:K54Q,HA1:S83P,HA1:T120A,HA1:I166V,HA1:K169Q,HA1:A186T,HA1:Q189E,HA1:E224A,HA1:R259K,HA1:K308R,HA2:I91V,HA2:I183T,SigPep:A15V					G368A,G695A,C887T,C1364T	0	0	4	4		NODE_0000790-1.00	C64T,G311A,T318C,T320C,G338T,G368A,A429G,T479C,A567G,A576C,T620C,G695A,T878C,C887T,G911A,A992G,T1023C,A1058G,A1323G,T1347C,C1364T,C1385T,C1442T,T1600C,T1610C,T1611C,A1646G,T1688C		HA1:S83P,HA1:T120A,HA1:I166V,HA1:K169Q,HA2:I91V,HA2:I183T,SigPep:A15V		NODE_0000790-1.00	C64T,G311A,T318C,T320C,G338T,G368A,A429G,T479C,A567G,A576C,T620C,G695A,T878C,C887T,G911A,A992G,T1023C,A1058G,A1323G,T1347C,C1364T,C1385T,C1442T,T1600C,T1610C,T1611C,A1646G,T1688C		HA1:S83P,HA1:T120A,HA1:I166V,HA1:K169Q,HA2:I91V,HA2:I183T,SigPep:A15V		NODE_0000616-1.00	C64T,T320C,G368A,T479C,A567G,G695A,T878C,C887T,G911A,C1364T		HA1:I166V,SigPep:A15V		NODE_0000616-1.00	C64T,T320C,G368A,T479C,A567G,G695A,T878C,C887T,G911A,C1364T		HA1:I166V,SigPep:A15V								4	0	good	0	15	-1	0	good	4						0		0	0	good		0	0	good	0				
2	A/Darwin/247/2025_mar	6B.1A.5a.2a.1	D.3	D.3	5a.2a.1	HA1:10:NNS;HA1:23:NVT;HA1:87:NGT;HA1:162:NQT;HA1:276:NAT;HA1:287:NTS;HA2:154:NGT	0	good	41	0	0	0	0	0	20	0	0	0	4939	21	1721	0.9708904109589042	false	G170A,A231C,C281A,A293G,A429G,C480T,A496G,A542G,T620C,G627A,C636G,A662G,A717G,A742C,A827G,G847A,T851A,A900G,G950A,A968G,A994G,T1005C,A1010G,T1047C,A1106C,G1139T,G1145A,A1185G,T1199C,G1286A,A1323G,T1347C,C1364T,G1416A,A1422C,T1450C,A1556G,C1601T,G1616T,T1630C,C1673T				HA1:K54Q,HA1:T120A,HA1:P137S,HA1:K142R,HA1:A186T,HA1:Q189E,HA1:T216A,HA1:E224A,HA1:R259K,HA1:D260E,HA1:T277A,HA1:K308R,HA1:S326P,HA2:E29D,HA2:I45V,HA2:I91V,HA2:V122I,HA2:N124H,HA2:I133T,HA2:V193A					T1047C,G1416A,A1616T,C1673T	0	0	4	4		NODE_00000130.00	C281A,A293G,A429G,A662G,A717G,T1005C,A1010G,T1047C,A1106C,A1185G,G1286A,G1416A,T1450C,A1556G,A1616T,T1630C,C1673T		HA1:T120A,HA1:T216A,HA1:S326P,HA2:I45V,HA2:V122I,HA2:I133T,HA2:V193A		NODE_00000130.00	C281A,A293G,A429G,A662G,A717G,T1005C,A1010G,T1047C,A1106C,A1185G,G1286A,G1416A,T1450C,A1556G,A1616T,T1630C,C1673T		HA1:T120A,HA1:T216A,HA1:S326P,HA2:I45V,HA2:V122I,HA2:I133T,HA2:V193A		NODE_0000077-1.00	T255C,C281A,A662G,T1047C,A1106C,G1286A,G1416A,T1450C,A1556G,A1616T,T1630C,C1673T		HA1:S326P,HA2:V122I,HA2:I133T,HA2:V193A		NODE_0000077-1.00	T255C,C281A,A662G,T1047C,A1106C,G1286A,G1416A,T1450C,A1556G,A1616T,T1630C,C1673T		HA1:S326P,HA2:V122I,HA2:I133T,HA2:V193A								4	0	good	0	15	-1	0	good	4						0		0	0	good		0	0	good	0				
4	A/Victoria/252/2025_feb	6B.1A.5a.2a	C.1.9.3	C.1.9.3	5a.2a	HA1:10:NNS;HA1:23:NVT;HA1:87:NGT;HA1:162:NQT;HA1:276:NTT;HA1:287:NTS;HA2:154:NGT	0	good	35	0	0	0	0	0	11	0	0	0	4963	21	1721	0.9708904109589042	false	G170A,G209T,A231C,A290G,G311A,T318C,G338T,A429G,T575C,A576C,T620C,G627A,C636G,A742C,A815T,G847A,A968G,A992G,A994G,T1023C,A1058G,G1142A,T1199C,A1323G,T1347C,G1349A,C1385T,C1442T,T1600C,C1601T,T1610C,T1611C,G1616A,A1646G,T1688C				HA1:K54Q,HA1:S83P,HA1:T120A,HA1:K169Q,HA1:A186T,HA1:Q189E,HA1:E224A,HA1:R259K,HA1:K308R,HA2:I91V,HA2:I183T					T575C,G1349A	0	0	2	2		NODE_0000790-1.00	G209T,A290G,G311A,T318C,G338T,A429G,T575C,A576C,T620C,A815T,A992G,T1023C,A1058G,G1142A,A1323G,T1347C,G1349A,C1385T,C1442T,T1600C,T1610C,T1611C,A1646G,T1688C		HA1:S83P,HA1:T120A,HA1:K169Q,HA2:I91V,HA2:I183T		NODE_0000790-1.00	G209T,A290G,G311A,T318C,G338T,A429G,T575C,A576C,T620C,A815T,A992G,T1023C,A1058G,G1142A,A1323G,T1347C,G1349A,C1385T,C1442T,T1600C,T1610C,T1611C,A1646G,T1688C		HA1:S83P,HA1:T120A,HA1:K169Q,HA2:I91V,HA2:I183T		NODE_0000616-1.00	G209T,A290G,T575C,A815T,G1142A,G1349A				NODE_0000616-1.00	G209T,A290G,T575C,A815T,G1142A,G1349A										4	0	good	0	15	-3	0	good	2						0		0	0	good		0	0	good	0				
3	A/Victoria/152/2025_jan	6B.1A.5a.2a	C.1.9.3	C.1.9.3	5a.2a	HA1:10:NNS;HA1:23:NVT;HA1:87:NGT;HA1:162:NQT;HA1:276:NTT;HA1:287:NTS;HA2:154:NGT	0	good	35	0	0	0	0	0	13	0	0	0	4963	21	1721	0.9708904109589042	false	G170A,A231C,A233C,G311A,T318C,G338T,C356T,A429G,A576C,T620C,G627A,C636G,G707A,A742C,A815T,G847A,A968G,A992G,A994G,T1023C,A1058G,T1199C,G1302A,A1323G,T1347C,C1385T,C1442T,A1582G,T1600C,C1601T,T1610C,T1611C,G1616A,A1646G,T1688C				HA1:K54H,HA1:S83P,HA1:T120A,HA1:K169Q,HA1:A186T,HA1:Q189E,HA1:E224A,HA1:R259K,HA1:K308R,HA2:V84I,HA2:I91V,HA2:K177R,HA2:I183T					A233C,C356T,G707A,G1302A,A1582G	0	0	5	5		NODE_0000790-1.00	A233C,G311A,T318C,G338T,C356T,A429G,A576C,T620C,G707A,A815T,A992G,T1023C,A1058G,G1302A,A1323G,T1347C,C1385T,C1442T,A1582G,T1600C,T1610C,T1611C,A1646G,T1688C		HA1:Q54H,HA1:S83P,HA1:T120A,HA1:K169Q,HA2:V84I,HA2:I91V,HA2:K177R,HA2:I183T		NODE_0000790-1.00	A233C,G311A,T318C,G338T,C356T,A429G,A576C,T620C,G707A,A815T,A992G,T1023C,A1058G,G1302A,A1323G,T1347C,C1385T,C1442T,A1582G,T1600C,T1610C,T1611C,A1646G,T1688C		HA1:Q54H,HA1:S83P,HA1:T120A,HA1:K169Q,HA2:V84I,HA2:I91V,HA2:K177R,HA2:I183T		NODE_0000616-1.00	A233C,C356T,G707A,A815T,G1302A,A1582G		HA1:Q54H,HA2:V84I,HA2:K177R		NODE_0000616-1.00	A233C,C356T,G707A,A815T,G1302A,A1582G		HA1:Q54H,HA2:V84I,HA2:K177R								4	0	good	0	15	0	0	good	5						0		0	0	good		0	0	good	0				
5	A/Canberra/45/2025_jan_e	6B.1A.5a.2a	C.1.9.3	C.1.9.3	5a.2a	HA1:10:NNS;HA1:23:NVT;HA1:87:NGT;HA1:162:NQT;HA1:276:NTT;HA1:287:NTS;HA2:154:NGT	0	good	38	0	0	0	0	0	14	0	0	0	4951	21	1721	0.9708904109589042	false	G26A,T167C,G170A,G174A,G209T,G213T,A231C,A290G,G311A,T318C,G338T,A429G,A576C,T620C,G627A,C636G,A739G,A742C,A815T,G847A,A968G,A992G,A994G,T1023C,A1058G,G1142A,T1199C,A1323G,T1347C,C1385T,C1442T,T1600C,C1601T,T1610C,T1611C,G1616A,A1646G,T1688C				HA1:D35N,HA1:A48S,HA1:K54Q,HA1:S83P,HA1:T120A,HA1:K169Q,HA1:A186T,HA1:Q189E,HA1:Q223R,HA1:E224A,HA1:R259K,HA1:K308R,HA2:I91V,HA2:I183T					G26A,G174A,G213T,A739G	0	0	4	4		NODE_0000790-1.00	G26A,T167C,G174A,G209T,G213T,A290G,G311A,T318C,G338T,A429G,A576C,T620C,A739G,A815T,A992G,T1023C,A1058G,G1142A,A1323G,T1347C,C1385T,C1442T,T1600C,T1610C,T1611C,A1646G,T1688C		HA1:D35N,HA1:A48S,HA1:S83P,HA1:T120A,HA1:K169Q,HA1:Q223R,HA2:I91V,HA2:I183T		NODE_0000790-1.00	G26A,T167C,G174A,G209T,G213T,A290G,G311A,T318C,G338T,A429G,A576C,T620C,A739G,A815T,A992G,T1023C,A1058G,G1142A,A1323G,T1347C,C1385T,C1442T,T1600C,T1610C,T1611C,A1646G,T1688C		HA1:D35N,HA1:A48S,HA1:S83P,HA1:T120A,HA1:K169Q,HA1:Q223R,HA2:I91V,HA2:I183T		NODE_0000616-1.00	G26A,T167C,G174A,G209T,G213T,A290G,A739G,A815T,G1142A		HA1:D35N,HA1:A48S,HA1:Q223R		NODE_0000616-1.00	G26A,T167C,G174A,G209T,G213T,A290G,A739G,A815T,G1142A		HA1:D35N,HA1:A48S,HA1:Q223R								4	0	good	0	15	-1	0	good	4						0		0	0	good		0	0	good	0				
7	A/Tasmania/49/2025_feb	6B.1A.5a.2a	C.1.9.3	C.1.9.3	5a.2a	HA1:10:NNS;HA1:23:NVT;HA1:87:NGT;HA1:276:NTT;HA1:287:NTS;HA2:154:NGT	0	good	34	0	0	0	0	0	14	0	0	0	4967	21	1721	0.9708904109589042	false	C64T,G170A,A231C,G311A,T318C,T320C,G338T,A429G,A556C,A567G,A576C,T620C,G627A,C636G,A742C,G847A,A968G,A992G,A994G,T1023C,A1058G,A1106C,T1199C,A1323G,T1347C,C1385T,C1442T,T1600C,C1601T,T1610C,T1611C,G1616A,A1646G,T1688C				HA1:K54Q,HA1:S83P,HA1:T120A,HA1:N162T,HA1:I166V,HA1:K169Q,HA1:A186T,HA1:Q189E,HA1:E224A,HA1:R259K,HA1:K308R,HA2:I91V,HA2:I183T,SigPep:A15V					A556C	0	0	1	1		NODE_0000790-1.00	C64T,G311A,T318C,T320C,G338T,A429G,A556C,A567G,A576C,T620C,A992G,T1023C,A1058G,A1106C,A1323G,T1347C,C1385T,C1442T,T1600C,T1610C,T1611C,A1646G,T1688C		HA1:S83P,HA1:T120A,HA1:N162T,HA1:I166V,HA1:K169Q,HA2:I91V,HA2:I183T,SigPep:A15V		NODE_0000790-1.00	C64T,G311A,T318C,T320C,G338T,A429G,A556C,A567G,A576C,T620C,A992G,T1023C,A1058G,A1106C,A1323G,T1347C,C1385T,C1442T,T1600C,T1610C,T1611C,A1646G,T1688C		HA1:S83P,HA1:T120A,HA1:N162T,HA1:I166V,HA1:K169Q,HA2:I91V,HA2:I183T,SigPep:A15V		NODE_0000616-1.00	C64T,T320C,A556C,A567G,A1106C		HA1:N162T,HA1:I166V,SigPep:A15V		NODE_0000616-1.00	C64T,T320C,A556C,A567G,A1106C		HA1:N162T,HA1:I166V,SigPep:A15V								4	0	good	0	15	-4	0	good	1						0		0	0	good		0	0	good	0				
6	A/Sydney/52/2025_feb	6B.1A.5a.2a	C.1.9	C.1.9	5a.2a	HA1:10:NNS;HA1:23:NVT;HA1:87:NGT;HA1:162:NQT;HA1:276:NTT;HA1:287:NTS;HA2:154:NGT	0	good	34	0	0	0	0	0	12	0	0	0	4967	21	1721	0.9708904109589042	false	G159T,G170A,A231C,G311T,G338T,A429G,A576C,T620C,G627A,C636G,A717C,A742C,T806G,T809C,G847A,A968G,A992G,A994G,T1023C,G1037A,A1058G,T1199C,A1323G,T1347C,C1385T,C1442T,A1556G,T1600C,C1601T,T1610C,T1611C,G1616A,A1646G,T1688C				HA1:V30F,HA1:K54Q,HA1:T120A,HA1:K169Q,HA1:A186T,HA1:Q189E,HA1:T216P,HA1:E224A,HA1:R259K,HA1:K308R,HA2:I91V,HA2:I183T					G159T,T806G	0	0	2	2		NODE_0000790-1.00	G159T,G311T,G338T,A429G,A576C,T620C,A717C,T806G,T809C,A992G,T1023C,G1037A,A1058G,A1323G,T1347C,C1385T,C1442T,A1556G,T1600C,T1610C,T1611C,A1646G,T1688C		HA1:V30F,HA1:T120A,HA1:K169Q,HA1:T216P,HA2:I91V,HA2:I183T		NODE_0000790-1.00	G159T,G311T,G338T,A429G,A576C,T620C,A717C,T806G,T809C,A992G,T1023C,G1037A,A1058G,A1323G,T1347C,C1385T,C1442T,A1556G,T1600C,T1610C,T1611C,A1646G,T1688C		HA1:V30F,HA1:T120A,HA1:K169Q,HA1:T216P,HA2:I91V,HA2:I183T		NODE_00004750.00	G159T,G311T,A717C,T806G,T809C,G1037A,A1058G,C1385T,A1556G,T1600C,T1610C,T1611C,T1688C		HA1:V30F,HA1:T216P,HA2:I183T		NODE_00004750.00	G159T,G311T,A717C,T806G,T809C,G1037A,A1058G,C1385T,A1556G,T1600C,T1610C,T1611C,T1688C		HA1:V30F,HA1:T216P,HA2:I183T								4	0	good	0	15	-3	0	good	2						0		0	0	good		0	0	good	0				
8	A/Victoria/226/2025_jan	6B.1A.5a.2a	C.1.9.3	C.1.9.3	5a.2a	HA1:10:NNS;HA1:23:NVT;HA1:87:NGT;HA1:162:NQT;HA1:276:NTT;HA1:287:NTS;HA2:154:NGT	0	good	35	0	0	0	0	0	15	0	0	0	4963	21	1721	0.9708904109589042	false	C64T,G170A,A231C,G311A,T318C,G338T,A429G,C480T,G535A,A567G,A576C,T620C,G627A,C636G,A742C,G847A,T878C,A968G,A992G,A994G,T1023C,A1058G,T1199C,A1323G,T1347C,C1385T,C1442T,G1598A,T1600C,C1601T,T1610C,T1611C,G1616A,A1646G,T1688C				HA1:K54Q,HA1:S83P,HA1:T120A,HA1:P137S,HA1:G155E,HA1:I166V,HA1:K169Q,HA1:A186T,HA1:Q189E,HA1:E224A,HA1:R259K,HA1:K308R,HA2:I91V,HA2:I183T,SigPep:A15V					G535A,T878C,G1598A	0	0	3	3		NODE_0000790-1.00	C64T,G311A,T318C,G338T,A429G,C480T,G535A,A567G,A576C,T620C,T878C,A992G,T1023C,A1058G,A1323G,T1347C,C1385T,C1442T,G1598A,T1600C,T1610C,T1611C,A1646G,T1688C		HA1:S83P,HA1:T120A,HA1:P137S,HA1:G155E,HA1:I166V,HA1:K169Q,HA2:I91V,HA2:I183T,SigPep:A15V		NODE_0000790-1.00	C64T,G311A,T318C,G338T,A429G,C480T,G535A,A567G,A576C,T620C,T878C,A992G,T1023C,A1058G,A1323G,T1347C,C1385T,C1442T,G1598A,T1600C,T1610C,T1611C,A1646G,T1688C		HA1:S83P,HA1:T120A,HA1:P137S,HA1:G155E,HA1:I166V,HA1:K169Q,HA2:I91V,HA2:I183T,SigPep:A15V		NODE_0000616-1.00	C64T,C480T,G535A,A567G,T878C,G1598A		HA1:P137S,HA1:G155E,HA1:I166V,SigPep:A15V		NODE_0000616-1.00	C64T,C480T,G535A,A567G,T878C,G1598A		HA1:P137S,HA1:G155E,HA1:I166V,SigPep:A15V								4	0	good	0	15	-2	0	good	3						0		0	0	good		0	0	good	0				
9	A/Canberra/93/2025_feb	6B.1A.5a.2a	C.1.9.3	C.1.9.3	5a.2a	HA1:10:NNS;HA1:23:NVT;HA1:87:NGT;HA1:162:NQT;HA1:276:NTT;HA1:287:NTS;HA2:154:NGT	0	good	33	0	0	0	0	0	13	0	0	0	4971	21	1721	0.9708904109589042	false	C64T,G170A,A231C,G311A,T318C,T320C,G338T,A429G,T479C,A567G,A576C,T620C,G627A,C636G,A742C,G847A,A992G,A994G,T1023C,A1058G,T1199C,A1323G,T1347C,C1385T,C1442T,C1538T,T1600C,C1601T,T1610C,T1611C,G1616A,A1646G,T1688C				HA1:K54Q,HA1:S83P,HA1:T120A,HA1:I166V,HA1:K169Q,HA1:A186T,HA1:Q189E,HA1:E224A,HA1:R259K,HA1:K308R,HA2:I91V,HA2:I183T,SigPep:A15V					C1538T	0	0	1	1		NODE_0000790-1.00	C64T,G311A,T318C,T320C,G338T,A429G,T479C,A567G,A576C,T620C,G968A,A992G,T1023C,A1058G,A1323G,T1347C,C1385T,C1442T,C1538T,T1600C,T1610C,T1611C,A1646G,T1688C		HA1:S83P,HA1:T120A,HA1:I166V,HA1:K169Q,HA2:I91V,HA2:I183T,SigPep:A15V		NODE_0000790-1.00	C64T,G311A,T318C,T320C,G338T,A429G,T479C,A567G,A576C,T620C,G968A,A992G,T1023C,A1058G,A1323G,T1347C,C1385T,C1442T,C1538T,T1600C,T1610C,T1611C,A1646G,T1688C		HA1:S83P,HA1:T120A,HA1:I166V,HA1:K169Q,HA2:I91V,HA2:I183T,SigPep:A15V		NODE_0000616-1.00	C64T,T320C,T479C,A567G,G968A,C1538T		HA1:I166V,SigPep:A15V		NODE_0000616-1.00	C64T,T320C,T479C,A567G,G968A,C1538T		HA1:I166V,SigPep:A15V								4	0	good	0	15	-4	0	good	1						0		0	0	good		0	0	good	0				
10	A/Victoria/190/2025_feb	6B.1A.5a.2a	C.1.9.3	C.1.9.3	5a.2a	HA1:10:NNS;HA1:23:NVT;HA1:87:NGT;HA1:162:NQT;HA1:276:NTT;HA1:287:NTS;HA2:154:NGT	0	good	37	0	0	0	0	0	13	0	0	0	4955	21	1721	0.9708904109589042	false	T167C,G170A,G209T,A231C,A290G,G311A,T318C,G338T,A429G,A576C,T620C,G627A,C636G,A742C,A815T,G847A,C888T,T959C,A968G,A992G,A994G,T1023C,A1041G,A1058G,G1142A,T1199C,A1323G,T1347C,C1385T,C1442T,T1600C,C1601T,T1610C,T1611C,G1616A,A1646G,T1688C				HA1:K54Q,HA1:S83P,HA1:T120A,HA1:K169Q,HA1:A186T,HA1:Q189E,HA1:E224A,HA1:R259K,HA1:H273Y,HA1:K308R,HA1:I324V,HA2:I91V,HA2:I183T					A1041G	0	0	1	1		NODE_0000790-1.00	T167C,G209T,A290G,G311A,T318C,G338T,A429G,A576C,T620C,A815T,C888T,T959C,A992G,T1023C,A1041G,A1058G,G1142A,A1323G,T1347C,C1385T,C1442T,T1600C,T1610C,T1611C,A1646G,T1688C		HA1:S83P,HA1:T120A,HA1:K169Q,HA1:H273Y,HA1:I324V,HA2:I91V,HA2:I183T		NODE_0000790-1.00	T167C,G209T,A290G,G311A,T318C,G338T,A429G,A576C,T620C,A815T,C888T,T959C,A992G,T1023C,A1041G,A1058G,G1142A,A1323G,T1347C,C1385T,C1442T,T1600C,T1610C,T1611C,A1646G,T1688C		HA1:S83P,HA1:T120A,HA1:K169Q,HA1:H273Y,HA1:I324V,HA2:I91V,HA2:I183T		NODE_0000616-1.00	T167C,G209T,A290G,A815T,C888T,T959C,A1041G,G1142A		HA1:H273Y,HA1:I324V		NODE_0000616-1.00	T167C,G209T,A290G,A815T,C888T,T959C,A1041G,G1142A		HA1:H273Y,HA1:I324V								4	0	good	0	15	-4	0	good	1						0		0	0	good		0	0	good	0				
12	A/Sydney/47/2025_feb	6B.1A.5a.2a	C.1.9	C.1.9	5a.2a	HA1:10:NNS;HA1:23:NVT;HA1:87:NGT;HA1:162:NQT;HA1:276:NTT;HA1:287:NTS;HA2:154:NGT	6.250000	good	34	0	0	0	0	1	12	0	0	0	4967	21	1721	0.9703196347031964	false	G159T,G170A,A231C,G311T,G338T,A429G,A576C,T620C,G627A,C636G,A717C,A742C,T806G,T809C,G847A,A968G,A992G,A994G,T1023C,G1037A,A1058G,T1199C,A1323G,T1347C,C1385T,C1442T,A1556G,T1600C,C1601T,T1610C,T1611C,G1616A,A1646G,T1688C				HA1:V30F,HA1:K54Q,HA1:T120A,HA1:K169Q,HA1:A186T,HA1:Q189E,HA1:T216P,HA1:E224A,HA1:R259K,HA1:K308R,HA2:I91V,HA2:I183T					G159T,T806G	0	0	2	2		NODE_0000790-1.00	G159T,G311T,G338T,A429G,A576C,T620C,A717C,T806G,T809C,A992G,T1023C,G1037A,A1058G,A1323G,T1347C,C1385T,C1442T,A1556G,T1600C,T1610C,T1611C,A1646G,T1688C		HA1:V30F,HA1:T120A,HA1:K169Q,HA1:T216P,HA2:I91V,HA2:I183T		NODE_0000790-1.00	G159T,G311T,G338T,A429G,A576C,T620C,A717C,T806G,T809C,A992G,T1023C,G1037A,A1058G,A1323G,T1347C,C1385T,C1442T,A1556G,T1600C,T1610C,T1611C,A1646G,T1688C		HA1:V30F,HA1:T120A,HA1:K169Q,HA1:T216P,HA2:I91V,HA2:I183T		NODE_00004750.00	G159T,G311T,A717C,T806G,T809C,G1037A,A1058G,C1385T,A1556G,T1600C,T1610C,T1611C,T1688C		HA1:V30F,HA1:T216P,HA2:I183T		NODE_00004750.00	G159T,G311T,A717C,T806G,T809C,G1037A,A1058G,C1385T,A1556G,T1600C,T1610C,T1611C,T1688C		HA1:V30F,HA1:T216P,HA2:I183T			Y:1460					4	25	good	1	15	-3	0	good	2						0		0	0	good		0	0	good	0				
11	A/New_Caledonia/50/2024_dec_o	6B.1A.5a.2a	C.1.9.3	C.1.9.3	5a.2a	HA1:10:NNS;HA1:23:NVT;HA1:87:NGT;HA1:162:NQT;HA1:276:NTT;HA1:287:NTS;HA2:154:NGT	0	good	38	0	0	0	0	0	13	0	0	0	4951	21	1721	0.9708904109589042	false	T167C,G170A,G174A,G209T,A231C,A290G,G311A,T318C,G338T,G368A,A429G,A576C,T620C,G627A,C636G,A742C,A815T,G847A,A968G,A992G,A994G,T1023C,A1052G,A1058G,G1142A,T1199C,A1288G,A1323G,T1347C,C1385T,C1442T,T1600C,C1601T,T1610C,T1611C,G1616A,A1646G,T1688C				HA1:D35N,HA1:K54Q,HA1:S83P,HA1:T120A,HA1:K169Q,HA1:A186T,HA1:Q189E,HA1:E224A,HA1:R259K,HA1:K308R,HA2:N79S,HA2:I91V,HA2:I183T					G174A,G368A,A1052G,A1288G	0	0	4	4		NODE_0000790-1.00	T167C,G174A,G209T,A290G,G311A,T318C,G338T,G368A,A429G,A576C,T620C,A815T,A992G,T1023C,A1052G,A1058G,G1142A,A1288G,A1323G,T1347C,C1385T,C1442T,T1600C,T1610C,T1611C,A1646G,T1688C		HA1:D35N,HA1:S83P,HA1:T120A,HA1:K169Q,HA2:N79S,HA2:I91V,HA2:I183T		NODE_0000790-1.00	T167C,G174A,G209T,A290G,G311A,T318C,G338T,G368A,A429G,A576C,T620C,A815T,A992G,T1023C,A1052G,A1058G,G1142A,A1288G,A1323G,T1347C,C1385T,C1442T,T1600C,T1610C,T1611C,A1646G,T1688C		HA1:D35N,HA1:S83P,HA1:T120A,HA1:K169Q,HA2:N79S,HA2:I91V,HA2:I183T		NODE_0000616-1.00	T167C,G174A,G209T,A290G,G368A,A815T,A1052G,G1142A,A1288G		HA1:D35N,HA2:N79S		NODE_0000616-1.00	T167C,G174A,G209T,A290G,G368A,A815T,A1052G,G1142A,A1288G		HA1:D35N,HA2:N79S								4	0	good	0	15	-1	0	good	4						0		0	0	good		0	0	good	0				
14	A/Tasmania/32/2025_jan	6B.1A.5a.2a	C.1.9	C.1.9	5a.2a	HA1:10:NNS;HA1:23:NVT;HA1:87:NGT;HA1:162:NQT;HA1:287:NTS;HA2:154:NGT	0	good	29	0	0	0	0	0	11	0	0	0	4987	21	1721	0.9708904109589042	false	C97T,G170A,A231C,G311A,G338T,A429G,T575C,A576C,T620C,G627A,C636G,G695A,A697T,A742C,G847A,C904A,A968G,A992G,T1023C,T1199C,A1323G,T1347C,C1385T,C1442T,C1601T,G1616A,A1625G,A1646G,G1703A				HA1:A9V,HA1:K54Q,HA1:T120A,HA1:K169Q,HA1:A186T,HA1:Q189E,HA1:K209M,HA1:E224A,HA1:R259K,HA1:T278N,HA2:I91V			T857A,G994A		C97T,C904A,A1625G	2	0	3	5		NODE_0000790-1.00	C97T,G311A,G338T,A429G,T575C,A576C,T620C,G695A,A697T,C904A,A992G,G994A,T1023C,A1323G,T1347C,C1385T,C1442T,A1625G,A1646G,G1703A		HA1:A9V,HA1:T120A,HA1:K169Q,HA1:K209M,HA1:T278N,HA1:R308K,HA2:I91V		NODE_0000790-1.00	C97T,G311A,G338T,A429G,T575C,A576C,T620C,G695A,A697T,C904A,A992G,G994A,T1023C,A1323G,T1347C,C1385T,C1442T,A1625G,A1646G,G1703A		HA1:A9V,HA1:T120A,HA1:K169Q,HA1:K209M,HA1:T278N,HA1:R308K,HA2:I91V		NODE_00004750.00	C97T,G311A,T575C,G695A,A697T,C904A,G994A,C1385T,A1625G,G1703A		HA1:A9V,HA1:K209M,HA1:T278N,HA1:R308K		NODE_00004750.00	C97T,G311A,T575C,G695A,A697T,C904A,G994A,C1385T,A1625G,G1703A		HA1:A9V,HA1:K209M,HA1:T278N,HA1:R308K								4	0	good	0	15	0	0	good	5						0		0	0	good		0	0	good	0				
13	A/New_Caledonia/54/2024_dec	6B.1A.5a.2a	C.1.9.3	C.1.9.3	5a.2a	HA1:10:NNS;HA1:23:NVT;HA1:87:NGT;HA1:162:NQT;HA1:276:NTT;HA1:287:NTS;HA2:154:NGT	0	good	37	0	0	0	0	0	12	0	0	0	4955	21	1721	0.9708904109589042	false	T167C,G170A,G174A,G209T,A231C,A290G,G311A,T318C,G338T,G368A,A429G,A576C,T620C,G627A,C636G,A742C,A815T,G847A,A968G,A992G,A994G,T1023C,A1052G,A1058G,G1142A,T1199C,A1323G,T1347C,C1385T,C1442T,T1600C,C1601T,T1610C,T1611C,G1616A,A1646G,T1688C				HA1:D35N,HA1:K54Q,HA1:S83P,HA1:T120A,HA1:K169Q,HA1:A186T,HA1:Q189E,HA1:E224A,HA1:R259K,HA1:K308R,HA2:I91V,HA2:I183T					G174A,G368A,A1052G	0	0	3	3		NODE_0000790-1.00	T167C,G174A,G209T,A290G,G311A,T318C,G338T,G368A,A429G,A576C,T620C,A815T,A992G,T1023C,A1052G,A1058G,G1142A,A1323G,T1347C,C1385T,C1442T,T1600C,T1610C,T1611C,A1646G,T1688C		HA1:D35N,HA1:S83P,HA1:T120A,HA1:K169Q,HA2:I91V,HA2:I183T		NODE_0000790-1.00	T167C,G174A,G209T,A290G,G311A,T318C,G338T,G368A,A429G,A576C,T620C,A815T,A992G,T1023C,A1052G,A1058G,G1142A,A1323G,T1347C,C1385T,C1442T,T1600C,T1610C,T1611C,A1646G,T1688C		HA1:D35N,HA1:S83P,HA1:T120A,HA1:K169Q,HA2:I91V,HA2:I183T		NODE_0000616-1.00	T167C,G174A,G209T,A290G,G368A,A815T,A1052G,G1142A		HA1:D35N		NODE_0000616-1.00	T167C,G174A,G209T,A290G,G368A,A815T,A1052G,G1142A		HA1:D35N								4	0	good	0	15	-2	0	good	3						0		0	0	good		0	0	good	0				
16	A/Victoria/235/2025_feb	6B.1A.5a.2a	C.1.9	C.1.9	5a.2a	HA1:10:NNS;HA1:23:NVT;HA1:87:NGT;HA1:162:NQT;HA1:276:NTT;HA1:287:NTS;HA2:154:NGT	0	good	32	0	0	0	0	0	11	0	0	0	4975	21	1721	0.9708904109589042	false	T158G,G170A,A231C,T276C,G311A,G338T,A429G,A533G,A576C,T620C,G627A,C636G,A742C,G847A,A968G,A994G,T1023C,A1058G,T1199C,A1323G,T1347C,C1385T,C1442T,A1577T,T1600C,C1601T,T1610C,T1611C,G1616A,A1646G,C1673T,T1688C				HA1:K54Q,HA1:S69P,HA1:T120A,HA1:K169Q,HA1:A186T,HA1:Q189E,HA1:E224A,HA1:R259K,HA1:K308R,HA2:I91V,HA2:I183T					T158G,T276C,A533G,A1577T	0	0	4	4		NODE_0000790-1.00	T158G,T276C,G311A,G338T,A429G,A533G,A576C,T620C,T1023C,A1058G,A1323G,T1347C,C1385T,C1442T,A1577T,T1600C,T1610C,T1611C,A1646G,C1673T,T1688C		HA1:S69P,HA1:T120A,HA1:K169Q,HA2:I91V,HA2:I183T		NODE_0000790-1.00	T158G,T276C,G311A,G338T,A429G,A533G,A576C,T620C,T1023C,A1058G,A1323G,T1347C,C1385T,C1442T,A1577T,T1600C,T1610C,T1611C,A1646G,C1673T,T1688C		HA1:S69P,HA1:T120A,HA1:K169Q,HA2:I91V,HA2:I183T		NODE_00004750.00	T158G,T276C,G311A,A533G,G992A,A1058G,C1385T,A1577T,T1600C,T1610C,T1611C,C1673T,T1688C		HA1:S69P,HA2:I183T		NODE_00004750.00	T158G,T276C,G311A,A533G,G992A,A1058G,C1385T,A1577T,T1600C,T1610C,T1611C,C1673T,T1688C		HA1:S69P,HA2:I183T								4	0	good	0	15	-1	0	good	4						0		0	0	good		0	0	good	0				
17	A/Victoria/250/2025_mar_o	6B.1A.5a.2a	C.1.9	C.1.9	5a.2a	HA1:10:NNS;HA1:23:NVT;HA1:87:NGT;HA1:162:NQT;HA1:276:NTT;HA1:287:NTS;HA2:154:NGT	1.777778	good	29	0	0	0	0	0	9	0	0	0	4987	21	1721	0.9708904109589042	false	G170A,A231C,G311A,G338T,A429G,T575C,A576C,T620C,G627A,C636G,T659C,A717G,G734A,A742C,G847A,C917T,A968G,A992G,A994G,T1023C,A1058C,T1199C,T1347C,C1385T,C1442T,C1601T,G1616A,A1646G,G1703A				HA1:K54Q,HA1:T120A,HA1:K169Q,HA1:A186T,HA1:Q189E,HA1:T216A,HA1:E224A,HA1:R259K,HA1:K308R			G1323A		T659C,A717G,G734A,C917T,A1058C,G1703A	1	0	6	7		NODE_0000790-1.00	G311A,G338T,A429G,T575C,A576C,T620C,T659C,A717G,G734A,C917T,A992G,T1023C,A1058C,T1347C,C1385T,C1442T,A1646G,G1703A		HA1:T120A,HA1:K169Q,HA1:T216A		NODE_0000790-1.00	G311A,G338T,A429G,T575C,A576C,T620C,T659C,A717G,G734A,C917T,A992G,T1023C,A1058C,T1347C,C1385T,C1442T,A1646G,G1703A		HA1:T120A,HA1:K169Q,HA1:T216A		NODE_00004750.00	G311A,T575C,T659C,A717G,G734A,C917T,A1058C,G1323A,C1385T,G1703A		HA1:T216A,HA2:V91I		NODE_00004750.00	G311A,T575C,T659C,A717G,G734A,C917T,A1058C,G1323A,C1385T,G1703A		HA1:T216A,HA2:V91I								4	0	good	0	15	2	13.333333	good	7						0		0	0	good		0	0	good	0				
15	A/Brisbane/17/2025_feb	6B.1A.5a.2a.1	D.3	D.3	5a.2a.1	HA1:10:NNS;HA1:23:NVT;HA1:87:NGT;HA1:162:NQT;HA1:276:NAT;HA1:287:NTS;HA2:154:NGT	0	good	41	0	0	0	0	0	18	0	0	0	4939	21	1721	0.9708904109589042	false	G170A,G209A,A231C,C281A,A293G,A429G,C480T,A491G,A496G,A542G,T620C,G627A,C636G,A662G,A717G,A742C,A827G,G847A,T851A,A900G,G950A,A968G,A994G,T1005C,A1010G,A1106C,G1139T,G1145A,A1185G,T1199C,G1286A,A1323G,T1347C,C1364T,G1406A,A1422C,T1450C,A1556G,C1601T,G1616T,T1630C				HA1:K54Q,HA1:T120A,HA1:P137S,HA1:K142R,HA1:A186T,HA1:Q189E,HA1:T216A,HA1:E224A,HA1:R259K,HA1:D260E,HA1:T277A,HA1:K308R,HA2:E29D,HA2:I45V,HA2:I91V,HA2:N124H,HA2:I133T,HA2:V193A					G209A,A491G,G1406A,A1616T	0	0	4	4		NODE_00000130.00	G209A,C281A,A293G,A429G,A491G,A662G,A717G,T1005C,A1010G,A1106C,A1185G,G1286A,G1406A,T1450C,A1556G,A1616T,T1630C		HA1:T120A,HA1:T216A,HA2:I45V,HA2:I133T,HA2:V193A		NODE_00000130.00	G209A,C281A,A293G,A429G,A491G,A662G,A717G,T1005C,A1010G,A1106C,A1185G,G1286A,G1406A,T1450C,A1556G,A1616T,T1630C		HA1:T120A,HA1:T216A,HA2:I45V,HA2:I133T,HA2:V193A		NODE_0000077-1.00	G209A,T255C,C281A,A491G,A662G,A1106C,G1286A,G1406A,T1450C,A1556G,A1616T,T1630C		HA2:I133T,HA2:V193A		NODE_0000077-1.00	G209A,T255C,C281A,A491G,A662G,A1106C,G1286A,G1406A,T1450C,A1556G,A1616T,T1630C		HA2:I133T,HA2:V193A								4	0	good	0	15	-1	0	good	4						0		0	0	good		0	0	good	0				
19	A/Darwin/230/2025_feb	6B.1A.5a.2a.1	D.3	D.3	5a.2a.1	HA1:10:NNS;HA1:23:NVT;HA1:87:NGT;HA1:162:NQT;HA1:276:NAT;HA1:287:NTS;HA2:154:NGT	0	good	41	0	0	0	0	0	20	0	0	0	4939	21	1721	0.9708904109589042	false	G170A,A231C,C281A,A293G,A429G,C480T,A496G,A542G,C546T,T620C,G627A,C636G,A662G,A717G,A742C,A827G,G847A,T851A,A900G,G950A,A968G,A994G,T1005C,A1010G,A1106C,G1139T,G1145A,A1185G,T1199C,G1286A,A1323G,T1347C,C1364T,G1416A,A1422C,T1450C,A1556G,C1601T,G1616T,T1630C,C1673T				HA1:K54Q,HA1:T120A,HA1:P137S,HA1:K142R,HA1:P159S,HA1:A186T,HA1:Q189E,HA1:T216A,HA1:E224A,HA1:R259K,HA1:D260E,HA1:T277A,HA1:K308R,HA2:E29D,HA2:I45V,HA2:I91V,HA2:V122I,HA2:N124H,HA2:I133T,HA2:V193A					C546T,G1416A,A1616T,C1673T	0	0	4	4		NODE_00000130.00	C281A,A293G,A429G,C546T,A662G,A717G,T1005C,A1010G,A1106C,A1185G,G1286A,G1416A,T1450C,A1556G,A1616T,T1630C,C1673T		HA1:T120A,HA1:P159S,HA1:T216A,HA2:I45V,HA2:V122I,HA2:I133T,HA2:V193A		NODE_00000130.00	C281A,A293G,A429G,C546T,A662G,A717G,T1005C,A1010G,A1106C,A1185G,G1286A,G1416A,T1450C,A1556G,A1616T,T1630C,C1673T		HA1:T120A,HA1:P159S,HA1:T216A,HA2:I45V,HA2:V122I,HA2:I133T,HA2:V193A		NODE_0000077-1.00	T255C,C281A,C546T,A662G,A1106C,G1286A,G1416A,T1450C,A1556G,A1616T,T1630C,C1673T		HA1:P159S,HA2:V122I,HA2:I133T,HA2:V193A		NODE_0000077-1.00	T255C,C281A,C546T,A662G,A1106C,G1286A,G1416A,T1450C,A1556G,A1616T,T1630C,C1673T		HA1:P159S,HA2:V122I,HA2:I133T,HA2:V193A								4	0	good	0	15	-1	0	good	4						0		0	0	good		0	0	good	0				
18	A/Canberra/108/2025_feb_o	6B.1A.5a.2a.1	D.3	D.3	5a.2a.1	HA1:10:NNS;HA1:23:NVT;HA1:87:NGT;HA1:162:NQT;HA1:276:NAT;HA1:287:NTS;HA2:154:NGT	0	good	42	0	0	0	0	0	20	0	0	0	4935	21	1721	0.9708904109589042	false	A51G,C129A,G170A,A231C,A293G,A408C,A429G,C480T,A496G,A542G,T620C,G627A,C636G,A662G,A717G,A742C,A827G,G847A,T851A,A900G,G950A,A968G,A994G,T1005C,A1010G,T1023C,G1091A,A1106C,G1139T,G1145A,A1185G,T1199C,G1286A,A1323G,T1347C,C1364T,A1422C,T1450C,A1556G,C1601T,G1616A,T1630C				HA1:L20I,HA1:K54Q,HA1:T120A,HA1:P137S,HA1:K142R,HA1:A186T,HA1:Q189E,HA1:T216A,HA1:E224A,HA1:R259K,HA1:D260E,HA1:T277A,HA1:K308R,HA2:E29D,HA2:I45V,HA2:I91V,HA2:N124H,HA2:I133T,HA2:V193A,SigPep:T11A					A51G,C129A,T1023C,G1091A	0	0	4	4		NODE_00000130.00	A51G,C129A,A293G,A408C,A429G,A662G,A717G,T1005C,A1010G,T1023C,G1091A,A1106C,A1185G,G1286A,T1450C,A1556G,T1630C		HA1:L20I,HA1:T120A,HA1:T216A,HA2:I45V,HA2:I133T,HA2:V193A,SigPep:T11A		NODE_00000130.00	A51G,C129A,A293G,A408C,A429G,A662G,A717G,T1005C,A1010G,T1023C,G1091A,A1106C,A1185G,G1286A,T1450C,A1556G,T1630C		HA1:L20I,HA1:T120A,HA1:T216A,HA2:I45V,HA2:I133T,HA2:V193A,SigPep:T11A		NODE_0000077-1.00	A51G,C129A,T255C,A408C,A662G,T1023C,G1091A,A1106C,G1286A,T1450C,A1556G,T1630C		HA1:L20I,HA2:I133T,HA2:V193A,SigPep:T11A		NODE_0000077-1.00	A51G,C129A,T255C,A408C,A662G,T1023C,G1091A,A1106C,G1286A,T1450C,A1556G,T1630C		HA1:L20I,HA2:I133T,HA2:V193A,SigPep:T11A								4	0	good	0	15	-1	0	good	4						0		0	0	good		0	0	good	0				
20	A/New_Caledonia/61/2024_dec_o	6B.1A.5a.2a	C.1.9.3	C.1.9.3	5a.2a	HA1:10:NNS;HA1:23:NVT;HA1:87:NGT;HA1:162:NQT;HA1:276:NTT;HA1:287:NTS;HA2:154:NGT	0	good	38	0	0	0	0	0	13	0	0	0	4951	21	1721	0.9708904109589042	false	T167C,G170A,G174A,G209T,A231C,A290G,G311A,T318C,G338T,G368A,A429G,A576C,T620C,G627A,C636G,A742C,A815T,G847A,A968G,A992G,A994G,T1023C,A1052G,A1058G,G1142A,T1199C,A1288G,A1323G,T1347C,C1385T,C1442T,T1600C,C1601T,T1610C,T1611C,G1616A,A1646G,T1688C				HA1:D35N,HA1:K54Q,HA1:S83P,HA1:T120A,HA1:K169Q,HA1:A186T,HA1:Q189E,HA1:E224A,HA1:R259K,HA1:K308R,HA2:N79S,HA2:I91V,HA2:I183T					G174A,G368A,A1052G,A1288G	0	0	4	4		NODE_0000790-1.00	T167C,G174A,G209T,A290G,G311A,T318C,G338T,G368A,A429G,A576C,T620C,A815T,A992G,T1023C,A1052G,A1058G,G1142A,A1288G,A1323G,T1347C,C1385T,C1442T,T1600C,T1610C,T1611C,A1646G,T1688C		HA1:D35N,HA1:S83P,HA1:T120A,HA1:K169Q,HA2:N79S,HA2:I91V,HA2:I183T		NODE_0000790-1.00	T167C,G174A,G209T,A290G,G311A,T318C,G338T,G368A,A429G,A576C,T620C,A815T,A992G,T1023C,A1052G,A1058G,G1142A,A1288G,A1323G,T1347C,C1385T,C1442T,T1600C,T1610C,T1611C,A1646G,T1688C		HA1:D35N,HA1:S83P,HA1:T120A,HA1:K169Q,HA2:N79S,HA2:I91V,HA2:I183T		NODE_0000616-1.00	T167C,G174A,G209T,A290G,G368A,A815T,A1052G,G1142A,A1288G		HA1:D35N,HA2:N79S		NODE_0000616-1.00	T167C,G174A,G209T,A290G,G368A,A815T,A1052G,G1142A,A1288G		HA1:D35N,HA2:N79S								4	0	good	0	15	-1	0	good	4						0		0	0	good		0	0	good	0				
21	A/Darwin/131/2025_feb	6B.1A.5a.2a	C.1.9.3	C.1.9.3	5a.2a	HA1:10:NNS;HA1:23:NVT;HA1:87:NGT;HA1:162:NQT;HA1:276:NTT;HA1:287:NTS;HA2:154:NGT	0	good	39	0	0	0	0	0	13	0	0	0	4947	21	1721	0.9708904109589042	false	C64T,G170A,A231C,G311A,T318C,T320C,G338T,G368A,A429G,T479C,A567G,A576C,T620C,G627A,C636G,G695A,A742C,G847A,T878C,C887T,G911A,A968G,A992G,A994G,T1023C,A1058G,T1199C,A1323G,T1347C,C1364T,C1385T,C1442T,T1600C,C1601T,T1610C,T1611C,G1616A,A1646G,T1688C				HA1:K54Q,HA1:S83P,HA1:T120A,HA1:I166V,HA1:K169Q,HA1:A186T,HA1:Q189E,HA1:E224A,HA1:R259K,HA1:K308R,HA2:I91V,HA2:I183T,SigPep:A15V					G368A,G695A,C887T,C1364T	0	0	4	4		NODE_0000790-1.00	C64T,G311A,T318C,T320C,G338T,G368A,A429G,T479C,A567G,A576C,T620C,G695A,T878C,C887T,G911A,A992G,T1023C,A1058G,A1323G,T1347C,C1364T,C1385T,C1442T,T1600C,T1610C,T1611C,A1646G,T1688C		HA1:S83P,HA1:T120A,HA1:I166V,HA1:K169Q,HA2:I91V,HA2:I183T,SigPep:A15V		NODE_0000790-1.00	C64T,G311A,T318C,T320C,G338T,G368A,A429G,T479C,A567G,A576C,T620C,G695A,T878C,C887T,G911A,A992G,T1023C,A1058G,A1323G,T1347C,C1364T,C1385T,C1442T,T1600C,T1610C,T1611C,A1646G,T1688C		HA1:S83P,HA1:T120A,HA1:I166V,HA1:K169Q,HA2:I91V,HA2:I183T,SigPep:A15V		NODE_0000616-1.00	C64T,T320C,G368A,T479C,A567G,G695A,T878C,C887T,G911A,C1364T		HA1:I166V,SigPep:A15V		NODE_0000616-1.00	C64T,T320C,G368A,T479C,A567G,G695A,T878C,C887T,G911A,C1364T		HA1:I166V,SigPep:A15V								4	0	good	0	15	-1	0	good	4						0		0	0	good		0	0	good	0				
22	A/New_Caledonia/50/2024_dec	6B.1A.5a.2a	C.1.9.3	C.1.9.3	5a.2a	HA1:10:NNS;HA1:23:NVT;HA1:87:NGT;HA1:162:NQT;HA1:276:NTT;HA1:287:NTS;HA2:154:NGT	0	good	38	0	0	0	0	0	13	0	0	0	4951	21	1721	0.9708904109589042	false	T167C,G170A,G174A,G209T,A231C,A290G,G311A,T318C,G338T,G368A,A429G,A576C,T620C,G627A,C636G,A742C,A815T,G847A,A968G,A992G,A994G,T1023C,A1052G,A1058G,G1142A,T1199C,A1288G,A1323G,T1347C,C1385T,C1442T,T1600C,C1601T,T1610C,T1611C,G1616A,A1646G,T1688C				HA1:D35N,HA1:K54Q,HA1:S83P,HA1:T120A,HA1:K169Q,HA1:A186T,HA1:Q189E,HA1:E224A,HA1:R259K,HA1:K308R,HA2:N79S,HA2:I91V,HA2:I183T					G174A,G368A,A1052G,A1288G	0	0	4	4		NODE_0000790-1.00	T167C,G174A,G209T,A290G,G311A,T318C,G338T,G368A,A429G,A576C,T620C,A815T,A992G,T1023C,A1052G,A1058G,G1142A,A1288G,A1323G,T1347C,C1385T,C1442T,T1600C,T1610C,T1611C,A1646G,T1688C		HA1:D35N,HA1:S83P,HA1:T120A,HA1:K169Q,HA2:N79S,HA2:I91V,HA2:I183T		NODE_0000790-1.00	T167C,G174A,G209T,A290G,G311A,T318C,G338T,G368A,A429G,A576C,T620C,A815T,A992G,T1023C,A1052G,A1058G,G1142A,A1288G,A1323G,T1347C,C1385T,C1442T,T1600C,T1610C,T1611C,A1646G,T1688C		HA1:D35N,HA1:S83P,HA1:T120A,HA1:K169Q,HA2:N79S,HA2:I91V,HA2:I183T		NODE_0000616-1.00	T167C,G174A,G209T,A290G,G368A,A815T,A1052G,G1142A,A1288G		HA1:D35N,HA2:N79S		NODE_0000616-1.00	T167C,G174A,G209T,A290G,G368A,A815T,A1052G,G1142A,A1288G		HA1:D35N,HA2:N79S								4	0	good	0	15	-1	0	good	4						0		0	0	good		0	0	good	0				
23	A/Canberra/7/2025_jan	6B.1A.5a.2a	C.1.9.3	C.1.9.3	5a.2a	HA1:10:NNS;HA1:23:NVT;HA1:87:NGT;HA1:162:NQT;HA1:276:NTT;HA1:287:NTS;HA2:154:NGT	0	good	33	0	0	0	0	0	13	0	0	0	4971	21	1721	0.9708904109589042	false	C64T,G170A,A231C,G311A,T318C,T320C,G338T,A429G,T479C,A567G,A576C,T620C,G627A,C636G,A742C,G847A,A992G,A994G,T1023C,A1058G,C1118T,T1199C,A1323G,T1347C,C1385T,C1442T,T1600C,C1601T,T1610C,T1611C,G1616A,A1646G,T1688C				HA1:K54Q,HA1:S83P,HA1:T120A,HA1:I166V,HA1:K169Q,HA1:A186T,HA1:Q189E,HA1:E224A,HA1:R259K,HA1:K308R,HA2:I91V,HA2:I183T,SigPep:A15V					C1118T	0	0	1	1		NODE_0000790-1.00	C64T,G311A,T318C,T320C,G338T,A429G,T479C,A567G,A576C,T620C,G968A,A992G,T1023C,A1058G,C1118T,A1323G,T1347C,C1385T,C1442T,T1600C,T1610C,T1611C,A1646G,T1688C		HA1:S83P,HA1:T120A,HA1:I166V,HA1:K169Q,HA2:I91V,HA2:I183T,SigPep:A15V		NODE_0000790-1.00	C64T,G311A,T318C,T320C,G338T,A429G,T479C,A567G,A576C,T620C,G968A,A992G,T1023C,A1058G,C1118T,A1323G,T1347C,C1385T,C1442T,T1600C,T1610C,T1611C,A1646G,T1688C		HA1:S83P,HA1:T120A,HA1:I166V,HA1:K169Q,HA2:I91V,HA2:I183T,SigPep:A15V		NODE_0000616-1.00	C64T,T320C,T479C,A567G,G968A,C1118T		HA1:I166V,SigPep:A15V		NODE_0000616-1.00	C64T,T320C,T479C,A567G,G968A,C1118T		HA1:I166V,SigPep:A15V								4	0	good	0	15	-4	0	good	1						0		0	0	good		0	0	good	0				
24	A/Sydney/49/2025_feb	6B.1A.5a.2a.1	D.3	D.3	5a.2a.1	HA1:10:NNS;HA1:23:NVT;HA1:87:NGT;HA1:162:NQT;HA1:276:NAT;HA1:287:NTS;HA2:154:NGT	0	good	39	0	0	0	0	0	19	0	0	0	4947	21	1721	0.9708904109589042	false	G170A,A231C,C281A,A293G,G409A,A429G,C480T,A496G,A542G,T620C,G627A,C636G,A662G,A717G,A742C,A827G,G847A,T851A,A900G,G950A,A968G,A994G,T1005C,A1010G,A1106C,G1139T,G1145A,A1185G,T1199C,G1286A,A1323G,T1347C,C1364T,A1422C,T1450C,A1556G,C1601T,G1616A,T1630C				HA1:K54Q,HA1:R113K,HA1:T120A,HA1:P137S,HA1:K142R,HA1:A186T,HA1:Q189E,HA1:T216A,HA1:E224A,HA1:R259K,HA1:D260E,HA1:T277A,HA1:K308R,HA2:E29D,HA2:I45V,HA2:I91V,HA2:N124H,HA2:I133T,HA2:V193A					G409A	0	0	1	1		NODE_00000130.00	C281A,A293G,G409A,A429G,A662G,A717G,T1005C,A1010G,A1106C,A1185G,G1286A,T1450C,A1556G,T1630C		HA1:R113K,HA1:T120A,HA1:T216A,HA2:I45V,HA2:I133T,HA2:V193A		NODE_00000130.00	C281A,A293G,G409A,A429G,A662G,A717G,T1005C,A1010G,A1106C,A1185G,G1286A,T1450C,A1556G,T1630C		HA1:R113K,HA1:T120A,HA1:T216A,HA2:I45V,HA2:I133T,HA2:V193A		NODE_0000077-1.00	T255C,C281A,G409A,A662G,A1106C,G1286A,T1450C,A1556G,T1630C		HA1:R113K,HA2:I133T,HA2:V193A		NODE_0000077-1.00	T255C,C281A,G409A,A662G,A1106C,G1286A,T1450C,A1556G,T1630C		HA1:R113K,HA2:I133T,HA2:V193A								4	0	good	0	15	-4	0	good	1						0		0	0	good		0	0	good	0				
25	A/Victoria/3296/2024_sep_o	6B.1A.5a.2a	C.1.9.1	C.1.9.1	5a.2a	HA1:10:NNS;HA1:23:NVT;HA1:87:NGT;HA1:162:NQT;HA1:276:NTT;HA1:287:NTS;HA2:154:NGT	0	good	27	0	0	0	0	0	10	0	0	0	4995	21	1721	0.9708904109589042	false	G170A,A231C,G338T,A429G,C480T,A576C,T620C,G627A,C636G,A686G,A742C,G847A,T959C,A968G,A992G,A994G,T1023C,T1040C,G1142A,T1199C,A1323G,T1347C,C1442T,C1601T,G1616A,A1646G,C1673T				HA1:K54Q,HA1:T120A,HA1:P137S,HA1:K169Q,HA1:A186T,HA1:Q189E,HA1:E224A,HA1:R259K,HA1:K308R,HA2:I91V						0	0	0	0		NODE_0000790-1.00	G338T,A429G,C480T,A576C,T620C,A686G,T959C,A992G,T1023C,T1040C,G1142A,A1323G,T1347C,C1442T,A1646G,C1673T		HA1:T120A,HA1:P137S,HA1:K169Q,HA2:I91V		NODE_0000790-1.00	G338T,A429G,C480T,A576C,T620C,A686G,T959C,A992G,T1023C,T1040C,G1142A,A1323G,T1347C,C1442T,A1646G,C1673T		HA1:T120A,HA1:P137S,HA1:K169Q,HA2:I91V		NODE_00005070.00					NODE_00005070.00											4	0	good	0	15	-5	0	good	0						0		0	0	good		0	0	good	0				
26	A/Victoria/159/2025_jan	6B.1A.5a.2a	C.1.9.3	C.1.9.3	5a.2a	HA1:10:NNS;HA1:23:NVT;HA1:87:NGT;HA1:162:NQT;HA1:276:NTT;HA1:287:NTS;HA2:154:NGT	0	good	34	0	0	0	0	0	13	0	0	0	4967	21	1721	0.9708904109589042	false	A30G,G170A,A231C,G311A,T318C,G338T,A429G,C452T,G470C,A576C,T620C,G627A,C636G,A742C,G847A,G918C,G962T,A968G,A992G,A994G,T1023C,A1058G,T1199C,A1323G,T1347C,C1385T,C1442T,T1600C,C1601T,T1610C,T1611C,G1616A,A1646G,T1688C				HA1:K54Q,HA1:S83P,HA1:T120A,HA1:K169Q,HA1:A186T,HA1:Q189E,HA1:E224A,HA1:R259K,HA1:E283Q,HA1:K308R,HA2:I91V,HA2:I183T,SigPep:I4V					A30G,G962T	0	0	2	2		NODE_0000790-1.00	A30G,G311A,T318C,G338T,A429G,C452T,G470C,A576C,T620C,G918C,G962T,A992G,T1023C,A1058G,A1323G,T1347C,C1385T,C1442T,T1600C,T1610C,T1611C,A1646G,T1688C		HA1:S83P,HA1:T120A,HA1:K169Q,HA1:E283Q,HA2:I91V,HA2:I183T,SigPep:I4V		NODE_0000790-1.00	A30G,G311A,T318C,G338T,A429G,C452T,G470C,A576C,T620C,G918C,G962T,A992G,T1023C,A1058G,A1323G,T1347C,C1385T,C1442T,T1600C,T1610C,T1611C,A1646G,T1688C		HA1:S83P,HA1:T120A,HA1:K169Q,HA1:E283Q,HA2:I91V,HA2:I183T,SigPep:I4V		NODE_0000616-1.00	A30G,C452T,G470C,G918C,G962T		HA1:E283Q,SigPep:I4V		NODE_0000616-1.00	A30G,C452T,G470C,G918C,G962T		HA1:E283Q,SigPep:I4V								4	0	good	0	15	-3	0	good	2						0		0	0	good		0	0	good	0				
27	A/Nepal/N1428/2024_aug	6B.1A.5a.2a	C.1.9	C.1.9	5a.2a	HA1:10:NNS;HA1:23:NVT;HA1:87:NGT;HA1:162:NQT;HA1:276:NTT;HA1:287:NTS;HA2:154:NGT	4	good	36	0	0	0	0	0	11	0	0	0	4959	21	1721	0.9708904109589042	false	C122T,G170A,A231C,G311A,A326T,G338T,A429G,A576C,T620C,G627A,C636G,A742C,T758C,T806A,G847A,G849A,A968G,A992G,A994G,T1023C,A1058G,C1118T,T1199C,A1323G,T1347C,C1385T,A1415G,C1442T,A1541T,T1600C,C1601T,T1610C,T1611C,G1616A,A1646G,T1688C				HA1:K54Q,HA1:T120A,HA1:K169Q,HA1:A186T,HA1:Q189E,HA1:E224A,HA1:R259K,HA1:D260N,HA1:K308R,HA2:I91V,HA2:I183T					C122T,A326T,T758C,T806A,G849A,C1118T,A1415G,A1541T	0	0	8	8		NODE_0000790-1.00	C122T,G311A,A326T,G338T,A429G,A576C,T620C,T758C,T806A,G849A,A992G,T1023C,A1058G,C1118T,A1323G,T1347C,C1385T,A1415G,C1442T,A1541T,T1600C,T1610C,T1611C,A1646G,T1688C		HA1:T120A,HA1:K169Q,HA1:D260N,HA2:I91V,HA2:I183T		NODE_0000790-1.00	C122T,G311A,A326T,G338T,A429G,A576C,T620C,T758C,T806A,G849A,A992G,T1023C,A1058G,C1118T,A1323G,T1347C,C1385T,A1415G,C1442T,A1541T,T1600C,T1610C,T1611C,A1646G,T1688C		HA1:T120A,HA1:K169Q,HA1:D260N,HA2:I91V,HA2:I183T		NODE_00004750.00	C122T,G311A,A326T,T758C,T806A,G849A,A1058G,C1118T,C1385T,A1415G,A1541T,T1600C,T1610C,T1611C,T1688C		HA1:D260N,HA2:I183T		NODE_00004750.00	C122T,G311A,A326T,T758C,T806A,G849A,A1058G,C1118T,C1385T,A1415G,A1541T,T1600C,T1610C,T1611C,T1688C		HA1:D260N,HA2:I183T								4	0	good	0	15	3	20	good	8						0		0	0	good		0	0	good	0				
28	A/Victoria/155/2025_jan	6B.1A.5a.2a	C.1.9.3	C.1.9.3	5a.2a	HA1:10:NNS;HA1:23:NVT;HA1:87:NGT;HA1:162:NQT;HA1:276:NTT;HA1:287:NTS;HA2:154:NGT	0	good	31	0	0	0	0	0	11	0	0	0	4979	21	1721	0.9708904109589042	false	G170A,A231C,G311A,T318C,G338T,A429G,A576C,T620C,G627A,C636G,A742C,A815T,C836T,G847A,A968G,A992G,A994G,T1023C,A1058G,T1199C,A1323G,T1347C,C1385T,C1442T,T1600C,C1601T,T1610C,T1611C,G1616A,A1646G,T1688C				HA1:K54Q,HA1:S83P,HA1:T120A,HA1:K169Q,HA1:A186T,HA1:Q189E,HA1:E224A,HA1:R259K,HA1:K308R,HA2:I91V,HA2:I183T					C836T	0	0	1	1		NODE_0000790-1.00	G311A,T318C,G338T,A429G,A576C,T620C,A815T,C836T,A992G,T1023C,A1058G,A1323G,T1347C,C1385T,C1442T,T1600C,T1610C,T1611C,A1646G,T1688C		HA1:S83P,HA1:T120A,HA1:K169Q,HA2:I91V,HA2:I183T		NODE_0000790-1.00	G311A,T318C,G338T,A429G,A576C,T620C,A815T,C836T,A992G,T1023C,A1058G,A1323G,T1347C,C1385T,C1442T,T1600C,T1610C,T1611C,A1646G,T1688C		HA1:S83P,HA1:T120A,HA1:K169Q,HA2:I91V,HA2:I183T		NODE_0000616-1.00	A815T,C836T				NODE_0000616-1.00	A815T,C836T										4	0	good	0	15	-4	0	good	1						0		0	0	good		0	0	good	0				
29	A/New_Caledonia/60/2024_dec	6B.1A.5a.2a	C.1.9.3	C.1.9.3	5a.2a	HA1:10:NNS;HA1:23:NVT;HA1:87:NGT;HA1:162:NQT;HA1:276:NTT;HA1:287:NTS;HA2:154:NGT	0	good	38	0	0	0	0	0	13	0	0	0	4951	21	1721	0.9708904109589042	false	T167C,G170A,G174A,G209T,A231C,A290G,G311A,T318C,G338T,G368A,A429G,A576C,T620C,G627A,C636G,A742C,A815T,G847A,A968G,A992G,A994G,T1023C,A1052G,A1058G,G1142A,T1199C,A1288G,A1323G,T1347C,C1385T,C1442T,T1600C,C1601T,T1610C,T1611C,G1616A,A1646G,T1688C				HA1:D35N,HA1:K54Q,HA1:S83P,HA1:T120A,HA1:K169Q,HA1:A186T,HA1:Q189E,HA1:E224A,HA1:R259K,HA1:K308R,HA2:N79S,HA2:I91V,HA2:I183T					G174A,G368A,A1052G,A1288G	0	0	4	4		NODE_0000790-1.00	T167C,G174A,G209T,A290G,G311A,T318C,G338T,G368A,A429G,A576C,T620C,A815T,A992G,T1023C,A1052G,A1058G,G1142A,A1288G,A1323G,T1347C,C1385T,C1442T,T1600C,T1610C,T1611C,A1646G,T1688C		HA1:D35N,HA1:S83P,HA1:T120A,HA1:K169Q,HA2:N79S,HA2:I91V,HA2:I183T		NODE_0000790-1.00	T167C,G174A,G209T,A290G,G311A,T318C,G338T,G368A,A429G,A576C,T620C,A815T,A992G,T1023C,A1052G,A1058G,G1142A,A1288G,A1323G,T1347C,C1385T,C1442T,T1600C,T1610C,T1611C,A1646G,T1688C		HA1:D35N,HA1:S83P,HA1:T120A,HA1:K169Q,HA2:N79S,HA2:I91V,HA2:I183T		NODE_0000616-1.00	T167C,G174A,G209T,A290G,G368A,A815T,A1052G,G1142A,A1288G		HA1:D35N,HA2:N79S		NODE_0000616-1.00	T167C,G174A,G209T,A290G,G368A,A815T,A1052G,G1142A,A1288G		HA1:D35N,HA2:N79S								4	0	good	0	15	-1	0	good	4						0		0	0	good		0	0	good	0				
30	A/Darwin/204A/2025_feb	6B.1A.5a.2a	C.1.9.3	C.1.9.3	5a.2a	HA1:10:NNS;HA1:23:NVT;HA1:87:NGT;HA1:162:NQT;HA1:276:NTT;HA1:287:NTS;HA2:154:NGT	0	good	39	0	0	0	0	0	13	0	0	0	4947	21	1721	0.9708904109589042	false	C64T,G170A,A231C,G311A,T318C,T320C,G338T,G368A,A429G,T479C,A567G,A576C,T620C,G627A,C636G,G695A,A742C,G847A,T878C,C887T,G911A,A968G,A992G,A994G,T1023C,A1058G,T1199C,A1323G,T1347C,C1364T,C1385T,C1442T,T1600C,C1601T,T1610C,T1611C,G1616A,A1646G,T1688C				HA1:K54Q,HA1:S83P,HA1:T120A,HA1:I166V,HA1:K169Q,HA1:A186T,HA1:Q189E,HA1:E224A,HA1:R259K,HA1:K308R,HA2:I91V,HA2:I183T,SigPep:A15V					G368A,G695A,C887T,C1364T	0	0	4	4		NODE_0000790-1.00	C64T,G311A,T318C,T320C,G338T,G368A,A429G,T479C,A567G,A576C,T620C,G695A,T878C,C887T,G911A,A992G,T1023C,A1058G,A1323G,T1347C,C1364T,C1385T,C1442T,T1600C,T1610C,T1611C,A1646G,T1688C		HA1:S83P,HA1:T120A,HA1:I166V,HA1:K169Q,HA2:I91V,HA2:I183T,SigPep:A15V		NODE_0000790-1.00	C64T,G311A,T318C,T320C,G338T,G368A,A429G,T479C,A567G,A576C,T620C,G695A,T878C,C887T,G911A,A992G,T1023C,A1058G,A1323G,T1347C,C1364T,C1385T,C1442T,T1600C,T1610C,T1611C,A1646G,T1688C		HA1:S83P,HA1:T120A,HA1:I166V,HA1:K169Q,HA2:I91V,HA2:I183T,SigPep:A15V		NODE_0000616-1.00	C64T,T320C,G368A,T479C,A567G,G695A,T878C,C887T,G911A,C1364T		HA1:I166V,SigPep:A15V		NODE_0000616-1.00	C64T,T320C,G368A,T479C,A567G,G695A,T878C,C887T,G911A,C1364T		HA1:I166V,SigPep:A15V								4	0	good	0	15	-1	0	good	4						0		0	0	good		0	0	good	0				
31	A/Philippines/27/2024_nov_o	6B.1A.5a.2a	C.1.9	C.1.9	5a.2a	HA1:10:NNS;HA1:23:NVT;HA1:87:NGT;HA1:162:NQT;HA1:276:NTT;HA1:287:NTS;HA2:154:NGT	0	good	27	0	0	0	0	0	9	0	0	0	4995	21	1721	0.9708904109589042	false	G170A,A231C,G311A,G338T,A429G,T575C,A576C,T620C,G627A,C636G,A742C,G847A,T899C,A968G,A992G,A994G,T1023C,G1142A,T1199C,C1317T,A1323G,T1347C,C1385T,C1442T,C1601T,G1616A,A1646G				HA1:K54Q,HA1:T120A,HA1:K169Q,HA1:A186T,HA1:Q189E,HA1:E224A,HA1:R259K,HA1:K308R,HA2:I91V					T899C,G1142A,C1317T	0	0	3	3		NODE_0000790-1.00	G311A,G338T,A429G,T575C,A576C,T620C,T899C,A992G,T1023C,G1142A,C1317T,A1323G,T1347C,C1385T,C1442T,A1646G		HA1:T120A,HA1:K169Q,HA2:I91V		NODE_0000790-1.00	G311A,G338T,A429G,T575C,A576C,T620C,T899C,A992G,T1023C,G1142A,C1317T,A1323G,T1347C,C1385T,C1442T,A1646G		HA1:T120A,HA1:K169Q,HA2:I91V		NODE_00004750.00	G311A,T575C,T899C,G1142A,C1317T,C1385T				NODE_00004750.00	G311A,T575C,T899C,G1142A,C1317T,C1385T										4	0	good	0	15	-2	0	good	3						0		0	0	good		0	0	good	0				
32	A/Canberra/95/2025_feb_o	6B.1A.5a.2a	C.1.9.3	C.1.9.3	5a.2a	HA1:10:NNS;HA1:23:NVT;HA1:87:NGT;HA1:162:NQT;HA1:276:NTT;HA1:287:NTS;HA2:154:NGT	0	good	32	0	0	0	0	0	15	0	0	0	4975	21	1721	0.9708904109589042	false	C64T,G170A,A231C,T276C,G311A,T318C,G338T,A429G,C480T,A567G,A576C,T620C,G627A,C636G,A742C,G847A,A992G,A994G,T1023C,A1058G,T1199C,A1323G,T1347C,C1385T,C1442T,T1600C,C1601T,T1610C,T1611C,G1616A,A1646G,T1688C				HA1:K54Q,HA1:S69P,HA1:S83P,HA1:T120A,HA1:P137S,HA1:I166V,HA1:K169Q,HA1:A186T,HA1:Q189E,HA1:E224A,HA1:R259K,HA1:K308R,HA2:I91V,HA2:I183T,SigPep:A15V			G968A			1	0	0	1		NODE_0000790-1.00	C64T,T276C,G311A,T318C,G338T,A429G,C480T,A567G,A576C,T620C,G968A,A992G,T1023C,A1058G,A1323G,T1347C,C1385T,C1442T,T1600C,T1610C,T1611C,A1646G,T1688C		HA1:S69P,HA1:S83P,HA1:T120A,HA1:P137S,HA1:I166V,HA1:K169Q,HA2:I91V,HA2:I183T,SigPep:A15V		NODE_0000790-1.00	C64T,T276C,G311A,T318C,G338T,A429G,C480T,A567G,A576C,T620C,G968A,A992G,T1023C,A1058G,A1323G,T1347C,C1385T,C1442T,T1600C,T1610C,T1611C,A1646G,T1688C		HA1:S69P,HA1:S83P,HA1:T120A,HA1:P137S,HA1:I166V,HA1:K169Q,HA2:I91V,HA2:I183T,SigPep:A15V		NODE_0000616-1.00	C64T,T276C,C480T,A567G,G968A		HA1:S69P,HA1:P137S,HA1:I166V,SigPep:A15V		NODE_0000616-1.00	C64T,T276C,C480T,A567G,G968A		HA1:S69P,HA1:P137S,HA1:I166V,SigPep:A15V								4	0	good	0	15	-4	0	good	1						0		0	0	good		0	0	good	0				
33	A/Darwin/139/2025_feb	6B.1A.5a.2a	C.1.9.3	C.1.9.3	5a.2a	HA1:10:NNS;HA1:23:NVT;HA1:87:NRT;HA1:162:NQT;HA1:276:NTT;HA1:287:NTS;HA2:154:NGT	0.444444	good	41	0	0	0	0	0	14	0	0	0	4939	21	1721	0.9708904109589042	false	C64T,G170A,A231C,G311A,T318C,T320C,G333A,G338T,G368A,A429G,T479C,A567G,A576C,T620C,G627A,C636G,G695A,A742C,G847A,T878C,C887T,G911A,A968G,A992G,A994G,T1023C,A1058G,T1199C,T1250C,A1323G,T1347C,C1364T,C1385T,C1442T,T1600C,C1601T,T1610C,T1611C,G1616A,A1646G,T1688C				HA1:K54Q,HA1:S83P,HA1:G88R,HA1:T120A,HA1:I166V,HA1:K169Q,HA1:A186T,HA1:Q189E,HA1:E224A,HA1:R259K,HA1:K308R,HA2:I91V,HA2:I183T,SigPep:A15V					G333A,G368A,G695A,C887T,T1250C,C1364T	0	0	6	6		NODE_0000790-1.00	C64T,G311A,T318C,T320C,G333A,G338T,G368A,A429G,T479C,A567G,A576C,T620C,G695A,T878C,C887T,G911A,A992G,T1023C,A1058G,T1250C,A1323G,T1347C,C1364T,C1385T,C1442T,T1600C,T1610C,T1611C,A1646G,T1688C		HA1:S83P,HA1:G88R,HA1:T120A,HA1:I166V,HA1:K169Q,HA2:I91V,HA2:I183T,SigPep:A15V		NODE_0000790-1.00	C64T,G311A,T318C,T320C,G333A,G338T,G368A,A429G,T479C,A567G,A576C,T620C,G695A,T878C,C887T,G911A,A992G,T1023C,A1058G,T1250C,A1323G,T1347C,C1364T,C1385T,C1442T,T1600C,T1610C,T1611C,A1646G,T1688C		HA1:S83P,HA1:G88R,HA1:T120A,HA1:I166V,HA1:K169Q,HA2:I91V,HA2:I183T,SigPep:A15V		NODE_0000616-1.00	C64T,T320C,G333A,G368A,T479C,A567G,G695A,T878C,C887T,G911A,T1250C,C1364T		HA1:G88R,HA1:I166V,SigPep:A15V		NODE_0000616-1.00	C64T,T320C,G333A,G368A,T479C,A567G,G695A,T878C,C887T,G911A,T1250C,C1364T		HA1:G88R,HA1:I166V,SigPep:A15V								4	0	good	0	15	1	6.666667	good	6						0		0	0	good		0	0	good	0				
34	A/Victoria/239/2025_feb_o	6B.1A.5a.2a	C.1.9.3	C.1.9.3	5a.2a	HA1:10:NNS;HA1:23:NVT;HA1:87:NGT;HA1:162:NQT;HA1:276:NTT;HA1:287:NTS;HA2:154:NGT	0	good	36	0	0	0	0	0	12	0	0	0	4959	21	1721	0.9708904109589042	false	T167C,G170A,G209T,A231C,A290G,G311A,T318C,G338T,A429G,A576C,T620C,G627A,C636G,A742C,A787G,A815T,G847A,A968G,A992G,A994G,T1023C,A1058G,G1142A,T1199C,A1323G,T1347C,C1385T,C1442T,C1484T,T1600C,C1601T,T1610C,T1611C,G1616A,A1646G,T1688C				HA1:K54Q,HA1:S83P,HA1:T120A,HA1:K169Q,HA1:A186T,HA1:Q189E,HA1:E224A,HA1:K239R,HA1:R259K,HA1:K308R,HA2:I91V,HA2:I183T					A787G,C1484T	0	0	2	2		NODE_0000790-1.00	T167C,G209T,A290G,G311A,T318C,G338T,A429G,A576C,T620C,A787G,A815T,A992G,T1023C,A1058G,G1142A,A1323G,T1347C,C1385T,C1442T,C1484T,T1600C,T1610C,T1611C,A1646G,T1688C		HA1:S83P,HA1:T120A,HA1:K169Q,HA1:K239R,HA2:I91V,HA2:I183T		NODE_0000790-1.00	T167C,G209T,A290G,G311A,T318C,G338T,A429G,A576C,T620C,A787G,A815T,A992G,T1023C,A1058G,G1142A,A1323G,T1347C,C1385T,C1442T,C1484T,T1600C,T1610C,T1611C,A1646G,T1688C		HA1:S83P,HA1:T120A,HA1:K169Q,HA1:K239R,HA2:I91V,HA2:I183T		NODE_0000616-1.00	T167C,G209T,A290G,A787G,A815T,G1142A,C1484T		HA1:K239R		NODE_0000616-1.00	T167C,G209T,A290G,A787G,A815T,G1142A,C1484T		HA1:K239R								4	0	good	0	15	-3	0	good	2						0		0	0	good		0	0	good	0				
35	A/Darwin/289a/2025_mar_o	6B.1A.5a.2a	C.1.9.3	C.1.9.3	5a.2a	HA1:10:NNS;HA1:23:NVT;HA1:87:NGT;HA1:162:NQT;HA1:276:NTT;HA1:287:NTS;HA2:154:NGT	0	good	39	0	0	0	0	0	13	0	0	0	4947	21	1721	0.9708904109589042	false	C64T,G170A,A231C,G311A,T318C,T320C,G338T,G368A,A429G,T479C,A567G,A576C,T620C,G627A,C636G,G695A,A742C,G847A,T878C,C887T,G911A,A968G,A992G,A994G,T1023C,A1058G,T1199C,A1323G,T1347C,C1364T,C1385T,C1442T,T1600C,C1601T,T1610C,T1611C,G1616A,A1646G,T1688C				HA1:K54Q,HA1:S83P,HA1:T120A,HA1:I166V,HA1:K169Q,HA1:A186T,HA1:Q189E,HA1:E224A,HA1:R259K,HA1:K308R,HA2:I91V,HA2:I183T,SigPep:A15V					G368A,G695A,C887T,C1364T	0	0	4	4		NODE_0000790-1.00	C64T,G311A,T318C,T320C,G338T,G368A,A429G,T479C,A567G,A576C,T620C,G695A,T878C,C887T,G911A,A992G,T1023C,A1058G,A1323G,T1347C,C1364T,C1385T,C1442T,T1600C,T1610C,T1611C,A1646G,T1688C		HA1:S83P,HA1:T120A,HA1:I166V,HA1:K169Q,HA2:I91V,HA2:I183T,SigPep:A15V		NODE_0000790-1.00	C64T,G311A,T318C,T320C,G338T,G368A,A429G,T479C,A567G,A576C,T620C,G695A,T878C,C887T,G911A,A992G,T1023C,A1058G,A1323G,T1347C,C1364T,C1385T,C1442T,T1600C,T1610C,T1611C,A1646G,T1688C		HA1:S83P,HA1:T120A,HA1:I166V,HA1:K169Q,HA2:I91V,HA2:I183T,SigPep:A15V		NODE_0000616-1.00	C64T,T320C,G368A,T479C,A567G,G695A,T878C,C887T,G911A,C1364T		HA1:I166V,SigPep:A15V		NODE_0000616-1.00	C64T,T320C,G368A,T479C,A567G,G695A,T878C,C887T,G911A,C1364T		HA1:I166V,SigPep:A15V								4	0	good	0	15	-1	0	good	4						0		0	0	good		0	0	good	0				
37	A/Perth/13/2025_feb	6B.1A.5a.2a	C.1.9.1	C.1.9.1	5a.2a	HA1:10:NNS;HA1:23:NVT;HA1:87:NGT;HA1:162:NQT;HA1:276:NTT;HA1:287:NTS;HA2:154:NGT	0	good	31	0	0	0	0	0	11	0	0	0	4979	21	1721	0.9708904109589042	false	G170A,A231C,T241C,G338T,A429G,C480T,G524A,A560G,A576C,T620C,G627A,C636G,G677A,A686G,A742C,G847A,T959C,A968G,A992G,A994G,T1023C,T1040C,G1142A,T1199C,A1323G,T1347C,C1442T,C1601T,G1616A,A1646G,C1673T				HA1:K54Q,HA1:I57T,HA1:T120A,HA1:P137S,HA1:K169Q,HA1:A186T,HA1:Q189E,HA1:E224A,HA1:R259K,HA1:K308R,HA2:I91V					T241C,G524A,G677A	0	0	3	3		NODE_0000790-1.00	T241C,G338T,A429G,C480T,G524A,A560G,A576C,T620C,G677A,A686G,T959C,A992G,T1023C,T1040C,G1142A,A1323G,T1347C,C1442T,A1646G,C1673T		HA1:I57T,HA1:T120A,HA1:P137S,HA1:K169Q,HA2:I91V		NODE_0000790-1.00	T241C,G338T,A429G,C480T,G524A,A560G,A576C,T620C,G677A,A686G,T959C,A992G,T1023C,T1040C,G1142A,A1323G,T1347C,C1442T,A1646G,C1673T		HA1:I57T,HA1:T120A,HA1:P137S,HA1:K169Q,HA2:I91V		NODE_00005070.00	T241C,G524A,A560G,G677A		HA1:I57T		NODE_00005070.00	T241C,G524A,A560G,G677A		HA1:I57T								4	0	good	0	15	-2	0	good	3						0		0	0	good		0	0	good	0				
36	A/Perth/7/2025_jan	6B.1A.5a.2a.1	D.3	D.3	5a.2a.1	HA1:10:NNS;HA1:23:NVT;HA1:87:NGT;HA1:162:NQT;HA1:276:NAT;HA1:287:NTS;HA2:154:NGT	0	good	41	0	0	0	0	0	20	0	0	0	4939	21	1721	0.9708904109589042	false	G170A,A231C,C281A,A293G,G409A,A429G,C480T,C485T,A496G,A542G,T620C,G627A,C636G,T641G,A662G,A717G,A742C,A827G,G847A,T851A,A900G,G950A,A968G,A994G,T1005C,A1010G,A1106C,G1139T,G1145A,A1185G,T1199C,G1286A,A1323G,T1347C,C1364T,A1422C,T1450C,A1556G,C1601T,G1616A,T1630C				HA1:K54Q,HA1:R113K,HA1:T120A,HA1:P137S,HA1:K142R,HA1:A186T,HA1:Q189E,HA1:S190R,HA1:T216A,HA1:E224A,HA1:R259K,HA1:D260E,HA1:T277A,HA1:K308R,HA2:E29D,HA2:I45V,HA2:I91V,HA2:N124H,HA2:I133T,HA2:V193A					G409A,C485T,T641G	0	0	3	3		NODE_00000130.00	C281A,A293G,G409A,A429G,C485T,T641G,A662G,A717G,T1005C,A1010G,A1106C,A1185G,G1286A,T1450C,A1556G,T1630C		HA1:R113K,HA1:T120A,HA1:S190R,HA1:T216A,HA2:I45V,HA2:I133T,HA2:V193A		NODE_00000130.00	C281A,A293G,G409A,A429G,C485T,T641G,A662G,A717G,T1005C,A1010G,A1106C,A1185G,G1286A,T1450C,A1556G,T1630C		HA1:R113K,HA1:T120A,HA1:S190R,HA1:T216A,HA2:I45V,HA2:I133T,HA2:V193A		NODE_0000077-1.00	T255C,C281A,G409A,C485T,T641G,A662G,A1106C,G1286A,T1450C,A1556G,T1630C		HA1:R113K,HA1:S190R,HA2:I133T,HA2:V193A		NODE_0000077-1.00	T255C,C281A,G409A,C485T,T641G,A662G,A1106C,G1286A,T1450C,A1556G,T1630C		HA1:R113K,HA1:S190R,HA2:I133T,HA2:V193A								4	0	good	0	15	-2	0	good	3						0		0	0	good		0	0	good	0				
38	A/Canberra/42/2025_jan_e	6B.1A.5a.2a	C.1.9.3	C.1.9.3	5a.2a	HA1:10:NNS;HA1:23:NVT;HA1:87:NGT;HA1:162:NQT;HA1:276:NTT;HA1:287:NTS;HA2:154:NGT	0	good	36	0	0	0	0	0	12	0	0	0	4959	21	1721	0.9708904109589042	false	G26A,T167C,G170A,G209T,A231C,A290G,G311A,T318C,G338T,A429G,A576C,T620C,G627A,C636G,A639C,A742C,A815T,G847A,A968G,A992G,A994G,T1023C,A1058G,G1142A,T1199C,A1323G,T1347C,C1385T,C1442T,T1600C,C1601T,T1610C,T1611C,G1616A,A1646G,T1688C				HA1:K54Q,HA1:S83P,HA1:T120A,HA1:K169Q,HA1:A186T,HA1:Q189E,HA1:S190R,HA1:E224A,HA1:R259K,HA1:K308R,HA2:I91V,HA2:I183T					G26A,A639C	0	0	2	2		NODE_0000790-1.00	G26A,T167C,G209T,A290G,G311A,T318C,G338T,A429G,A576C,T620C,A639C,A815T,A992G,T1023C,A1058G,G1142A,A1323G,T1347C,C1385T,C1442T,T1600C,T1610C,T1611C,A1646G,T1688C		HA1:S83P,HA1:T120A,HA1:K169Q,HA1:S190R,HA2:I91V,HA2:I183T		NODE_0000790-1.00	G26A,T167C,G209T,A290G,G311A,T318C,G338T,A429G,A576C,T620C,A639C,A815T,A992G,T1023C,A1058G,G1142A,A1323G,T1347C,C1385T,C1442T,T1600C,T1610C,T1611C,A1646G,T1688C		HA1:S83P,HA1:T120A,HA1:K169Q,HA1:S190R,HA2:I91V,HA2:I183T		NODE_0000616-1.00	G26A,T167C,G209T,A290G,A639C,A815T,G1142A		HA1:S190R		NODE_0000616-1.00	G26A,T167C,G209T,A290G,A639C,A815T,G1142A		HA1:S190R								4	0	good	0	15	-3	0	good	2						0		0	0	good		0	0	good	0				
39	A/Victoria/242/2025_feb	6B.1A.5a.2a.1	D.3	D.3	5a.2a.1	HA1:10:NNS;HA1:23:NVT;HA1:87:NGT;HA1:162:NQT;HA1:276:NAT;HA1:287:NTS;HA2:154:NGT	0	good	39	0	0	0	0	0	18	0	0	0	4947	21	1721	0.9708904109589042	false	G170A,A231C,C281A,A293G,A429G,C480T,A496G,A542G,T620C,G627A,C636G,A662G,G704A,A717G,A742C,A827G,G847A,T851A,A900G,G950A,A968G,A994G,T1005C,A1010G,A1106C,G1139T,G1145A,A1185G,T1199C,G1286A,A1323G,T1347C,C1364T,A1422C,T1450C,A1556G,C1601T,G1616T,T1630C				HA1:K54Q,HA1:T120A,HA1:P137S,HA1:K142R,HA1:A186T,HA1:Q189E,HA1:T216A,HA1:E224A,HA1:R259K,HA1:D260E,HA1:T277A,HA1:K308R,HA2:E29D,HA2:I45V,HA2:I91V,HA2:N124H,HA2:I133T,HA2:V193A					G704A,A1616T	0	0	2	2		NODE_00000130.00	C281A,A293G,A429G,A662G,G704A,A717G,T1005C,A1010G,A1106C,A1185G,G1286A,T1450C,A1556G,A1616T,T1630C		HA1:T120A,HA1:T216A,HA2:I45V,HA2:I133T,HA2:V193A		NODE_00000130.00	C281A,A293G,A429G,A662G,G704A,A717G,T1005C,A1010G,A1106C,A1185G,G1286A,T1450C,A1556G,A1616T,T1630C		HA1:T120A,HA1:T216A,HA2:I45V,HA2:I133T,HA2:V193A		NODE_0000077-1.00	T255C,C281A,A662G,G704A,A1106C,G1286A,T1450C,A1556G,A1616T,T1630C		HA2:I133T,HA2:V193A		NODE_0000077-1.00	T255C,C281A,A662G,G704A,A1106C,G1286A,T1450C,A1556G,A1616T,T1630C		HA2:I133T,HA2:V193A								4	0	good	0	15	-3	0	good	2						0		0	0	good		0	0	good	0				
42	A/Canberra/53/2025_jan	6B.1A.5a.2a	C.1.9	C.1.9	5a.2a	HA1:10:NNS;HA1:23:NVT;HA1:87:NGT;HA1:162:NQT;HA1:276:NTT;HA1:287:NTS;HA2:154:NGT	0	good	31	0	0	0	0	0	10	0	0	0	4979	21	1721	0.9708904109589042	false	G170A,A231C,G311A,G338T,A429G,T575C,A576C,A617G,T620C,G627A,C636G,G695A,A697T,A742C,G847A,G920A,A968G,G974A,A992G,A994G,T1023C,T1199C,A1323G,T1347C,C1385T,C1442T,G1445A,C1601T,G1616A,A1646G,G1703A				HA1:K54Q,HA1:T120A,HA1:K169Q,HA1:A186T,HA1:Q189E,HA1:K209M,HA1:E224A,HA1:R259K,HA1:K308R,HA2:I91V			T857A		A617G,G920A,G974A,G1445A	1	0	4	5		NODE_0000790-1.00	G311A,G338T,A429G,T575C,A576C,A617G,T620C,G695A,A697T,G920A,G974A,A992G,T1023C,A1323G,T1347C,C1385T,C1442T,G1445A,A1646G,G1703A		HA1:T120A,HA1:K169Q,HA1:K209M,HA2:I91V		NODE_0000790-1.00	G311A,G338T,A429G,T575C,A576C,A617G,T620C,G695A,A697T,G920A,G974A,A992G,T1023C,A1323G,T1347C,C1385T,C1442T,G1445A,A1646G,G1703A		HA1:T120A,HA1:K169Q,HA1:K209M,HA2:I91V		NODE_00004750.00	G311A,T575C,A617G,G695A,A697T,G920A,G974A,C1385T,G1445A,G1703A		HA1:K209M		NODE_00004750.00	G311A,T575C,A617G,G695A,A697T,G920A,G974A,C1385T,G1445A,G1703A		HA1:K209M								4	0	good	0	15	0	0	good	5						0		0	0	good		0	0	good	0				
40	A/Canberra/89/2025_feb_o	6B.1A.5a.2a	C.1.9.3	C.1.9.3	5a.2a	HA1:10:NNS;HA1:23:NVT;HA1:87:NGT;HA1:162:NQT;HA1:276:NTT;HA1:287:NTS;HA2:154:NGT	0	good	36	0	0	0	0	0	13	0	0	0	4959	21	1721	0.9708904109589042	false	G170A,A231C,A290G,G311A,T318C,G338T,A429G,A576C,T620C,G627A,C636G,A742C,A815T,G847A,A848G,C887T,A968G,A992G,A994G,T1023C,A1058G,G1142A,T1199C,C1290A,A1323G,T1347C,G1350A,C1385T,C1442T,T1600C,C1601T,T1610C,T1611C,G1616A,A1646G,T1688C				HA1:K54Q,HA1:S83P,HA1:T120A,HA1:K169Q,HA1:A186T,HA1:Q189E,HA1:E224A,HA1:R259K,HA1:K308R,HA2:L80I,HA2:I91V,HA2:V100I,HA2:I183T			T209G		A848G,C887T,C1290A,G1350A	1	0	4	5		NODE_0000790-1.00	A290G,G311A,T318C,G338T,A429G,A576C,T620C,A815T,A848G,C887T,A992G,T1023C,A1058G,G1142A,C1290A,A1323G,T1347C,G1350A,C1385T,C1442T,T1600C,T1610C,T1611C,A1646G,T1688C		HA1:S83P,HA1:T120A,HA1:K169Q,HA2:L80I,HA2:I91V,HA2:V100I,HA2:I183T		NODE_0000790-1.00	A290G,G311A,T318C,G338T,A429G,A576C,T620C,A815T,A848G,C887T,A992G,T1023C,A1058G,G1142A,C1290A,A1323G,T1347C,G1350A,C1385T,C1442T,T1600C,T1610C,T1611C,A1646G,T1688C		HA1:S83P,HA1:T120A,HA1:K169Q,HA2:L80I,HA2:I91V,HA2:V100I,HA2:I183T		NODE_0000616-1.00	A290G,A815T,A848G,C887T,G1142A,C1290A,G1350A		HA2:L80I,HA2:V100I		NODE_0000616-1.00	A290G,A815T,A848G,C887T,G1142A,C1290A,G1350A		HA2:L80I,HA2:V100I								4	0	good	0	15	0	0	good	5						0		0	0	good		0	0	good	0				
41	A/New_Caledonia/54/2024_dec_o	6B.1A.5a.2a	C.1.9.3	C.1.9.3	5a.2a	HA1:10:NNS;HA1:23:NVT;HA1:87:NGT;HA1:162:NQT;HA1:276:NTT;HA1:287:NTS;HA2:154:NGT	0	good	37	0	0	0	0	0	12	0	0	0	4955	21	1721	0.9708904109589042	false	T167C,G170A,G174A,G209T,A231C,A290G,G311A,T318C,G338T,G368A,A429G,A576C,T620C,G627A,C636G,A742C,A815T,G847A,A968G,A992G,A994G,T1023C,A1052G,A1058G,G1142A,T1199C,A1323G,T1347C,C1385T,C1442T,T1600C,C1601T,T1610C,T1611C,G1616A,A1646G,T1688C				HA1:D35N,HA1:K54Q,HA1:S83P,HA1:T120A,HA1:K169Q,HA1:A186T,HA1:Q189E,HA1:E224A,HA1:R259K,HA1:K308R,HA2:I91V,HA2:I183T					G174A,G368A,A1052G	0	0	3	3		NODE_0000790-1.00	T167C,G174A,G209T,A290G,G311A,T318C,G338T,G368A,A429G,A576C,T620C,A815T,A992G,T1023C,A1052G,A1058G,G1142A,A1323G,T1347C,C1385T,C1442T,T1600C,T1610C,T1611C,A1646G,T1688C		HA1:D35N,HA1:S83P,HA1:T120A,HA1:K169Q,HA2:I91V,HA2:I183T		NODE_0000790-1.00	T167C,G174A,G209T,A290G,G311A,T318C,G338T,G368A,A429G,A576C,T620C,A815T,A992G,T1023C,A1052G,A1058G,G1142A,A1323G,T1347C,C1385T,C1442T,T1600C,T1610C,T1611C,A1646G,T1688C		HA1:D35N,HA1:S83P,HA1:T120A,HA1:K169Q,HA2:I91V,HA2:I183T		NODE_0000616-1.00	T167C,G174A,G209T,A290G,G368A,A815T,A1052G,G1142A		HA1:D35N		NODE_0000616-1.00	T167C,G174A,G209T,A290G,G368A,A815T,A1052G,G1142A		HA1:D35N								4	0	good	0	15	-2	0	good	3						0		0	0	good		0	0	good	0				
43	A/Victoria/225/2025_jan	6B.1A.5a.2a	C.1.9.1	C.1.9.1	5a.2a	HA1:10:NNS;HA1:23:NVT;HA1:87:NGT;HA1:162:NQT;HA1:276:NTT;HA1:287:NTS;HA2:154:NGT	0	good	29	0	0	0	0	0	10	0	0	0	4987	21	1721	0.9708904109589042	false	G170A,A231C,G338T,A429G,C480T,A560G,A576C,T620C,G627A,C636G,A686G,A742C,G847A,T959C,A968G,A992G,A994G,T1023C,T1040C,G1142A,T1199C,A1323G,T1347C,C1442T,A1580G,C1601T,G1616A,A1646G,C1673T				HA1:K54Q,HA1:T120A,HA1:P137S,HA1:K169Q,HA1:A186T,HA1:Q189E,HA1:E224A,HA1:R259K,HA1:K308R,HA2:I91V					A1580G	0	0	1	1		NODE_0000790-1.00	G338T,A429G,C480T,A560G,A576C,T620C,A686G,T959C,A992G,T1023C,T1040C,G1142A,A1323G,T1347C,C1442T,A1580G,A1646G,C1673T		HA1:T120A,HA1:P137S,HA1:K169Q,HA2:I91V		NODE_0000790-1.00	G338T,A429G,C480T,A560G,A576C,T620C,A686G,T959C,A992G,T1023C,T1040C,G1142A,A1323G,T1347C,C1442T,A1580G,A1646G,C1673T		HA1:T120A,HA1:P137S,HA1:K169Q,HA2:I91V		NODE_00005070.00	A560G,A1580G				NODE_00005070.00	A560G,A1580G										4	0	good	0	15	-4	0	good	1						0		0	0	good		0	0	good	0				
44	A/New_Caledonia/64/2024_dec	6B.1A.5a.2a	C.1.9.3	C.1.9.3	5a.2a	HA1:10:NNS;HA1:23:NVT;HA1:87:NGT;HA1:162:NQT;HA1:276:NTT;HA1:287:NTS;HA2:154:NGT	0	good	39	0	0	0	0	0	12	0	0	0	4947	21	1721	0.9708904109589042	false	A128G,T167C,G170A,G174A,G209T,A231C,A290G,G311A,T318C,G338T,G368A,A429G,A576C,T620C,G627A,C636G,A742C,A815T,G847A,A968G,A992G,A994G,T1023C,A1052G,A1058G,G1142A,T1199C,A1323G,T1347C,C1356T,C1385T,C1442T,T1600C,C1601T,T1610C,T1611C,G1616A,A1646G,T1688C				HA1:D35N,HA1:K54Q,HA1:S83P,HA1:T120A,HA1:K169Q,HA1:A186T,HA1:Q189E,HA1:E224A,HA1:R259K,HA1:K308R,HA2:I91V,HA2:I183T					A128G,G174A,G368A,A1052G,C1356T	0	0	5	5		NODE_0000790-1.00	A128G,T167C,G174A,G209T,A290G,G311A,T318C,G338T,G368A,A429G,A576C,T620C,A815T,A992G,T1023C,A1052G,A1058G,G1142A,A1323G,T1347C,C1356T,C1385T,C1442T,T1600C,T1610C,T1611C,A1646G,T1688C		HA1:D35N,HA1:S83P,HA1:T120A,HA1:K169Q,HA2:I91V,HA2:I183T		NODE_0000790-1.00	A128G,T167C,G174A,G209T,A290G,G311A,T318C,G338T,G368A,A429G,A576C,T620C,A815T,A992G,T1023C,A1052G,A1058G,G1142A,A1323G,T1347C,C1356T,C1385T,C1442T,T1600C,T1610C,T1611C,A1646G,T1688C		HA1:D35N,HA1:S83P,HA1:T120A,HA1:K169Q,HA2:I91V,HA2:I183T		NODE_0000616-1.00	A128G,T167C,G174A,G209T,A290G,G368A,A815T,A1052G,G1142A,C1356T		HA1:D35N		NODE_0000616-1.00	A128G,T167C,G174A,G209T,A290G,G368A,A815T,A1052G,G1142A,C1356T		HA1:D35N								4	0	good	0	15	0	0	good	5						0		0	0	good		0	0	good	0				
45	A/Victoria/256/2025_mar_o	6B.1A.5a.2a	C.1.9.3	C.1.9.3	5a.2a	HA1:10:NNS;HA1:23:NVT;HA1:87:NGT;HA1:162:NQT;HA1:276:NTT;HA1:287:NTS;HA2:154:NGT	0	good	34	0	0	0	0	0	10	0	0	0	4967	21	1721	0.9708904109589042	false	G170A,G209T,A231C,A290G,G311A,T318C,G338T,A429G,A576C,T620C,G627A,C636G,A742C,C797T,A815T,G847A,A968G,T989C,A992G,A994G,T1023C,A1058G,G1142A,T1199C,A1323G,T1347C,C1385T,C1442T,C1601T,T1610C,T1611C,G1616A,A1646G,T1688C				HA1:K54Q,HA1:S83P,HA1:T120A,HA1:K169Q,HA1:A186T,HA1:Q189E,HA1:E224A,HA1:R259K,HA1:K308R,HA2:I91V			C1600T		C797T,T989C	1	0	2	3		NODE_0000790-1.00	G209T,A290G,G311A,T318C,G338T,A429G,A576C,T620C,C797T,A815T,T989C,A992G,T1023C,A1058G,G1142A,A1323G,T1347C,C1385T,C1442T,T1610C,T1611C,A1646G,T1688C		HA1:S83P,HA1:T120A,HA1:K169Q,HA2:I91V		NODE_0000790-1.00	G209T,A290G,G311A,T318C,G338T,A429G,A576C,T620C,C797T,A815T,T989C,A992G,T1023C,A1058G,G1142A,A1323G,T1347C,C1385T,C1442T,T1610C,T1611C,A1646G,T1688C		HA1:S83P,HA1:T120A,HA1:K169Q,HA2:I91V		NODE_0000616-1.00	G209T,A290G,C797T,A815T,T989C,G1142A,C1600T		HA2:T183I		NODE_0000616-1.00	G209T,A290G,C797T,A815T,T989C,G1142A,C1600T		HA2:T183I								4	0	good	0	15	-2	0	good	3						0		0	0	good		0	0	good	0				
48	A/Victoria/156/2025_jan	6B.1A.5a.2a	C.1.9.3	C.1.9.3	5a.2a	HA1:10:NNS;HA1:23:NVT;HA1:87:NGT;HA1:162:NQT;HA1:276:NTT;HA1:287:NTS;HA2:154:NGT	0	good	33	0	0	0	0	0	13	0	0	0	4971	21	1721	0.9708904109589042	false	C64T,G170A,A231C,G311A,T318C,T320C,G338T,A429G,T479C,A567G,A576C,T620C,G627A,C636G,A742C,G847A,A992G,A994G,T1023C,A1058G,T1199C,A1323G,T1347C,C1385T,C1442T,C1538T,T1600C,C1601T,T1610C,T1611C,G1616A,A1646G,T1688C				HA1:K54Q,HA1:S83P,HA1:T120A,HA1:I166V,HA1:K169Q,HA1:A186T,HA1:Q189E,HA1:E224A,HA1:R259K,HA1:K308R,HA2:I91V,HA2:I183T,SigPep:A15V					C1538T	0	0	1	1		NODE_0000790-1.00	C64T,G311A,T318C,T320C,G338T,A429G,T479C,A567G,A576C,T620C,G968A,A992G,T1023C,A1058G,A1323G,T1347C,C1385T,C1442T,C1538T,T1600C,T1610C,T1611C,A1646G,T1688C		HA1:S83P,HA1:T120A,HA1:I166V,HA1:K169Q,HA2:I91V,HA2:I183T,SigPep:A15V		NODE_0000790-1.00	C64T,G311A,T318C,T320C,G338T,A429G,T479C,A567G,A576C,T620C,G968A,A992G,T1023C,A1058G,A1323G,T1347C,C1385T,C1442T,C1538T,T1600C,T1610C,T1611C,A1646G,T1688C		HA1:S83P,HA1:T120A,HA1:I166V,HA1:K169Q,HA2:I91V,HA2:I183T,SigPep:A15V		NODE_0000616-1.00	C64T,T320C,T479C,A567G,G968A,C1538T		HA1:I166V,SigPep:A15V		NODE_0000616-1.00	C64T,T320C,T479C,A567G,G968A,C1538T		HA1:I166V,SigPep:A15V								4	0	good	0	15	-4	0	good	1						0		0	0	good		0	0	good	0				
46	A/Victoria/151/2025_jan	6B.1A.5a.2a	C.1.9.3	C.1.9.3	5a.2a	HA1:10:NNS;HA1:23:NVT;HA1:87:NGT;HA1:162:NQT;HA1:276:NTT;HA1:287:NTS;HA2:154:NGT	0	good	36	0	0	0	0	0	16	0	0	0	4959	21	1721	0.9708904109589042	false	C64T,G170A,A231C,C248A,T276C,G311A,T318C,G338T,A429G,C480T,A567G,A576C,T620C,G627A,C636G,A742C,G847A,G911A,A968G,A992G,A994G,T1023C,A1058G,A1132G,T1199C,A1323G,T1347C,C1385T,C1442T,T1600C,C1601T,T1610C,T1611C,G1616A,A1646G,T1688C				HA1:K54Q,HA1:S69P,HA1:S83P,HA1:T120A,HA1:P137S,HA1:I166V,HA1:K169Q,HA1:A186T,HA1:Q189E,HA1:E224A,HA1:R259K,HA1:K308R,HA2:Q27R,HA2:I91V,HA2:I183T,SigPep:A15V					G911A,A1132G	0	0	2	2		NODE_0000790-1.00	C64T,C248A,T276C,G311A,T318C,G338T,A429G,C480T,A567G,A576C,T620C,G911A,A992G,T1023C,A1058G,A1132G,A1323G,T1347C,C1385T,C1442T,T1600C,T1610C,T1611C,A1646G,T1688C		HA1:S69P,HA1:S83P,HA1:T120A,HA1:P137S,HA1:I166V,HA1:K169Q,HA2:Q27R,HA2:I91V,HA2:I183T,SigPep:A15V		NODE_0000790-1.00	C64T,C248A,T276C,G311A,T318C,G338T,A429G,C480T,A567G,A576C,T620C,G911A,A992G,T1023C,A1058G,A1132G,A1323G,T1347C,C1385T,C1442T,T1600C,T1610C,T1611C,A1646G,T1688C		HA1:S69P,HA1:S83P,HA1:T120A,HA1:P137S,HA1:I166V,HA1:K169Q,HA2:Q27R,HA2:I91V,HA2:I183T,SigPep:A15V		NODE_0000616-1.00	C64T,C248A,T276C,C480T,A567G,G911A,A1132G		HA1:S69P,HA1:P137S,HA1:I166V,HA2:Q27R,SigPep:A15V		NODE_0000616-1.00	C64T,C248A,T276C,C480T,A567G,G911A,A1132G		HA1:S69P,HA1:P137S,HA1:I166V,HA2:Q27R,SigPep:A15V								4	0	good	0	15	-3	0	good	2						0		0	0	good		0	0	good	0				
47	A/Victoria/121/2025_feb	6B.1A.5a.2a	C.1.9.3	C.1.9.3	5a.2a	HA1:10:NNS;HA1:23:NVT;HA1:87:NGT;HA1:162:NQT;HA1:276:NTT;HA1:287:NTS;HA2:154:NGT	0	good	36	0	0	0	0	0	15	0	0	0	4959	21	1721	0.9708904109589042	false	C64T,G170A,A231C,G311A,T318C,G338T,A429G,C480T,G535A,A567G,A576C,T620C,G627A,C636G,A742C,G847A,T878C,A968G,A992G,A994G,T1023C,A1058G,T1199C,A1323G,T1347C,A1361G,C1385T,C1442T,G1598A,T1600C,C1601T,T1610C,T1611C,G1616A,A1646G,T1688C				HA1:K54Q,HA1:S83P,HA1:T120A,HA1:P137S,HA1:G155E,HA1:I166V,HA1:K169Q,HA1:A186T,HA1:Q189E,HA1:E224A,HA1:R259K,HA1:K308R,HA2:I91V,HA2:I183T,SigPep:A15V					G535A,T878C,A1361G,G1598A	0	0	4	4		NODE_0000790-1.00	C64T,G311A,T318C,G338T,A429G,C480T,G535A,A567G,A576C,T620C,T878C,A992G,T1023C,A1058G,A1323G,T1347C,A1361G,C1385T,C1442T,G1598A,T1600C,T1610C,T1611C,A1646G,T1688C		HA1:S83P,HA1:T120A,HA1:P137S,HA1:G155E,HA1:I166V,HA1:K169Q,HA2:I91V,HA2:I183T,SigPep:A15V		NODE_0000790-1.00	C64T,G311A,T318C,G338T,A429G,C480T,G535A,A567G,A576C,T620C,T878C,A992G,T1023C,A1058G,A1323G,T1347C,A1361G,C1385T,C1442T,G1598A,T1600C,T1610C,T1611C,A1646G,T1688C		HA1:S83P,HA1:T120A,HA1:P137S,HA1:G155E,HA1:I166V,HA1:K169Q,HA2:I91V,HA2:I183T,SigPep:A15V		NODE_0000616-1.00	C64T,C480T,G535A,A567G,T878C,A1361G,G1598A		HA1:P137S,HA1:G155E,HA1:I166V,SigPep:A15V		NODE_0000616-1.00	C64T,C480T,G535A,A567G,T878C,A1361G,G1598A		HA1:P137S,HA1:G155E,HA1:I166V,SigPep:A15V								4	0	good	0	15	-1	0	good	4						0		0	0	good		0	0	good	0				
49	A/Victoria/163/2025_jan	6B.1A.5a.2a	C.1.9	C.1.9	5a.2a	HA1:10:NNS;HA1:23:NVT;HA1:87:NGT;HA1:162:NQT;HA1:276:NTT;HA1:287:NTS;HA2:154:NGT	0	good	27	0	0	0	0	0	10	0	0	0	4995	21	1721	0.9708904109589042	false	G170A,A231C,G288A,G311A,G338T,A374G,C425T,A429G,C480T,A576C,T620C,G627A,C636G,A742C,G847A,T905C,A968G,A992G,T1023C,T1199C,A1323G,T1347C,C1385T,C1442T,C1601T,G1616A,A1646G				HA1:K54Q,HA1:A73T,HA1:T120A,HA1:P137S,HA1:K169Q,HA1:A186T,HA1:Q189E,HA1:E224A,HA1:R259K,HA2:I91V			G994A		G288A,A374G,C425T,T905C	1	0	4	5		NODE_0000790-1.00	G288A,G311A,G338T,A374G,C425T,A429G,C480T,A576C,T620C,T905C,A992G,G994A,T1023C,A1323G,T1347C,C1385T,C1442T,A1646G		HA1:A73T,HA1:T120A,HA1:P137S,HA1:K169Q,HA1:R308K,HA2:I91V		NODE_0000790-1.00	G288A,G311A,G338T,A374G,C425T,A429G,C480T,A576C,T620C,T905C,A992G,G994A,T1023C,A1323G,T1347C,C1385T,C1442T,A1646G		HA1:A73T,HA1:T120A,HA1:P137S,HA1:K169Q,HA1:R308K,HA2:I91V		NODE_00004750.00	G288A,G311A,A374G,C425T,C480T,T905C,G994A,C1385T		HA1:A73T,HA1:P137S,HA1:R308K		NODE_00004750.00	G288A,G311A,A374G,C425T,C480T,T905C,G994A,C1385T		HA1:A73T,HA1:P137S,HA1:R308K								4	0	good	0	15	0	0	good	5						0		0	0	good		0	0	good	0				
50	A/Darwin/278/2025_mar_o	6B.1A.5a.2a	C.1.9.3	C.1.9.3	5a.2a	HA1:10:NNS;HA1:23:NVT;HA1:87:NGT;HA1:162:NQT;HA1:276:NTT;HA1:287:NTS;HA2:154:NGT	0	good	39	0	0	0	0	0	13	0	0	0	4947	21	1721	0.9708904109589042	false	C64T,G170A,A231C,G311A,T318C,T320C,G338T,G368A,A429G,T479C,A567G,A576C,T620C,G627A,C636G,G695A,A742C,G847A,T878C,C887T,G911A,A968G,A992G,A994G,T1023C,A1058G,T1199C,A1323G,T1347C,C1364T,C1385T,C1442T,T1600C,C1601T,T1610C,T1611C,G1616A,A1646G,T1688C				HA1:K54Q,HA1:S83P,HA1:T120A,HA1:I166V,HA1:K169Q,HA1:A186T,HA1:Q189E,HA1:E224A,HA1:R259K,HA1:K308R,HA2:I91V,HA2:I183T,SigPep:A15V					G368A,G695A,C887T,C1364T	0	0	4	4		NODE_0000790-1.00	C64T,G311A,T318C,T320C,G338T,G368A,A429G,T479C,A567G,A576C,T620C,G695A,T878C,C887T,G911A,A992G,T1023C,A1058G,A1323G,T1347C,C1364T,C1385T,C1442T,T1600C,T1610C,T1611C,A1646G,T1688C		HA1:S83P,HA1:T120A,HA1:I166V,HA1:K169Q,HA2:I91V,HA2:I183T,SigPep:A15V		NODE_0000790-1.00	C64T,G311A,T318C,T320C,G338T,G368A,A429G,T479C,A567G,A576C,T620C,G695A,T878C,C887T,G911A,A992G,T1023C,A1058G,A1323G,T1347C,C1364T,C1385T,C1442T,T1600C,T1610C,T1611C,A1646G,T1688C		HA1:S83P,HA1:T120A,HA1:I166V,HA1:K169Q,HA2:I91V,HA2:I183T,SigPep:A15V		NODE_0000616-1.00	C64T,T320C,G368A,T479C,A567G,G695A,T878C,C887T,G911A,C1364T		HA1:I166V,SigPep:A15V		NODE_0000616-1.00	C64T,T320C,G368A,T479C,A567G,G695A,T878C,C887T,G911A,C1364T		HA1:I166V,SigPep:A15V								4	0	good	0	15	-1	0	good	4						0		0	0	good		0	0	good	0				
51	A/Tasmania/48/2025_feb	6B.1A.5a.2a.1	D.3	D.3	5a.2a.1	HA1:10:NNS;HA1:23:NVT;HA1:87:NGT;HA1:162:NQT;HA1:276:NAT;HA1:287:NTS;HA2:154:NGT	0	good	41	0	0	0	0	0	18	0	0	0	4939	21	1721	0.9708904109589042	false	G170A,G209A,A231C,C281A,A293G,A429G,C480T,A491G,A496G,A542G,T620C,G627A,C636G,A662G,A717G,A742C,A827G,G847A,T851A,A900G,G950A,A968G,A994G,T1005C,A1010G,A1106C,G1139T,G1145A,A1185G,T1199C,G1286A,A1323G,T1347C,C1364T,G1406A,A1422C,T1450C,A1556G,C1601T,G1616T,T1630C				HA1:K54Q,HA1:T120A,HA1:P137S,HA1:K142R,HA1:A186T,HA1:Q189E,HA1:T216A,HA1:E224A,HA1:R259K,HA1:D260E,HA1:T277A,HA1:K308R,HA2:E29D,HA2:I45V,HA2:I91V,HA2:N124H,HA2:I133T,HA2:V193A					G209A,A491G,G1406A,A1616T	0	0	4	4		NODE_00000130.00	G209A,C281A,A293G,A429G,A491G,A662G,A717G,T1005C,A1010G,A1106C,A1185G,G1286A,G1406A,T1450C,A1556G,A1616T,T1630C		HA1:T120A,HA1:T216A,HA2:I45V,HA2:I133T,HA2:V193A		NODE_00000130.00	G209A,C281A,A293G,A429G,A491G,A662G,A717G,T1005C,A1010G,A1106C,A1185G,G1286A,G1406A,T1450C,A1556G,A1616T,T1630C		HA1:T120A,HA1:T216A,HA2:I45V,HA2:I133T,HA2:V193A		NODE_0000077-1.00	G209A,T255C,C281A,A491G,A662G,A1106C,G1286A,G1406A,T1450C,A1556G,A1616T,T1630C		HA2:I133T,HA2:V193A		NODE_0000077-1.00	G209A,T255C,C281A,A491G,A662G,A1106C,G1286A,G1406A,T1450C,A1556G,A1616T,T1630C		HA2:I133T,HA2:V193A								4	0	good	0	15	-1	0	good	4						0		0	0	good		0	0	good	0				
53	A/Perth/8/2025_jan	6B.1A.5a.2a	C.1.9.3	C.1.9.3	5a.2a	HA1:10:NNS;HA1:23:NVT;HA1:87:NGT;HA1:162:NQT;HA1:276:NTT;HA1:287:NTS;HA2:154:NGT	0	good	36	0	0	0	0	0	14	0	0	0	4959	21	1721	0.9708904109589042	false	C64T,G170A,A231C,G311A,T318C,G338T,G395A,A429G,C480T,A567G,A576C,T620C,G627A,C636G,A742C,G847A,T893C,G920A,A968G,A992G,A994G,T1023C,A1058G,T1199C,A1223G,A1323G,T1347C,C1385T,C1442T,T1600C,C1601T,T1610C,T1611C,G1616A,A1646G,T1688C				HA1:K54Q,HA1:S83P,HA1:T120A,HA1:P137S,HA1:I166V,HA1:K169Q,HA1:A186T,HA1:Q189E,HA1:E224A,HA1:R259K,HA1:K308R,HA2:I91V,HA2:I183T,SigPep:A15V					G395A,T893C,G920A,A1223G	0	0	4	4		NODE_0000790-1.00	C64T,G311A,T318C,G338T,G395A,A429G,C480T,A567G,A576C,T620C,T893C,G920A,A992G,T1023C,A1058G,A1223G,A1323G,T1347C,C1385T,C1442T,T1600C,T1610C,T1611C,A1646G,T1688C		HA1:S83P,HA1:T120A,HA1:P137S,HA1:I166V,HA1:K169Q,HA2:I91V,HA2:I183T,SigPep:A15V		NODE_0000790-1.00	C64T,G311A,T318C,G338T,G395A,A429G,C480T,A567G,A576C,T620C,T893C,G920A,A992G,T1023C,A1058G,A1223G,A1323G,T1347C,C1385T,C1442T,T1600C,T1610C,T1611C,A1646G,T1688C		HA1:S83P,HA1:T120A,HA1:P137S,HA1:I166V,HA1:K169Q,HA2:I91V,HA2:I183T,SigPep:A15V		NODE_0000616-1.00	C64T,G395A,C480T,A567G,T893C,G920A,A1223G		HA1:P137S,HA1:I166V,SigPep:A15V		NODE_0000616-1.00	C64T,G395A,C480T,A567G,T893C,G920A,A1223G		HA1:P137S,HA1:I166V,SigPep:A15V								4	0	good	0	15	-1	0	good	4						0		0	0	good		0	0	good	0				
52	A/Canberra/2/2025_jan	6B.1A.5a.2a.1	D.3	D.3	5a.2a.1	HA1:10:NNS;HA1:23:NVT;HA1:87:NGT;HA1:162:NQT;HA1:276:NAT;HA1:287:NTS;HA2:154:NGT	6.250000	good	39	0	0	0	0	1	19	0	0	1	4947	21	1721	0.9703196347031964	false	G170A,A231C,C281A,A293G,G409A,A429G,C480T,A496G,A542G,T620C,G627A,C636G,A662G,A717G,A742C,A827G,G847A,T851A,A900G,G950A,A968G,A994G,T1005C,A1010G,A1106C,G1139T,G1145A,A1185G,T1199C,G1286A,A1323G,T1347C,C1364T,A1422C,T1450C,A1556G,C1601T,G1616A,T1630C				HA1:K54Q,HA1:R113K,HA1:T120A,HA1:P137S,HA1:K142R,HA1:A186T,HA1:Q189E,HA1:T216A,HA1:E224A,HA1:R259K,HA1:D260E,HA1:T277A,HA1:K308R,HA2:E29D,HA2:I45V,HA2:I91V,HA2:N124H,HA2:I133T,HA2:V193A					G409A	0	0	1	1		NODE_00000130.00	C281A,A293G,G409A,A429G,A662G,A717G,T1005C,A1010G,A1106C,A1185G,G1286A,T1450C,A1556G,T1630C		HA1:R113K,HA1:T120A,HA1:T216A,HA2:I45V,HA2:I133T,HA2:V193A		NODE_00000130.00	C281A,A293G,G409A,A429G,A662G,A717G,T1005C,A1010G,A1106C,A1185G,G1286A,T1450C,A1556G,T1630C		HA1:R113K,HA1:T120A,HA1:T216A,HA2:I45V,HA2:I133T,HA2:V193A		NODE_0000077-1.00	T255C,C281A,G409A,A662G,A1106C,G1286A,T1450C,A1556G,T1630C		HA1:R113K,HA2:I133T,HA2:V193A		NODE_0000077-1.00	T255C,C281A,G409A,A662G,A1106C,G1286A,T1450C,A1556G,T1630C		HA1:R113K,HA2:I133T,HA2:V193A		HA1:190	K:641					4	25	good	1	15	-4	0	good	1						0		0	0	good		0	0	good	0				
54	A/Sydney/44/2025_feb	6B.1A.5a.2a.1	D.3	D.3	5a.2a.1	HA1:10:NNS;HA1:23:NVT;HA1:87:NGT;HA1:162:NQT;HA1:276:NAT;HA1:287:NTS;HA2:154:NGT	0	good	42	0	0	0	0	0	19	0	0	0	4935	21	1721	0.9708904109589042	false	G170A,A231C,A260G,C281A,A293G,A429G,C480T,A496G,A542G,T620C,G627A,C636G,A662G,A717G,A742C,A827G,G847A,T851A,T893C,A900G,A929G,G950A,A968G,A994G,T1005C,A1010G,A1106C,C1127T,G1139T,G1145A,A1185G,T1199C,G1286A,A1323G,T1347C,C1364T,A1422C,T1450C,A1556G,C1601T,G1616T,T1630C				HA1:K54Q,HA1:T120A,HA1:P137S,HA1:K142R,HA1:A186T,HA1:Q189E,HA1:T216A,HA1:E224A,HA1:R259K,HA1:D260E,HA1:T277A,HA1:I286M,HA1:K308R,HA2:E29D,HA2:I45V,HA2:I91V,HA2:N124H,HA2:I133T,HA2:V193A					A260G,T893C,A929G,C1127T,A1616T	0	0	5	5		NODE_00000130.00	A260G,C281A,A293G,A429G,A662G,A717G,T893C,A929G,T1005C,A1010G,A1106C,C1127T,A1185G,G1286A,T1450C,A1556G,A1616T,T1630C		HA1:T120A,HA1:T216A,HA1:I286M,HA2:I45V,HA2:I133T,HA2:V193A		NODE_00000130.00	A260G,C281A,A293G,A429G,A662G,A717G,T893C,A929G,T1005C,A1010G,A1106C,C1127T,A1185G,G1286A,T1450C,A1556G,A1616T,T1630C		HA1:T120A,HA1:T216A,HA1:I286M,HA2:I45V,HA2:I133T,HA2:V193A		NODE_0000077-1.00	T255C,A260G,C281A,A662G,T893C,A929G,A1106C,C1127T,G1286A,T1450C,A1556G,A1616T,T1630C		HA1:I286M,HA2:I133T,HA2:V193A		NODE_0000077-1.00	T255C,A260G,C281A,A662G,T893C,A929G,A1106C,C1127T,G1286A,T1450C,A1556G,A1616T,T1630C		HA1:I286M,HA2:I133T,HA2:V193A								4	0	good	0	15	0	0	good	5						0		0	0	good		0	0	good	0				
56	A/Tasmania/30/2025_jan	6B.1A.5a.2a	C.1.9.3	C.1.9.3	5a.2a	HA1:10:NNS;HA1:23:NVT;HA1:87:NGT;HA1:162:NQT;HA1:276:NTT;HA1:287:NTS;HA2:154:NGT	0	good	37	0	0	0	0	0	14	0	0	0	4955	21	1721	0.9708904109589042	false	C64T,T116C,G170A,A231C,G311A,T318C,T320C,G338T,A429G,A516G,A567G,A576C,T608C,T620C,G627A,C636G,A742C,G847A,T872C,A968G,A992G,A994G,T1023C,A1058G,A1106C,T1199C,A1323G,T1347C,C1385T,C1442T,T1600C,C1601T,T1610C,T1611C,G1616A,A1646G,T1688C				HA1:K54Q,HA1:S83P,HA1:T120A,HA1:I149V,HA1:I166V,HA1:K169Q,HA1:A186T,HA1:Q189E,HA1:E224A,HA1:R259K,HA1:K308R,HA2:I91V,HA2:I183T,SigPep:A15V					T116C,A516G,T608C,T872C	0	0	4	4		NODE_0000790-1.00	C64T,T116C,G311A,T318C,T320C,G338T,A429G,A516G,A567G,A576C,T608C,T620C,T872C,A992G,T1023C,A1058G,A1106C,A1323G,T1347C,C1385T,C1442T,T1600C,T1610C,T1611C,A1646G,T1688C		HA1:S83P,HA1:T120A,HA1:I149V,HA1:I166V,HA1:K169Q,HA2:I91V,HA2:I183T,SigPep:A15V		NODE_0000790-1.00	C64T,T116C,G311A,T318C,T320C,G338T,A429G,A516G,A567G,A576C,T608C,T620C,T872C,A992G,T1023C,A1058G,A1106C,A1323G,T1347C,C1385T,C1442T,T1600C,T1610C,T1611C,A1646G,T1688C		HA1:S83P,HA1:T120A,HA1:I149V,HA1:I166V,HA1:K169Q,HA2:I91V,HA2:I183T,SigPep:A15V		NODE_0000616-1.00	C64T,T116C,T320C,A516G,A567G,T608C,T872C,A1106C		HA1:I149V,HA1:I166V,SigPep:A15V		NODE_0000616-1.00	C64T,T116C,T320C,A516G,A567G,T608C,T872C,A1106C		HA1:I149V,HA1:I166V,SigPep:A15V								4	0	good	0	15	-1	0	good	4						0		0	0	good		0	0	good	0				
57	A/Tasmania/26/2025_jan	6B.1A.5a.2a	C.1.9.3	C.1.9.3	5a.2a	HA1:10:NNS;HA1:23:NVT;HA1:87:NGT;HA1:162:NQT;HA1:276:NTT;HA1:287:NTS;HA2:154:NGT	0	good	34	0	0	0	0	0	15	0	0	0	4967	21	1721	0.9708904109589042	false	C64T,G170A,A231C,T276C,G311A,T318C,G338T,A429G,C480T,A567G,A576C,T620C,G627A,C636G,A742C,G847A,G920A,A968G,A992G,A994G,T1023C,A1058G,T1199C,A1323G,T1347C,C1385T,C1442T,T1600C,C1601T,T1610C,T1611C,G1616A,A1646G,T1688C				HA1:K54Q,HA1:S69P,HA1:S83P,HA1:T120A,HA1:P137S,HA1:I166V,HA1:K169Q,HA1:A186T,HA1:Q189E,HA1:E224A,HA1:R259K,HA1:K308R,HA2:I91V,HA2:I183T,SigPep:A15V					G920A	0	0	1	1		NODE_0000790-1.00	C64T,T276C,G311A,T318C,G338T,A429G,C480T,A567G,A576C,T620C,G920A,A992G,T1023C,A1058G,A1323G,T1347C,C1385T,C1442T,T1600C,T1610C,T1611C,A1646G,T1688C		HA1:S69P,HA1:S83P,HA1:T120A,HA1:P137S,HA1:I166V,HA1:K169Q,HA2:I91V,HA2:I183T,SigPep:A15V		NODE_0000790-1.00	C64T,T276C,G311A,T318C,G338T,A429G,C480T,A567G,A576C,T620C,G920A,A992G,T1023C,A1058G,A1323G,T1347C,C1385T,C1442T,T1600C,T1610C,T1611C,A1646G,T1688C		HA1:S69P,HA1:S83P,HA1:T120A,HA1:P137S,HA1:I166V,HA1:K169Q,HA2:I91V,HA2:I183T,SigPep:A15V		NODE_0000616-1.00	C64T,T276C,C480T,A567G,G920A		HA1:S69P,HA1:P137S,HA1:I166V,SigPep:A15V		NODE_0000616-1.00	C64T,T276C,C480T,A567G,G920A		HA1:S69P,HA1:P137S,HA1:I166V,SigPep:A15V								4	0	good	0	15	-4	0	good	1						0		0	0	good		0	0	good	0				
55	A/Victoria/158/2025_jan	6B.1A.5a.2a.1	D.3	D.3	5a.2a.1	HA1:10:NNS;HA1:23:NVT;HA1:87:NGT;HA1:162:NQT;HA1:276:NAT;HA1:287:NTS;HA2:154:NGT	0	good	40	0	0	0	0	0	19	0	0	0	4943	21	1721	0.9708904109589042	false	G170A,A231C,C281A,A293G,G409A,A429G,C480T,C485T,A496G,A542G,T620C,G627A,C636G,A662G,A717G,A742C,A827G,G847A,T851A,A900G,G950A,A968G,A994G,T1005C,A1010G,A1106C,G1139T,G1145A,A1185G,T1199C,G1286A,A1323G,T1347C,C1364T,A1422C,T1450C,A1556G,C1601T,G1616A,T1630C				HA1:K54Q,HA1:R113K,HA1:T120A,HA1:P137S,HA1:K142R,HA1:A186T,HA1:Q189E,HA1:T216A,HA1:E224A,HA1:R259K,HA1:D260E,HA1:T277A,HA1:K308R,HA2:E29D,HA2:I45V,HA2:I91V,HA2:N124H,HA2:I133T,HA2:V193A					G409A,C485T	0	0	2	2		NODE_00000130.00	C281A,A293G,G409A,A429G,C485T,A662G,A717G,T1005C,A1010G,A1106C,A1185G,G1286A,T1450C,A1556G,T1630C		HA1:R113K,HA1:T120A,HA1:T216A,HA2:I45V,HA2:I133T,HA2:V193A		NODE_00000130.00	C281A,A293G,G409A,A429G,C485T,A662G,A717G,T1005C,A1010G,A1106C,A1185G,G1286A,T1450C,A1556G,T1630C		HA1:R113K,HA1:T120A,HA1:T216A,HA2:I45V,HA2:I133T,HA2:V193A		NODE_0000077-1.00	T255C,C281A,G409A,C485T,A662G,A1106C,G1286A,T1450C,A1556G,T1630C		HA1:R113K,HA2:I133T,HA2:V193A		NODE_0000077-1.00	T255C,C281A,G409A,C485T,A662G,A1106C,G1286A,T1450C,A1556G,T1630C		HA1:R113K,HA2:I133T,HA2:V193A								4	0	good	0	15	-3	0	good	2						0		0	0	good		0	0	good	0				
58	A/Victoria/213/2025_jan	6B.1A.5a.2a.1	D.3	D.3	5a.2a.1	HA1:10:NNS;HA1:23:NVT;HA1:87:NGT;HA1:162:NQT;HA1:276:NAT;HA1:287:NTS;HA2:154:NGT	0	good	42	0	0	0	0	0	20	0	0	0	4935	21	1721	0.9708904109589042	false	G170A,A231C,C281A,A293G,G393A,A429G,C480T,A496G,A542G,T620C,G627A,C636G,A662G,C715G,A717G,A719T,A742C,A827G,G847A,T851A,A900G,G950A,A968G,A994G,T1005C,A1010G,A1106T,G1139T,G1145A,A1185G,T1199C,G1286A,A1323G,T1347C,C1364T,A1422C,C1424T,T1450C,A1556G,C1601T,G1616A,T1630C				HA1:K54Q,HA1:V108M,HA1:T120A,HA1:P137S,HA1:K142R,HA1:A186T,HA1:Q189E,HA1:A215G,HA1:T216A,HA1:E224A,HA1:R259K,HA1:D260E,HA1:T277A,HA1:K308R,HA2:E29D,HA2:I45V,HA2:I91V,HA2:N124H,HA2:I133T,HA2:V193A					G393A,C715G,A719T,C1106T,C1424T	0	0	5	5		NODE_00000130.00	C281A,A293G,G393A,A429G,A662G,C715G,A717G,A719T,T1005C,A1010G,A1106T,A1185G,G1286A,C1424T,T1450C,A1556G,T1630C		HA1:V108M,HA1:T120A,HA1:A215G,HA1:T216A,HA2:I45V,HA2:I133T,HA2:V193A		NODE_00000130.00	C281A,A293G,G393A,A429G,A662G,C715G,A717G,A719T,T1005C,A1010G,A1106T,A1185G,G1286A,C1424T,T1450C,A1556G,T1630C		HA1:V108M,HA1:T120A,HA1:A215G,HA1:T216A,HA2:I45V,HA2:I133T,HA2:V193A		NODE_0000077-1.00	T255C,C281A,G393A,A662G,C715G,A719T,A1106T,G1286A,C1424T,T1450C,A1556G,T1630C		HA1:V108M,HA1:A215G,HA2:I133T,HA2:V193A		NODE_0000077-1.00	T255C,C281A,G393A,A662G,C715G,A719T,A1106T,G1286A,C1424T,T1450C,A1556G,T1630C		HA1:V108M,HA1:A215G,HA2:I133T,HA2:V193A								4	0	good	0	15	0	0	good	5						0		0	0	good		0	0	good	0				
59	A/Tasmania/33/2025_jan	6B.1A.5a.2a.1	D.3	D.3	5a.2a.1	HA1:10:NNS;HA1:23:NVT;HA1:87:NGT;HA1:162:NQT;HA1:276:NAT;HA1:287:NTS;HA2:154:NGT	0.444444	good	43	0	0	0	0	0	20	0	0	0	4931	21	1721	0.9708904109589042	false	G170A,A231C,A260G,C281A,A293G,A429G,C480T,A496G,A542G,T620C,G627A,C636G,A639C,A662G,A717G,A742C,A827G,G847A,T851A,T893C,A900G,A929G,G950A,A968G,A994G,T1005C,A1010G,A1106C,C1127T,G1139T,G1145A,A1185G,T1199C,G1286A,A1323G,T1347C,C1364T,A1422C,T1450C,A1556G,C1601T,G1616T,T1630C				HA1:K54Q,HA1:T120A,HA1:P137S,HA1:K142R,HA1:A186T,HA1:Q189E,HA1:S190R,HA1:T216A,HA1:E224A,HA1:R259K,HA1:D260E,HA1:T277A,HA1:I286M,HA1:K308R,HA2:E29D,HA2:I45V,HA2:I91V,HA2:N124H,HA2:I133T,HA2:V193A					A260G,A639C,T893C,A929G,C1127T,A1616T	0	0	6	6		NODE_00000130.00	A260G,C281A,A293G,A429G,A639C,A662G,A717G,T893C,A929G,T1005C,A1010G,A1106C,C1127T,A1185G,G1286A,T1450C,A1556G,A1616T,T1630C		HA1:T120A,HA1:S190R,HA1:T216A,HA1:I286M,HA2:I45V,HA2:I133T,HA2:V193A		NODE_00000130.00	A260G,C281A,A293G,A429G,A639C,A662G,A717G,T893C,A929G,T1005C,A1010G,A1106C,C1127T,A1185G,G1286A,T1450C,A1556G,A1616T,T1630C		HA1:T120A,HA1:S190R,HA1:T216A,HA1:I286M,HA2:I45V,HA2:I133T,HA2:V193A		NODE_0000077-1.00	T255C,A260G,C281A,A639C,A662G,T893C,A929G,A1106C,C1127T,G1286A,T1450C,A1556G,A1616T,T1630C		HA1:S190R,HA1:I286M,HA2:I133T,HA2:V193A		NODE_0000077-1.00	T255C,A260G,C281A,A639C,A662G,T893C,A929G,A1106C,C1127T,G1286A,T1450C,A1556G,A1616T,T1630C		HA1:S190R,HA1:I286M,HA2:I133T,HA2:V193A								4	0	good	0	15	1	6.666667	good	6						0		0	0	good		0	0	good	0				
60	A/Sydney/5/2021e_F	6B.1A.5a.2a	C.1	C.1	5a.2a	HA1:10:NNS;HA1:23:NVT;HA1:87:NGT;HA1:162:NQT;HA1:276:NTT;HA1:287:NTS;HA2:154:NGT	0	good	17	0	0	0	0	0	9	0	0	0	5188	1	1752	1	false	G170A,C185T,A231C,A335G,G351A,G627A,C636G,A717G,A739G,A742C,G847A,A968G,A994G,T1199C,T1217C,C1601T,G1616A				HA1:K54Q,HA1:D94N,HA1:A186T,HA1:Q189E,HA1:T216A,HA1:Q223R,HA1:E224A,HA1:R259K,HA1:K308R			T7C			1	0	0	1		NODE_0000790-1.00	C185T,A335G,G351A,A717G,A739G,T1217C		HA1:D94N,HA1:T216A,HA1:Q223R		NODE_0000790-1.00	C185T,A335G,G351A,A717G,A739G,T1217C		HA1:D94N,HA1:T216A,HA1:Q223R		NODE_0000790-1.00	C185T,A335G,G351A,A717G,A739G,T1217C		HA1:D94N,HA1:T216A,HA1:Q223R		NODE_0000790-1.00	C185T,A335G,G351A,A717G,A739G,T1217C		HA1:D94N,HA1:T216A,HA1:Q223R								4	0	good	0	15	-4	0	good	1						0		0	0	good		0	0	good	0				
63	A/India/Pun-NIV319324/2021	6B.1A.5a.2a	C.1	C.1	5a.2a	HA1:10:NNS;HA1:23:NVT;HA1:87:NGT;HA1:162:NQT;HA1:276:NTT;HA1:287:NTS;HA2:154:NGT	0	good	13	0	0	0	0	0	7	0	0	0	5099	1	1717	0.9800228310502284	false	G170A,A231C,T620C,G627A,C636G,A742C,G847A,A968G,A994G,A1180G,T1199C,C1601T,G1616A				HA1:K54Q,HA1:A186T,HA1:Q189E,HA1:E224A,HA1:R259K,HA1:K308R,HA2:N43S						0	0	0	0		NODE_0000790-1.00	T620C,A1180G		HA2:N43S		NODE_0000790-1.00	T620C,A1180G		HA2:N43S		NODE_0000790-1.00	T620C,A1180G		HA2:N43S		NODE_0000790-1.00	T620C,A1180G		HA2:N43S								4	0	good	0	15	-5	0	good	0						0		0	0	good		0	0	good	0				
61	A/Victoria/4897/2022e_F	6B.1A.5a.2a.1	D	D	5a.2a.1	HA1:10:NNS;HA1:23:NVT;HA1:87:NGT;HA1:162:NQT;HA1:276:NAT;HA1:287:NTS;HA2:154:NGT	0	good	29	0	0	0	0	0	15	0	0	0	5140	1	1752	1	false	G170A,A231C,C255T,C480T,A496G,A542G,T620C,G627A,C636G,A717G,A739G,A742C,A827G,G847A,T851A,A900G,G950A,A968G,A994G,G1139T,G1145A,T1199C,A1323G,T1347C,C1364T,A1422C,C1601T,G1616A,G1728A				HA1:K54Q,HA1:P137S,HA1:K142R,HA1:A186T,HA1:Q189E,HA1:T216A,HA1:Q223R,HA1:E224A,HA1:R259K,HA1:D260E,HA1:T277A,HA1:K308R,HA2:E29D,HA2:I91V,HA2:N124H					A739G	0	0	1	1		NODE_00000130.00	C255T,A717G,A739G,G1728A		HA1:T216A,HA1:Q223R		NODE_00000130.00	C255T,A717G,A739G,G1728A		HA1:T216A,HA1:Q223R		NODE_00000740.00	A739G		HA1:Q223R		NODE_00000740.00	A739G		HA1:Q223R								4	0	good	0	15	-4	0	good	1						0		0	0	good		0	0	good	0				
62	A/Wisconsin/67/2022	6B.1A.5a.2a.1	C.1.1	C.1.1	5a.2a.1	HA1:10:NNS;HA1:23:NVT;HA1:87:NGT;HA1:162:NQT;HA1:276:NAT;HA1:287:NTS;HA2:154:NGT	0	good	31	0	0	0	0	0	13	0	0	0	5132	1	1752	1	false	G170A,A231C,C480T,A496G,A497G,A542G,C554T,T620C,G627A,C636G,A742C,A827G,G847A,T851A,A900G,G950A,A968G,A994G,C1076A,G1139T,G1145A,T1199C,A1323G,T1347C,G1349A,C1364T,A1422C,C1424T,C1601T,G1616A,T1688C				HA1:K54Q,HA1:P137S,HA1:K142R,HA1:A186T,HA1:Q189E,HA1:E224A,HA1:R259K,HA1:D260E,HA1:T277A,HA1:K308R,HA2:E29D,HA2:I91V,HA2:N124H						0	0	0	0		NODE_00000130.00	A497G,C554T,C1076A,G1349A,C1424T,T1688C				NODE_00000130.00	A497G,C554T,C1076A,G1349A,C1424T,T1688C				NODE_00000130.00	A497G,C554T,C1076A,G1349A,C1424T,T1688C				NODE_00000130.00	A497G,C554T,C1076A,G1349A,C1424T,T1688C										4	0	good	0	15	-5	0	good	0						0		0	0	good		0	0	good	0				
65	A/Wisconsin/588/2019	6B.1A.5a.2	C	C	5a.2	HA1:10:NNS;HA1:23:NVT;HA1:87:NGT;HA1:162:NQT;HA1:276:NTT;HA1:287:NTS;HA2:154:NGT	0	good	0	0	0	0	0	0	0	0	0	0	5256	1	1752	1	false											0	0	0	0		NODE_00010090.00	T1082C				NODE_00010090.00	T1082C				NODE_00010090.00	T1082C				NODE_00010090.00	T1082C										4	0	good	0	15	-5	0	good	0						0		0	0	good		0	0	good	0				
64	A/Sydney/1/2024_F	6B.1A.5a.2a.1	C.1.1	C.1.1	5a.2a.1	HA1:10:NNS;HA1:23:NVT;HA1:87:NGT;HA1:162:NQT;HA1:276:NAT;HA1:287:NTS;HA2:154:NGT	0	good	39	0	0	0	0	0	14	0	0	0	4947	21	1721	0.9708904109589042	false	C161A,G170A,A173G,G227A,A231C,C248A,C254A,G386A,A426G,C480T,A496G,A497G,A542G,T620C,G627A,C636G,A742C,A827G,G847A,T851A,A900G,T908C,C917A,G950A,A968G,A994G,G1139T,G1145A,G1169A,T1199C,A1208G,A1323G,T1347C,C1364T,A1422C,C1442T,C1601T,G1616A,G1703A				HA1:K54Q,HA1:K119E,HA1:P137S,HA1:K142R,HA1:A186T,HA1:Q189E,HA1:E224A,HA1:R259K,HA1:D260E,HA1:T277A,HA1:K308R,HA2:E29D,HA2:I91V,HA2:N124H					C254A,A426G	0	0	2	2		NODE_00000130.00	C161A,A173G,G227A,C248A,C254A,G386A,A426G,A497G,T908C,C917A,G1169A,A1208G,C1442T,G1703A		HA1:K119E		NODE_00000130.00	C161A,A173G,G227A,C248A,C254A,G386A,A426G,A497G,T908C,C917A,G1169A,A1208G,C1442T,G1703A		HA1:K119E		NODE_00000130.00	C161A,A173G,G227A,C248A,C254A,G386A,A426G,A497G,T908C,C917A,G1169A,A1208G,C1442T,G1703A		HA1:K119E		NODE_00000130.00	C161A,A173G,G227A,C248A,C254A,G386A,A426G,A497G,T908C,C917A,G1169A,A1208G,C1442T,G1703A		HA1:K119E								4	0	good	0	15	-3	0	good	2						0		0	0	good		0	0	good	0				
66	A/Wisconsin/47/2022	6B.1A.5a.2a.1	D	D	5a.2a.1	HA1:10:NNS;HA1:23:NVT;HA1:87:NGT;HA1:162:NQT;HA1:276:NAT;HA1:287:NTS;HA2:154:NGT	0	good	29	0	0	0	0	0	15	0	0	0	5140	1	1752	1	false	G170A,A231C,C255T,C480T,A496G,A542G,T620C,G627A,C636G,A717G,A742C,A827G,G847A,T851A,G891A,A900G,G950A,A968G,A994G,G1139T,G1145A,T1199C,A1323G,T1347C,C1364T,A1422C,C1601T,G1616A,G1728A				HA1:K54Q,HA1:P137S,HA1:K142R,HA1:A186T,HA1:Q189E,HA1:T216A,HA1:E224A,HA1:R259K,HA1:D260E,HA1:D274N,HA1:T277A,HA1:K308R,HA2:E29D,HA2:I91V,HA2:N124H						0	0	0	0		NODE_00000130.00	C255T,A717G,G891A,G1728A		HA1:T216A,HA1:D274N		NODE_00000130.00	C255T,A717G,G891A,G1728A		HA1:T216A,HA1:D274N		NODE_00000740.00	G891A		HA1:D274N		NODE_00000740.00	G891A		HA1:D274N								4	0	good	0	15	-5	0	good	0						0		0	0	good		0	0	good	0				
67	A/Darwin/328/2024_F	6B.1A.5a.2a	C.1.8	C.1.8	5a.2a	HA1:10:NNS;HA1:23:NVT;HA1:87:NGT;HA1:162:NQT;HA1:276:NTT;HA1:287:NTS;HA2:154:NGT	0	good	26	0	0	0	0	0	12	0	0	0	4999	21	1721	0.9708904109589042	false	T37C,T54C,G170A,A191G,G210A,A231C,G338T,T358C,A429G,T620C,G627A,C636G,A742C,G847A,A968G,A992G,A994G,A1001T,T1023C,T1199C,A1323G,T1347C,C1442A,C1601T,G1616A,A1646G				HA1:V47I,HA1:K54Q,HA1:I96T,HA1:T120A,HA1:A186T,HA1:Q189E,HA1:E224A,HA1:R259K,HA1:K308R,HA2:I91V,SigPep:V6A,SigPep:F12L					T37C,A1001T	0	0	2	2		NODE_0000790-1.00	T37C,T54C,A191G,G210A,G338T,T358C,A429G,T620C,A992G,A1001T,T1023C,A1323G,T1347C,C1442A,A1646G		HA1:V47I,HA1:I96T,HA1:T120A,HA2:I91V,SigPep:V6A,SigPep:F12L		NODE_0000790-1.00	T37C,T54C,A191G,G210A,G338T,T358C,A429G,T620C,A992G,A1001T,T1023C,A1323G,T1347C,C1442A,A1646G		HA1:V47I,HA1:I96T,HA1:T120A,HA2:I91V,SigPep:V6A,SigPep:F12L		NODE_0000432-1.00	T37C,T358C,A1001T		HA1:I96T,SigPep:V6A		NODE_0000432-1.00	T37C,T358C,A1001T		HA1:I96T,SigPep:V6A								4	0	good	0	15	-3	0	good	2						0		0	0	good		0	0	good	0				
68	A/Darwin/463/2023_F	6B.1A.5a.2a	C.1.7.1	C.1.7.1	5a.2a	HA1:10:NNS;HA1:23:NVT;HA1:87:NGT;HA1:162:NQT;HA1:276:NTT;HA1:287:NTS;HA2:154:NGT	0.444444	good	35	0	0	0	0	0	13	0	0	0	4963	21	1721	0.9708904109589042	false	T83C,G170A,G179A,A231C,C239T,A268T,G351A,A407G,A496G,G525A,T614C,T623C,T626C,G627A,C636G,A713T,A717G,A742C,G847A,T866C,C882T,T905G,A968G,A992G,A994G,A1022G,T1049C,T1190C,T1199C,T1217C,T1220C,G1583A,C1601T,G1616A,A1668G				HA1:K54Q,HA1:E66V,HA1:D94N,HA1:K142R,HA1:V152I,HA1:A186T,HA1:Q189E,HA1:T216A,HA1:E224A,HA1:R259K,HA1:P271S,HA1:K308R,HA2:I206V					A268T,A407G,T623C,T626C,C882T,A1022G	0	0	6	6		NODE_0000790-1.00	T83C,G179A,C239T,A268T,G351A,A407G,A496G,G525A,T614C,T623C,T626C,A713T,A717G,T866C,C882T,T905G,A992G,A1022G,T1049C,T1190C,T1217C,T1220C,G1583A,A1668G		HA1:E66V,HA1:D94N,HA1:K142R,HA1:V152I,HA1:T216A,HA1:P271S,HA2:I206V		NODE_0000790-1.00	T83C,G179A,C239T,A268T,G351A,A407G,A496G,G525A,T614C,T623C,T626C,A713T,A717G,T866C,C882T,T905G,A992G,A1022G,T1049C,T1190C,T1217C,T1220C,G1583A,A1668G		HA1:E66V,HA1:D94N,HA1:K142R,HA1:V152I,HA1:T216A,HA1:P271S,HA2:I206V		NODE_0000878-1.00	T83C,A268T,A407G,A496G,T623C,T626C,C882T,A1022G		HA1:E66V,HA1:K142R,HA1:P271S		NODE_0000878-1.00	T83C,A268T,A407G,A496G,T623C,T626C,C882T,A1022G		HA1:E66V,HA1:K142R,HA1:P271S								4	0	good	0	15	1	6.666667	good	6						0		0	0	good		0	0	good	0				
69	A/Darwin/7/2023_F	6B.1A.5a.2a	C.1.6	C.1.6	5a.2a	HA1:10:NNS;HA1:23:NVT;HA1:87:NGT;HA1:162:NQT;HA1:276:NTT;HA1:287:NTS;HA2:154:NGT	0	good	23	0	0	0	0	0	10	0	0	0	5011	21	1721	0.9708904109589042	false	A38T,G170A,A231C,C279A,G338T,A536G,A577G,T620C,G627A,T629C,C636G,A702C,A742C,G847A,A968G,A994G,T1199C,T1253A,A1323G,T1347C,A1430G,C1601T,G1616A				HA1:K54Q,HA1:L70I,HA1:K169R,HA1:A186T,HA1:Q189E,HA1:K211Q,HA1:E224A,HA1:R259K,HA1:K308R,HA2:I91V						0	0	0	0		NODE_0000790-1.00	A38T,C279A,G338T,A536G,A577G,T620C,T629C,A702C,T1253A,A1323G,T1347C,A1430G		HA1:L70I,HA1:K169R,HA1:K211Q,HA2:I91V		NODE_0000790-1.00	A38T,C279A,G338T,A536G,A577G,T620C,T629C,A702C,T1253A,A1323G,T1347C,A1430G		HA1:L70I,HA1:K169R,HA1:K211Q,HA2:I91V		NODE_00002360.00					NODE_00002360.00											4	0	good	0	15	-5	0	good	0						0		0	0	good		0	0	good	0				
70	A/Sydney/5/2021_F	6B.1A.5a.2a	C.1	C.1	5a.2a	HA1:10:NNS;HA1:23:NVT;HA1:87:NGT;HA1:162:NQT;HA1:276:NTT;HA1:287:NTS;HA2:154:NGT	0	good	14	0	0	0	0	0	8	0	0	0	5047	21	1721	0.9708904109589042	false	G170A,A231C,G351A,G627A,C636G,A717G,A742C,G847A,A968G,A994G,T1199C,T1217C,C1601T,G1616A				HA1:K54Q,HA1:D94N,HA1:A186T,HA1:Q189E,HA1:T216A,HA1:E224A,HA1:R259K,HA1:K308R						0	0	0	0		NODE_0000790-1.00	G351A,A717G,T1217C		HA1:D94N,HA1:T216A		NODE_0000790-1.00	G351A,A717G,T1217C		HA1:D94N,HA1:T216A		NODE_0000790-1.00	G351A,A717G,T1217C		HA1:D94N,HA1:T216A		NODE_0000790-1.00	G351A,A717G,T1217C		HA1:D94N,HA1:T216A								4	0	good	0	15	-5	0	good	0						0		0	0	good		0	0	good	0				
71	A/Sydney/604/2023_F	6B.1A.5a.2a	C.1	C.1	5a.2a	HA1:10:NNS;HA1:23:NVT;HA1:87:NGT;HA1:162:NQT;HA1:276:NTT;HA1:287:NTS;HA2:154:NGT	0.444444	good	24	0	0	0	0	0	8	0	0	0	5007	21	1721	0.9708904109589042	false	G170A,A231C,A335G,G338T,T620C,G627A,C636G,G735A,A742C,G847A,A968G,A992G,A994G,T1023C,A1052G,C1164T,T1199C,A1323G,T1347C,G1400A,C1601T,G1616A,A1646G,C1647T				HA1:K54Q,HA1:A186T,HA1:Q189E,HA1:D222N,HA1:E224A,HA1:R259K,HA1:K308R,HA2:I91V					A335G,G735A,A1052G,C1164T,G1400A,C1647T	0	0	6	6		NODE_0000790-1.00	A335G,G338T,T620C,G735A,A992G,T1023C,A1052G,C1164T,A1323G,T1347C,G1400A,A1646G,C1647T		HA1:D222N,HA2:I91V		NODE_0000790-1.00	A335G,G338T,T620C,G735A,A992G,T1023C,A1052G,C1164T,A1323G,T1347C,G1400A,A1646G,C1647T		HA1:D222N,HA2:I91V		NODE_0000790-1.00	A335G,G338T,T620C,G735A,A992G,T1023C,A1052G,C1164T,A1323G,T1347C,G1400A,A1646G,C1647T		HA1:D222N,HA2:I91V		NODE_0000790-1.00	A335G,G338T,T620C,G735A,A992G,T1023C,A1052G,C1164T,A1323G,T1347C,G1400A,A1646G,C1647T		HA1:D222N,HA2:I91V								4	0	good	0	15	1	6.666667	good	6						0		0	0	good		0	0	good	0				
72	A/Victoria/376/2024_F	6B.1A.5a.2a	C.1.9	C.1.9	5a.2a	HA1:10:NNS;HA1:23:NVT;HA1:87:NGT;HA1:162:NQT;HA1:276:NTT;HA1:287:NTS;HA2:154:NGT	0	good	25	0	0	0	0	0	9	0	0	0	5003	21	1721	0.9708904109589042	false	G170A,A231C,G311A,G338T,A429G,A539G,T575C,A576C,T620C,G627A,C636G,A742C,G847A,A968G,A992G,A994G,T1023C,T1199C,A1323G,T1347C,C1385T,C1442T,C1601T,G1616A,A1646G				HA1:K54Q,HA1:T120A,HA1:K169Q,HA1:A186T,HA1:Q189E,HA1:E224A,HA1:R259K,HA1:K308R,HA2:I91V					A539G	0	0	1	1		NODE_0000790-1.00	G311A,G338T,A429G,A539G,T575C,A576C,T620C,A992G,T1023C,A1323G,T1347C,C1385T,C1442T,A1646G		HA1:T120A,HA1:K169Q,HA2:I91V		NODE_0000790-1.00	G311A,G338T,A429G,A539G,T575C,A576C,T620C,A992G,T1023C,A1323G,T1347C,C1385T,C1442T,A1646G		HA1:T120A,HA1:K169Q,HA2:I91V		NODE_00004750.00	G311A,A539G,T575C,C1385T				NODE_00004750.00	G311A,A539G,T575C,C1385T										4	0	good	0	15	-4	0	good	1						0		0	0	good		0	0	good	0				
73	A/Victoria/4897/2022_F_S	6B.1A.5a.2a.1	D	D	5a.2a.1	HA1:10:NNS;HA1:23:NVT;HA1:87:NGT;HA1:162:NQT;HA1:276:NAT;HA1:287:NTS;HA2:154:NGT	0	good	27	0	0	0	0	0	14	0	0	0	4995	21	1721	0.9708904109589042	false	G170A,A231C,C255T,C480T,A496G,A542G,T620C,G627A,C636G,A717G,A742C,A827G,G847A,T851A,A900G,G950A,A968G,A994G,G1139T,G1145A,T1199C,A1323G,T1347C,C1364T,A1422C,C1601T,G1616A				HA1:K54Q,HA1:P137S,HA1:K142R,HA1:A186T,HA1:Q189E,HA1:T216A,HA1:E224A,HA1:R259K,HA1:D260E,HA1:T277A,HA1:K308R,HA2:E29D,HA2:I91V,HA2:N124H						0	0	0	0		NODE_00000130.00	C255T,A717G		HA1:T216A		NODE_00000130.00	C255T,A717G		HA1:T216A		NODE_00000740.00					NODE_00000740.00											4	0	good	0	15	-5	0	good	0						0		0	0	good		0	0	good	0				
74	A/Victoria/650/2023_F	6B.1A.5a.2a	C.1	C.1	5a.2a	HA1:10:NNS;HA1:23:NVT;HA1:87:NGT;HA1:162:NQT;HA1:276:NTT;HA1:287:NTS;HA2:154:NGT	0	good	27	0	0	0	0	0	14	0	0	0	4995	21	1721	0.9708904109589042	false	A67G,G170A,T230A,A231C,A496G,T620C,G627A,C636G,G650A,A742C,G847A,T851A,T878C,C880T,G950A,A968G,A994G,G1032A,T1199C,T1314C,A1323G,A1343G,T1347C,A1422C,C1463T,C1601T,G1616A				HA1:K54Q,HA1:K142R,HA1:A186T,HA1:Q189E,HA1:E224A,HA1:R259K,HA1:D260E,HA1:T270I,HA1:K308R,HA1:V321I,HA2:F88L,HA2:I91V,HA2:N124H,SigPep:N16S					A67G,G650A,T1314C	0	0	3	3		NODE_0000790-1.00	A67G,T230A,A496G,T620C,G650A,T851A,T878C,C880T,G950A,G1032A,T1314C,A1323G,A1343G,T1347C,A1422C,C1463T		HA1:K142R,HA1:D260E,HA1:T270I,HA1:V321I,HA2:F88L,HA2:I91V,HA2:N124H,SigPep:N16S		NODE_0000790-1.00	A67G,T230A,A496G,T620C,G650A,T851A,T878C,C880T,G950A,G1032A,T1314C,A1323G,A1343G,T1347C,A1422C,C1463T		HA1:K142R,HA1:D260E,HA1:T270I,HA1:V321I,HA2:F88L,HA2:I91V,HA2:N124H,SigPep:N16S		NODE_0000790-1.00	A67G,T230A,A496G,T620C,G650A,T851A,T878C,C880T,G950A,G1032A,T1314C,A1323G,A1343G,T1347C,A1422C,C1463T		HA1:K142R,HA1:D260E,HA1:T270I,HA1:V321I,HA2:F88L,HA2:I91V,HA2:N124H,SigPep:N16S		NODE_0000790-1.00	A67G,T230A,A496G,T620C,G650A,T851A,T878C,C880T,G950A,G1032A,T1314C,A1323G,A1343G,T1347C,A1422C,C1463T		HA1:K142R,HA1:D260E,HA1:T270I,HA1:V321I,HA2:F88L,HA2:I91V,HA2:N124H,SigPep:N16S								4	0	good	0	15	-2	0	good	3						0		0	0	good		0	0	good	0				
75	A/Victoria/3370/2024_S	6B.1A.5a.2a	C.1.9.2	C.1.9.2	5a.2a	HA1:10:NNS;HA1:23:NVT;HA1:87:NGT;HA1:162:NQT;HA1:276:NTT;HA1:287:NTS;HA2:154:NGT	28.444444	good	36	0	0	0	0	0	14	0	0	0	4959	21	1721	0.9708904109589042	false	C161T,G170A,A183G,A231C,A233G,C329T,G338T,A429G,C480T,A576C,T614C,T620C,G627A,C636G,G685A,A742C,A770G,G847A,T860A,A879G,A956G,A968G,A992G,A994G,T1023C,T1199C,T1214C,C1316T,A1323G,C1442T,A1510G,C1601T,G1616A,C1634T,A1646G,C1673T				HA1:N38D,HA1:K54Q,HA1:T120A,HA1:P137S,HA1:K169Q,HA1:A186T,HA1:Q189E,HA1:R205K,HA1:E224A,HA1:R259K,HA1:T270A,HA1:K308R,HA2:I91V,HA2:K153R			C1347T		C161T,A233G,C480T,T614C,G685A,A770G,T860A,A879G,A956G,T1214C,C1316T,C1634T	1	0	12	13		NODE_0000790-1.00	C161T,A183G,A233G,C329T,G338T,A429G,C480T,A576C,T614C,T620C,G685A,A770G,T860A,A879G,A956G,A992G,T1023C,T1214C,C1316T,A1323G,C1442T,A1510G,C1634T,A1646G,C1673T		HA1:N38D,HA1:T120A,HA1:P137S,HA1:K169Q,HA1:R205K,HA1:T270A,HA2:I91V,HA2:K153R		NODE_0000790-1.00	C161T,A183G,A233G,C329T,G338T,A429G,C480T,A576C,T614C,T620C,G685A,A770G,T860A,A879G,A956G,A992G,T1023C,T1214C,C1316T,A1323G,C1442T,A1510G,C1634T,A1646G,C1673T		HA1:N38D,HA1:T120A,HA1:P137S,HA1:K169Q,HA1:R205K,HA1:T270A,HA2:I91V,HA2:K153R		NODE_0000537-1.00	C161T,A233G,C480T,T614C,G685A,A770G,T860A,A879G,A956G,T1214C,C1316T,C1347T,C1634T		HA1:P137S,HA1:R205K,HA1:T270A		NODE_0000537-1.00	C161T,A233G,C480T,T614C,G685A,A770G,T860A,A879G,A956G,T1214C,C1316T,C1347T,C1634T		HA1:P137S,HA1:R205K,HA1:T270A								4	0	good	0	15	8	53.333333	mediocre	13						0		0	0	good		0	0	good	0				
76	A/Darwin/1906/2024_S	6B.1A.5a.2a	C.1.9.3	C.1.9.3	5a.2a	HA1:10:NNS;HA1:23:NVT;HA1:87:NGT;HA1:162:NQT;HA1:276:NTT;HA1:287:NTS;HA2:154:NGT	0	good	34	0	0	0	0	0	11	0	0	0	4967	21	1721	0.9708904109589042	false	T167C,G170A,G209T,A231C,A290G,G311A,T318C,G338T,A429G,A576C,T620C,G627A,C636G,A742C,A815T,G847A,A968G,A992G,A994G,T1023C,A1058G,G1142A,T1199C,A1323G,T1347C,C1385T,C1442T,T1600C,C1601T,T1610C,T1611C,G1616A,A1646G,T1688C				HA1:K54Q,HA1:S83P,HA1:T120A,HA1:K169Q,HA1:A186T,HA1:Q189E,HA1:E224A,HA1:R259K,HA1:K308R,HA2:I91V,HA2:I183T						0	0	0	0		NODE_0000790-1.00	T167C,G209T,A290G,G311A,T318C,G338T,A429G,A576C,T620C,A815T,A992G,T1023C,A1058G,G1142A,A1323G,T1347C,C1385T,C1442T,T1600C,T1610C,T1611C,A1646G,T1688C		HA1:S83P,HA1:T120A,HA1:K169Q,HA2:I91V,HA2:I183T		NODE_0000790-1.00	T167C,G209T,A290G,G311A,T318C,G338T,A429G,A576C,T620C,A815T,A992G,T1023C,A1058G,G1142A,A1323G,T1347C,C1385T,C1442T,T1600C,T1610C,T1611C,A1646G,T1688C		HA1:S83P,HA1:T120A,HA1:K169Q,HA2:I91V,HA2:I183T		NODE_0000616-1.00	T167C,G209T,A290G,A815T,G1142A				NODE_0000616-1.00	T167C,G209T,A290G,A815T,G1142A										4	0	good	0	15	-5	0	good	0						0		0	0	good		0	0	good	0				
77	A/Victoria/3263/2024_S	6B.1A.5a.2a	C.1.9.4	C.1.9.4	5a.2a	HA1:10:NNS;HA1:23:NVT;HA1:87:NGT;HA1:162:NQT;HA1:276:NTT;HA1:287:NTS;HA2:154:NGT	0	good	31	0	0	0	0	0	13	0	0	0	4979	21	1721	0.9708904109589042	false	G170A,A183G,G327A,G338T,A429G,A444G,A516G,A576C,T620C,G627A,C636G,A686G,C718T,A742C,G847A,T953C,A968G,A992G,A994G,T1023C,T1199C,A1323G,C1340T,T1347C,C1442T,A1532C,C1589T,C1601T,G1616A,A1646G,C1673T				HA1:N38D,HA1:D86N,HA1:T120A,HA1:N125D,HA1:I149V,HA1:K169Q,HA1:A186T,HA1:Q189E,HA1:T216I,HA1:E224A,HA1:R259K,HA1:K308R,HA2:I91V					C718T	0	0	1	1		NODE_0000790-1.00	A183G,C231A,G327A,G338T,A429G,A444G,A516G,A576C,T620C,A686G,C718T,T953C,A992G,T1023C,A1323G,C1340T,T1347C,C1442T,A1532C,C1589T,A1646G,C1673T		HA1:N38D,HA1:Q54K,HA1:D86N,HA1:T120A,HA1:N125D,HA1:I149V,HA1:K169Q,HA1:T216I,HA2:I91V		NODE_0000790-1.00	A183G,C231A,G327A,G338T,A429G,A444G,A516G,A576C,T620C,A686G,C718T,T953C,A992G,T1023C,A1323G,C1340T,T1347C,C1442T,A1532C,C1589T,A1646G,C1673T		HA1:N38D,HA1:Q54K,HA1:D86N,HA1:T120A,HA1:N125D,HA1:I149V,HA1:K169Q,HA1:T216I,HA2:I91V		NODE_00005050.00	C718T,C1340T,A1532C,C1589T		HA1:T216I		NODE_00005050.00	C718T,C1340T,A1532C,C1589T		HA1:T216I								4	0	good	0	15	-4	0	good	1						0		0	0	good		0	0	good	0				
78	othA/California/LACPHL-INF00606/2024	6B.1A.5a.2a.1	D	D	5a.2a.1	HA1:10:NNS;HA1:23:NVT;HA1:87:NGT;HA1:162:NQT;HA1:276:NAT;HA1:287:NTS;HA2:154:NGT	0	good	35	0	0	0	0	0	15	0	0	0	4963	21	1721	0.9708904109589042	false	G44A,G170A,A231C,C255T,C344T,A467G,C480T,A496G,G525A,A542G,T620C,G627A,C636G,A717G,A742C,A827G,G847A,T851A,A900G,G950A,A968G,G1139T,G1145A,T1199C,G1286A,A1323G,T1347C,C1364T,C1385T,A1422C,T1520C,T1554C,C1601T,G1616A,T1688C				HA1:K54Q,HA1:P137S,HA1:K142R,HA1:V152I,HA1:A186T,HA1:Q189E,HA1:T216A,HA1:E224A,HA1:R259K,HA1:D260E,HA1:T277A,HA2:E29D,HA2:I91V,HA2:N124H,SigPep:M8I						0	0	0	0		NODE_00000130.00	G44A,C255T,C344T,A467G,G525A,A717G,G994A,G1286A,C1385T,T1520C,T1554C,T1688C		HA1:V152I,HA1:T216A,HA1:R308K,SigPep:M8I		NODE_00000130.00	G44A,C255T,C344T,A467G,G525A,A717G,G994A,G1286A,C1385T,T1520C,T1554C,T1688C		HA1:V152I,HA1:T216A,HA1:R308K,SigPep:M8I		NODE_00000740.00	G44A,C344T,A467G,G525A,G994A,G1286A,C1385T,T1520C,T1554C,T1688C		HA1:V152I,HA1:R308K,SigPep:M8I		NODE_00000740.00	G44A,C344T,A467G,G525A,G994A,G1286A,C1385T,T1520C,T1554C,T1688C		HA1:V152I,HA1:R308K,SigPep:M8I								4	0	good	0	15	-5	0	good	0						0		0	0	good		0	0	good	0				
79	othA/Scotland/003_203/2024	6B.1A.5a.2a	C.1.9.3	C.1.9.3	5a.2a	HA1:10:NNS;HA1:23:NVT;HA1:87:NGT;HA1:162:NQT;HA1:276:NTT;HA1:287:NTS;HA2:154:NGT	0	good	38	0	0	0	0	0	14	0	0	0	5104	1	1752	1	false	A11C,C64T,G170A,A231C,G311A,T318C,T320C,G338T,A429G,A536G,A567G,A576C,T620C,G627A,C636G,A652C,A742C,G847A,A968G,A992G,A994G,T1023C,A1058G,A1106C,T1199C,A1323G,G1346A,T1347C,C1385T,C1442T,T1600C,C1601T,T1610C,T1611C,G1616A,A1646G,T1688C,C1739A				HA1:K54Q,HA1:S83P,HA1:T120A,HA1:I166V,HA1:K169Q,HA1:A186T,HA1:Q189E,HA1:N194T,HA1:E224A,HA1:R259K,HA1:K308R,HA2:I91V,HA2:I183T,SigPep:A15V					A11C,A536G,A652C	0	0	3	3		NODE_0000790-1.00	A11C,C64T,G311A,T318C,T320C,G338T,A429G,A536G,A567G,A576C,T620C,A652C,A992G,T1023C,A1058G,A1106C,A1323G,G1346A,T1347C,C1385T,C1442T,T1600C,T1610C,T1611C,A1646G,T1688C,C1739A		HA1:S83P,HA1:T120A,HA1:I166V,HA1:K169Q,HA1:N194T,HA2:I91V,HA2:I183T,SigPep:A15V		NODE_0000790-1.00	A11C,C64T,G311A,T318C,T320C,G338T,A429G,A536G,A567G,A576C,T620C,A652C,A992G,T1023C,A1058G,A1106C,A1323G,G1346A,T1347C,C1385T,C1442T,T1600C,T1610C,T1611C,A1646G,T1688C,C1739A		HA1:S83P,HA1:T120A,HA1:I166V,HA1:K169Q,HA1:N194T,HA2:I91V,HA2:I183T,SigPep:A15V		NODE_0000616-1.00	A11C,C64T,T320C,A536G,A567G,A652C,A1106C,G1346A		HA1:I166V,HA1:N194T,SigPep:A15V		NODE_0000616-1.00	A11C,C64T,T320C,A536G,A567G,A652C,A1106C,G1346A		HA1:I166V,HA1:N194T,SigPep:A15V								4	0	good	0	15	-2	0	good	3						0		0	0	good		0	0	good	0				
80	niidA/Tokyo/EIS10-980/2024	6B.1A.5a.2a.1	D.5	D.5	5a.2a.1	HA1:10:NNS;HA1:23:NVT;HA1:87:NGT;HA1:162:NQT;HA1:276:NAT;HA1:287:NTS;HA2:154:NGT	0	good	34	0	0	0	0	0	16	0	0	0	4967	21	1721	0.9708904109589042	false	G170A,G205A,A231C,C255T,C344T,G409A,C452T,C480T,A496G,A542G,T620C,G627A,C636G,A717G,A742C,A749G,A827G,G847A,T851A,A900G,G950A,A968G,A994G,G1139T,G1145A,T1199C,A1323G,T1347C,C1364T,C1385T,A1422C,A1550C,C1601T,G1616A				HA1:R45K,HA1:K54Q,HA1:R113K,HA1:P137S,HA1:K142R,HA1:A186T,HA1:Q189E,HA1:T216A,HA1:E224A,HA1:R259K,HA1:D260E,HA1:T277A,HA1:K308R,HA2:E29D,HA2:I91V,HA2:N124H					G409A,A1550C	0	0	2	2		NODE_00000130.00	G205A,C255T,C344T,G409A,C452T,A717G,A749G,C1385T,A1550C		HA1:R45K,HA1:R113K,HA1:T216A		NODE_00000130.00	G205A,C255T,C344T,G409A,C452T,A717G,A749G,C1385T,A1550C		HA1:R45K,HA1:R113K,HA1:T216A		NODE_0000221-1.00	G409A,A1550C		HA1:R113K		NODE_0000221-1.00	G409A,A1550C		HA1:R113K								4	0	good	0	15	-3	0	good	2						0		0	0	good		0	0	good	0				
81	cdcA/Tennessee/86/2024	6B.1A.5a.2a.1	D.5	D.5	5a.2a.1	HA1:10:NNS;HA1:23:NVT;HA1:87:NGT;HA1:162:NQT;HA1:276:NAT;HA1:287:NTS;HA2:154:NGT	0	good	38	0	0	0	0	0	17	0	0	0	5104	1	1752	1	false	G36A,G170A,G205A,A231C,C255T,C344T,A350T,C452T,G456A,C480T,A496G,A497G,A542G,T620C,G627A,C636G,A717G,A742C,A749G,A827G,G847A,T851A,A900G,G950A,A968G,A994G,G1139T,G1145A,T1199C,A1323G,T1347C,C1364T,C1385T,A1422C,G1517A,C1601T,G1616A,G1728A				HA1:R45K,HA1:K54Q,HA1:D129N,HA1:P137S,HA1:K142R,HA1:A186T,HA1:Q189E,HA1:T216A,HA1:E224A,HA1:R259K,HA1:D260E,HA1:T277A,HA1:K308R,HA2:E29D,HA2:I91V,HA2:N124H,SigPep:V6I					G456A	0	0	1	1		NODE_00000130.00	G36A,G205A,C255T,C344T,A350T,C452T,G456A,A497G,A717G,A749G,C1385T,G1517A,G1728A		HA1:R45K,HA1:D129N,HA1:T216A,SigPep:V6I		NODE_00000130.00	G36A,G205A,C255T,C344T,A350T,C452T,G456A,A497G,A717G,A749G,C1385T,G1517A,G1728A		HA1:R45K,HA1:D129N,HA1:T216A,SigPep:V6I		NODE_0000221-1.00	G36A,A350T,G456A,A497G,G1517A		HA1:D129N,SigPep:V6I		NODE_0000221-1.00	G36A,A350T,G456A,A497G,G1517A		HA1:D129N,SigPep:V6I								4	0	good	0	15	-4	0	good	1						0		0	0	good		0	0	good	0				
82	othA/Sling/5435/2024	6B.1A.5a.2a	C.1.9.4	C.1.9.4	5a.2a	HA1:10:NNS;HA1:23:NVT;HA1:87:NGT;HA1:162:NQT;HA1:276:NTT;HA1:287:NTS;HA2:154:NGT	0	good	32	0	26	0	0	0	13	0	0	0	5128	1	1752	1	false	G170A,A183G,G327A,G338T,A357G,A429G,A444G,A516G,A576C,T620C,G627A,C636G,A686G,C701T,A742C,G847A,T953C,A968G,A992G,A994G,T1023C,T1199C,A1323G,T1347C,A1421G,C1442T,G1445A,C1601T,G1616A,A1646G,C1673T,C1739A		0:GAGCAAAAGCAGG,1752:CCTTGTTTCTACT		HA1:N38D,HA1:D86N,HA1:I96V,HA1:T120A,HA1:N125D,HA1:I149V,HA1:K169Q,HA1:A186T,HA1:Q189E,HA1:E224A,HA1:R259K,HA1:K308R,HA2:I91V					G1445A	0	0	1	1		NODE_0000790-1.00	A183G,C231A,G327A,G338T,A357G,A429G,A444G,A516G,A576C,T620C,A686G,C701T,T953C,A992G,T1023C,A1323G,T1347C,A1421G,C1442T,G1445A,A1646G,C1673T,C1739A		HA1:N38D,HA1:Q54K,HA1:D86N,HA1:I96V,HA1:T120A,HA1:N125D,HA1:I149V,HA1:K169Q,HA2:I91V		NODE_0000790-1.00	A183G,C231A,G327A,G338T,A357G,A429G,A444G,A516G,A576C,T620C,A686G,C701T,T953C,A992G,T1023C,A1323G,T1347C,A1421G,C1442T,G1445A,A1646G,C1673T,C1739A		HA1:N38D,HA1:Q54K,HA1:D86N,HA1:I96V,HA1:T120A,HA1:N125D,HA1:I149V,HA1:K169Q,HA2:I91V		NODE_00005050.00	A357G,C701T,A1421G,G1445A		HA1:I96V		NODE_00005050.00	A357G,C701T,A1421G,G1445A		HA1:I96V								4	0	good	0	15	-4	0	good	1						0		0	0	good		0	0	good	0				
83	tnicA/Bangkok/P3920/2024	6B.1A.5a.2a.1	D.3	D.3	5a.2a.1	HA1:10:NNS;HA1:23:NVT;HA1:87:NGT;HA1:162:NQT;HA1:276:NAT;HA1:287:NTS;HA2:154:NGT	0	good	38	0	0	0	0	0	18	0	0	0	4951	21	1721	0.9708904109589042	false	G170A,A231C,C281A,A293G,A429G,C480T,A496G,A542G,T620C,G627A,C636G,A662G,A717G,A742C,A827G,G847A,T851A,A900G,G950A,A968G,A994G,T1005C,A1010G,A1106C,G1139T,G1145A,A1185G,T1199C,G1286A,A1323G,T1347C,C1364T,A1422C,T1450C,A1556G,C1601T,G1616T,T1630C				HA1:K54Q,HA1:T120A,HA1:P137S,HA1:K142R,HA1:A186T,HA1:Q189E,HA1:T216A,HA1:E224A,HA1:R259K,HA1:D260E,HA1:T277A,HA1:K308R,HA2:E29D,HA2:I45V,HA2:I91V,HA2:N124H,HA2:I133T,HA2:V193A					A1616T	0	0	1	1		NODE_00000130.00	C281A,A293G,A429G,A662G,A717G,T1005C,A1010G,A1106C,A1185G,G1286A,T1450C,A1556G,A1616T,T1630C		HA1:T120A,HA1:T216A,HA2:I45V,HA2:I133T,HA2:V193A		NODE_00000130.00	C281A,A293G,A429G,A662G,A717G,T1005C,A1010G,A1106C,A1185G,G1286A,T1450C,A1556G,A1616T,T1630C		HA1:T120A,HA1:T216A,HA2:I45V,HA2:I133T,HA2:V193A		NODE_0000077-1.00	T255C,C281A,A662G,A1106C,G1286A,T1450C,A1556G,A1616T,T1630C		HA2:I133T,HA2:V193A		NODE_0000077-1.00	T255C,C281A,A662G,A1106C,G1286A,T1450C,A1556G,A1616T,T1630C		HA2:I133T,HA2:V193A								4	0	good	0	15	-4	0	good	1						0		0	0	good		0	0	good	0				
84	othA/Hong_Kong/2931/2024	6B.1A.5a.2a.1	D.1	D.1	5a.2a.1	HA1:10:NNS;HA1:23:NVT;HA1:87:NGT;HA1:162:NQT;HA1:276:NAT;HA1:287:NTS;HA2:154:NGT	11.111111	good	44	0	0	0	0	0	18	0	0	0	4927	21	1721	0.9708904109589042	false	C155T,G170A,G205A,A231C,C255T,G327A,A467G,G470A,C480T,T482C,A496G,T540A,C541T,A542G,T569C,T620C,G627A,C636G,A717G,A742C,T806C,A827G,G847A,T851A,T878C,A900G,G950A,A968G,A994G,C1056A,G1139T,G1145A,T1199C,A1323G,T1347C,C1353T,C1364T,A1422C,G1427A,C1442T,C1584T,C1601T,G1616A,T1688A				HA1:R45K,HA1:K54Q,HA1:D86N,HA1:P137S,HA1:K142R,HA1:S157M,HA1:A186T,HA1:Q189E,HA1:T216A,HA1:E224A,HA1:R259K,HA1:D260E,HA1:T277A,HA1:K308R,HA2:L2I,HA2:E29D,HA2:I91V,HA2:N124H					C155T,G327A,G470A,T482C,T540A,C541T,T569C,T806C,T878C,C1353T	0	0	10	10		NODE_00000130.00	C155T,G205A,C255T,G327A,A467G,G470A,T482C,T540A,C541T,T569C,A717G,T806C,T878C,C1056A,C1353T,G1427A,C1442T,C1584T,T1688A		HA1:R45K,HA1:D86N,HA1:S157M,HA1:T216A,HA2:L2I		NODE_00000130.00	C155T,G205A,C255T,G327A,A467G,G470A,T482C,T540A,C541T,T569C,A717G,T806C,T878C,C1056A,C1353T,G1427A,C1442T,C1584T,T1688A		HA1:R45K,HA1:D86N,HA1:S157M,HA1:T216A,HA2:L2I		NODE_0000144-1.00	C155T,G327A,A467G,G470A,T482C,T540A,C541T,T569C,T806C,T878C,C1056A,C1353T,C1442T,C1584T		HA1:D86N,HA1:S157M,HA2:L2I		NODE_0000144-1.00	C155T,G327A,A467G,G470A,T482C,T540A,C541T,T569C,T806C,T878C,C1056A,C1353T,C1442T,C1584T		HA1:D86N,HA1:S157M,HA2:L2I								4	0	good	0	15	5	33.333333	mediocre	10						0		0	0	good		0	0	good	0				
85	othA/Vietnam/Binh_Dinh/RV1_240118/2024	6B.1A.5a.2a	C.1.9.1	C.1.9.1	5a.2a	HA1:10:NNS;HA1:23:NVT;HA1:87:NGT;HA1:162:NQT;HA1:276:NTT;HA1:287:NTS;HA2:154:NGT	0	good	30	0	3	0	0	0	10	0	1	0	4976	21	1721	0.9708904109589042	false	G170A,A231C,G338T,A429G,C480T,A576C,G581A,T620C,G627A,C636G,A686G,A742C,G847A,G920A,T959C,A968G,A992G,A994G,T1023C,T1040C,G1142A,T1199C,G1259A,A1323G,T1347C,C1442T,C1601T,G1616A,A1646G,C1673T		29:NNN		HA1:K54Q,HA1:T120A,HA1:P137S,HA1:K169Q,HA1:A186T,HA1:Q189E,HA1:E224A,HA1:R259K,HA1:K308R,HA2:I91V		SigPep:3:X			G581A,G920A,G1259A	0	0	3	3		NODE_0000790-1.00	G338T,A429G,C480T,A576C,G581A,T620C,A686G,G920A,T959C,A992G,T1023C,T1040C,G1142A,G1259A,A1323G,T1347C,C1442T,A1646G,C1673T		HA1:T120A,HA1:P137S,HA1:K169Q,HA2:I91V		NODE_0000790-1.00	G338T,A429G,C480T,A576C,G581A,T620C,A686G,G920A,T959C,A992G,T1023C,T1040C,G1142A,G1259A,A1323G,T1347C,C1442T,A1646G,C1673T		HA1:T120A,HA1:P137S,HA1:K169Q,HA2:I91V		NODE_00005070.00	G581A,G920A,G1259A				NODE_00005070.00	G581A,G920A,G1259A										4	0	good	0	15	-2	0	good	3						0		0	0	good		0	0	good	0				
87	cdcA/Michigan/59/2023	6B.1A.5a.2a	C.1.9	C.1.9	5a.2a	HA1:10:NNS;HA1:23:NVT;HA1:87:NGT;HA1:162:NQT;HA1:276:NTT;HA1:287:NTS;HA2:154:NGT	0	good	23	0	0	0	0	0	9	0	0	0	5164	1	1752	1	false	G170A,A231C,G338T,G380A,A429G,A576C,T620C,G627A,C636G,A742C,G847A,A968G,A992G,A994G,T1023C,T1199C,A1323G,T1347C,C1442T,C1601T,G1616A,A1646G,C1739A				HA1:K54Q,HA1:T120A,HA1:K169Q,HA1:A186T,HA1:Q189E,HA1:E224A,HA1:R259K,HA1:K308R,HA2:I91V						0	0	0	0		NODE_0000790-1.00	G338T,G380A,A429G,A576C,T620C,A992G,T1023C,A1323G,T1347C,C1442T,A1646G,C1739A		HA1:T120A,HA1:K169Q,HA2:I91V		NODE_0000790-1.00	G338T,G380A,A429G,A576C,T620C,A992G,T1023C,A1323G,T1347C,C1442T,A1646G,C1739A		HA1:T120A,HA1:K169Q,HA2:I91V		NODE_00004750.00	G380A				NODE_00004750.00	G380A										4	0	good	0	15	-5	0	good	0						0		0	0	good		0	0	good	0				
86	othA/French_Polynesia/HCL024201357901/2024	6B.1A.5a.2a.1	D.5	D.5	5a.2a.1	HA1:10:NNS;HA1:23:NVT;HA1:87:NGT;HA1:162:NQT;HA1:276:NAT;HA1:287:NTS;HA2:154:NGT	0	good	38	0	25	0	9	0	16	0	0	0	5095	1	1752	0.9948630136986302	false	G36A,G170A,G205A,A231C,C255T,C344T,A350T,C452T,C480T,A496G,A497G,A542G,T620C,G627A,C636G,A717G,A742C,A749G,A827G,G847A,T851A,A900G,G950A,A968G,A994G,G1139T,G1145A,T1199C,A1323G,T1347C,C1364T,C1385T,A1422C,C1460A,G1517A,C1601T,G1616A,G1728A		0:NNNNNNNNNNNN,1752:NNNNNNNNNNNNN		HA1:R45K,HA1:K54Q,HA1:P137S,HA1:K142R,HA1:A186T,HA1:Q189E,HA1:T216A,HA1:E224A,HA1:R259K,HA1:D260E,HA1:T277A,HA1:K308R,HA2:E29D,HA2:I91V,HA2:N124H,SigPep:V6I					C1460A	0	0	1	1	1-2,1746-1752	NODE_00000130.00	G36A,G205A,C255T,C344T,A350T,C452T,A497G,A717G,A749G,C1385T,C1460A,G1517A,G1728A		HA1:R45K,HA1:T216A,SigPep:V6I		NODE_00000130.00	G36A,G205A,C255T,C344T,A350T,C452T,A497G,A717G,A749G,C1385T,C1460A,G1517A,G1728A		HA1:R45K,HA1:T216A,SigPep:V6I		NODE_0000221-1.00	G36A,A350T,A497G,C1460A,G1517A		SigPep:V6I		NODE_0000221-1.00	G36A,A350T,A497G,C1460A,G1517A		SigPep:V6I								4	0	good	0	15	-4	0	good	1						0		0	0	good		0	0	good	0				
88	cdcA/Connecticut/17/2023	6B.1A.5a.2a	C.1.8	C.1.8	5a.2a	HA1:10:NNS;HA1:23:NVT;HA1:87:NGT;HA1:162:NQT;HA1:276:NTT;HA1:287:NTS;HA2:154:NGT	0	good	25	0	0	0	0	0	11	0	0	0	5156	1	1752	1	false	T54C,G170A,A191G,G210A,A231C,A317G,G338T,T358C,A429G,T620C,G627A,C636G,A742C,G847A,A968G,A992G,A994G,T1023C,T1199C,A1323G,T1347C,C1442A,C1601T,G1616A,A1646G				HA1:V47I,HA1:K54Q,HA1:I96T,HA1:T120A,HA1:A186T,HA1:Q189E,HA1:E224A,HA1:R259K,HA1:K308R,HA2:I91V,SigPep:F12L					A317G	0	0	1	1		NODE_0000790-1.00	T54C,A191G,G210A,A317G,G338T,T358C,A429G,T620C,A992G,T1023C,A1323G,T1347C,C1442A,A1646G		HA1:V47I,HA1:I96T,HA1:T120A,HA2:I91V,SigPep:F12L		NODE_0000790-1.00	T54C,A191G,G210A,A317G,G338T,T358C,A429G,T620C,A992G,T1023C,A1323G,T1347C,C1442A,A1646G		HA1:V47I,HA1:I96T,HA1:T120A,HA2:I91V,SigPep:F12L		NODE_0000432-1.00	A317G,T358C		HA1:I96T		NODE_0000432-1.00	A317G,T358C		HA1:I96T								4	0	good	0	15	-4	0	good	1						0		0	0	good		0	0	good	0				
89	cdcA/Michigan/62/2023	6B.1A.5a.2a	C.1.8	C.1.8	5a.2a	HA1:10:NNS;HA1:23:NVT;HA1:87:NGT;HA1:162:NQT;HA1:276:NTT;HA1:287:NTS;HA2:154:NGT	0	good	27	0	0	0	0	0	12	0	0	0	5148	1	1752	1	false	G2A,T54C,G170A,A191G,G210A,A231C,G338T,T358C,A429G,T620C,G627A,C636G,A739G,A742C,T809C,G847A,A968G,A992G,A994G,T1023C,T1199C,A1323G,T1347C,C1442A,C1601T,G1616A,A1646G				HA1:V47I,HA1:K54Q,HA1:I96T,HA1:T120A,HA1:A186T,HA1:Q189E,HA1:Q223R,HA1:E224A,HA1:R259K,HA1:K308R,HA2:I91V,SigPep:F12L					G2A,A739G,T809C	0	0	3	3		NODE_0000790-1.00	G2A,T54C,A191G,G210A,G338T,T358C,A429G,T620C,A739G,T809C,A992G,T1023C,A1323G,T1347C,C1442A,A1646G		HA1:V47I,HA1:I96T,HA1:T120A,HA1:Q223R,HA2:I91V,SigPep:F12L		NODE_0000790-1.00	G2A,T54C,A191G,G210A,G338T,T358C,A429G,T620C,A739G,T809C,A992G,T1023C,A1323G,T1347C,C1442A,A1646G		HA1:V47I,HA1:I96T,HA1:T120A,HA1:Q223R,HA2:I91V,SigPep:F12L		NODE_0000432-1.00	G2A,T358C,A739G,T809C		HA1:I96T,HA1:Q223R		NODE_0000432-1.00	G2A,T358C,A739G,T809C		HA1:I96T,HA1:Q223R								4	0	good	0	15	-2	0	good	3						0		0	0	good		0	0	good	0				
90	cdcA/Alaska/14/2023	6B.1A.5a.2a.1	D.2	D.2	5a.2a.1	HA1:10:NNS;HA1:23:NVT;HA1:87:NGT;HA1:162:NQT;HA1:276:NAT;HA1:287:NTS;HA2:154:NGT	0	good	34	0	0	0	0	0	16	0	0	0	5120	1	1752	1	false	A53G,G170A,A231C,C255T,G409A,C480T,A496G,A509G,A542G,T620C,G627A,C636G,A717G,A742C,A773G,A827G,G847A,T851A,A900G,G950A,A968G,A994G,G1139T,G1145A,C1160A,T1199C,A1323G,T1347C,G1350A,C1364T,A1422C,C1601T,G1616A,G1728A				HA1:K54Q,HA1:R113K,HA1:P137S,HA1:K142R,HA1:A186T,HA1:Q189E,HA1:T216A,HA1:E224A,HA1:R259K,HA1:D260E,HA1:T277A,HA1:K308R,HA2:E29D,HA2:I91V,HA2:V100I,HA2:N124H					A53G,A509G,C1160A	0	0	3	3		NODE_00000130.00	A53G,C255T,G409A,A509G,A717G,A773G,C1160A,G1350A,G1728A		HA1:R113K,HA1:T216A,HA2:V100I		NODE_00000130.00	A53G,C255T,G409A,A509G,A717G,A773G,C1160A,G1350A,G1728A		HA1:R113K,HA1:T216A,HA2:V100I		NODE_0000098-1.00	A53G,A509G,A773G,C1160A				NODE_0000098-1.00	A53G,A509G,A773G,C1160A										4	0	good	0	15	-2	0	good	3						0		0	0	good		0	0	good	0				
92	cdcA/District_Of_Columbia/03/2024	6B.1A.5a.2a	C.1.9	C.1.9	5a.2a	HA1:10:NNS;HA1:23:NVT;HA1:87:NGT;HA1:162:NQT;HA1:276:NTT;HA1:287:NTS;HA2:154:NGT	0	good	26	0	0	0	0	0	9	0	0	0	5152	1	1752	1	false	G170A,A231C,G338T,A429G,A576C,T620C,G627A,C636G,A742C,G847A,A968G,A992G,A994G,T1023C,T1199C,A1323G,T1347C,G1358T,C1442T,C1601T,G1616A,A1646G,C1659T,C1673T,C1739A,A1740G				HA1:K54Q,HA1:T120A,HA1:K169Q,HA1:A186T,HA1:Q189E,HA1:E224A,HA1:R259K,HA1:K308R,HA2:I91V						0	0	0	0		NODE_0000790-1.00	G338T,A429G,A576C,T620C,A992G,T1023C,A1323G,T1347C,G1358T,C1442T,A1646G,C1659T,C1673T,C1739A,A1740G		HA1:T120A,HA1:K169Q,HA2:I91V		NODE_0000790-1.00	G338T,A429G,A576C,T620C,A992G,T1023C,A1323G,T1347C,G1358T,C1442T,A1646G,C1659T,C1673T,C1739A,A1740G		HA1:T120A,HA1:K169Q,HA2:I91V		NODE_00004750.00	G1358T,C1659T,C1673T,A1740G				NODE_00004750.00	G1358T,C1659T,C1673T,A1740G										4	0	good	0	15	-5	0	good	0						0		0	0	good		0	0	good	0				
91	cdcA/Illinois/18/2023	6B.1A.5a.2a.1	D.1	D.1	5a.2a.1	HA1:10:NNS;HA1:23:NVT;HA1:87:NGT;HA1:162:NQT;HA1:276:NAT;HA1:287:NTS;HA2:154:NGT	0	good	33	0	0	0	0	0	16	0	0	0	5124	1	1752	1	false	G170A,G205A,A231C,C255T,G380A,C480T,A496G,A542G,T620C,G627A,C636G,A717G,A742C,A827G,G847A,T851A,A900G,G950A,A968G,A975G,A994G,G1139T,G1145A,T1199C,A1323G,T1347C,C1364T,A1422C,G1427A,C1601T,G1616A,T1688A,G1728A				HA1:R45K,HA1:K54Q,HA1:P137S,HA1:K142R,HA1:A186T,HA1:Q189E,HA1:T216A,HA1:E224A,HA1:R259K,HA1:D260E,HA1:T277A,HA1:K302E,HA1:K308R,HA2:E29D,HA2:I91V,HA2:N124H					A975G	0	0	1	1		NODE_00000130.00	G205A,C255T,G380A,A717G,A975G,G1427A,T1688A,G1728A		HA1:R45K,HA1:T216A,HA1:K302E		NODE_00000130.00	G205A,C255T,G380A,A717G,A975G,G1427A,T1688A,G1728A		HA1:R45K,HA1:T216A,HA1:K302E		NODE_0000144-1.00	G380A,A975G		HA1:K302E		NODE_0000144-1.00	G380A,A975G		HA1:K302E								4	0	good	0	15	-4	0	good	1						0		0	0	good		0	0	good	0				
93	crickA/Israel/R18527/2024	6B.1A.5a.2a	C.1.9.3	C.1.9.3	5a.2a	HA1:10:NNS;HA1:23:NVT;HA1:87:NGT;HA1:162:NQT;HA1:276:NTT;HA1:287:NTS;HA2:154:NGT	6.250000	good	34	0	0	0	0	1	13	0	0	0	4967	21	1721	0.9703196347031964	false	C64T,G170A,A231C,G311A,T318C,T320C,G338T,A429G,A567G,A576C,T620C,G627A,C636G,A742C,G847A,A968G,A992G,A994G,T1023C,A1058G,A1106C,T1199C,A1323G,G1346A,T1347C,C1385T,C1442T,T1600C,C1601T,T1610C,T1611C,G1616A,A1646G,T1688C				HA1:K54Q,HA1:S83P,HA1:T120A,HA1:I166V,HA1:K169Q,HA1:A186T,HA1:Q189E,HA1:E224A,HA1:R259K,HA1:K308R,HA2:I91V,HA2:I183T,SigPep:A15V						0	0	0	0		NODE_0000790-1.00	C64T,G311A,T318C,T320C,G338T,A429G,A567G,A576C,T620C,A992G,T1023C,A1058G,A1106C,A1323G,G1346A,T1347C,C1385T,C1442T,T1600C,T1610C,T1611C,A1646G,T1688C		HA1:S83P,HA1:T120A,HA1:I166V,HA1:K169Q,HA2:I91V,HA2:I183T,SigPep:A15V		NODE_0000790-1.00	C64T,G311A,T318C,T320C,G338T,A429G,A567G,A576C,T620C,A992G,T1023C,A1058G,A1106C,A1323G,G1346A,T1347C,C1385T,C1442T,T1600C,T1610C,T1611C,A1646G,T1688C		HA1:S83P,HA1:T120A,HA1:I166V,HA1:K169Q,HA2:I91V,HA2:I183T,SigPep:A15V		NODE_0000616-1.00	C64T,T320C,A567G,A1106C,G1346A		HA1:I166V,SigPep:A15V		NODE_0000616-1.00	C64T,T320C,A567G,A1106C,G1346A		HA1:I166V,SigPep:A15V			Y:575					4	25	good	1	15	-5	0	good	0						0		0	0	good		0	0	good	0				
94	cnicA/Henan-Shancheng/SWL1468/2024	6B.1A.5a.2a	C.1.9.3	C.1.9.3	5a.2a	HA1:10:NNS;HA1:23:NVT;HA1:87:NGT;HA1:162:NQT;HA1:276:NTT;HA1:287:NTS;HA2:154:NGT	0	good	36	0	25	0	0	0	14	0	0	0	5112	1	1752	1	false	C64T,G170A,A231C,G311A,T318C,G338T,T404C,A429G,C480T,A567G,A576C,T620C,G627A,C636G,A742C,G847A,T878C,A968G,A992G,A994G,T1023C,A1058G,T1199C,A1323G,T1347C,C1385T,C1442T,C1460A,T1600C,C1601T,T1610C,T1611C,G1616A,A1646G,T1688C,C1739A		0:AGCAAAAGCAGG,1752:CCTTGTTTCTACT		HA1:K54Q,HA1:S83P,HA1:T120A,HA1:P137S,HA1:I166V,HA1:K169Q,HA1:A186T,HA1:Q189E,HA1:E224A,HA1:R259K,HA1:K308R,HA2:I91V,HA2:I183T,SigPep:A15V					T404C,T878C,C1460A	0	0	3	3		NODE_0000790-1.00	C64T,G311A,T318C,G338T,T404C,A429G,C480T,A567G,A576C,T620C,T878C,A992G,T1023C,A1058G,A1323G,T1347C,C1385T,C1442T,C1460A,T1600C,T1610C,T1611C,A1646G,T1688C,C1739A		HA1:S83P,HA1:T120A,HA1:P137S,HA1:I166V,HA1:K169Q,HA2:I91V,HA2:I183T,SigPep:A15V		NODE_0000790-1.00	C64T,G311A,T318C,G338T,T404C,A429G,C480T,A567G,A576C,T620C,T878C,A992G,T1023C,A1058G,A1323G,T1347C,C1385T,C1442T,C1460A,T1600C,T1610C,T1611C,A1646G,T1688C,C1739A		HA1:S83P,HA1:T120A,HA1:P137S,HA1:I166V,HA1:K169Q,HA2:I91V,HA2:I183T,SigPep:A15V		NODE_0000616-1.00	C64T,T404C,C480T,A567G,T878C,C1460A		HA1:P137S,HA1:I166V,SigPep:A15V		NODE_0000616-1.00	C64T,T404C,C480T,A567G,T878C,C1460A		HA1:P137S,HA1:I166V,SigPep:A15V								4	0	good	0	15	-2	0	good	3						0		0	0	good		0	0	good	0				
