strain	designation	gisaid_epi_isl	passage	center	date	month	type	location
A/Tasmania/667/2024_q_sep	A/Tasmania/667/2024	EPI_ISL_19555914	QMC2	Hobart Pathology	2/9/2024	sep	QMC	Australia
A/South_Australia/105/2024_jul	A/South_Australia/105/2024	EPI_ISL_19493414	SIAT1	Institute of Medical and Veterinary Science (IMVS)	1/7/2024	jul	NA	Australia
A/Victoria/1445/2024_jun	A/Victoria/1445/2024	EPI_ISL_19388412	MDCK1	Alfred Hospital	29/6/2024	jun	NA	Australia
A/Tasmania/386/2024_jul	A/Tasmania/386/2024	EPI_ISL_19388404	SIAT1	Royal Hobart Hospital	15/7/2024	jul	NA	Australia
A/Tasmania/356/2024_jul	A/Tasmania/356/2024	EPI_ISL_19388399	SIAT1	Royal Hobart Hospital	11/7/2024	jul	NA	Australia
A/Tasmania/345/2024_jul	A/Tasmania/345/2024	EPI_ISL_19388398	SIAT1	Royal Hobart Hospital	10/7/2024	jul	NA	Australia
A/Tasmania/336/2024_jul	A/Tasmania/336/2024	EPI_ISL_19388397	SIAT1	Royal Hobart Hospital	9/7/2024	jul	NA	Australia
A/Tasmania/322/2024_jul	A/Tasmania/322/2024	EPI_ISL_19388393	SIAT1	Royal Hobart Hospital	7/7/2024	jul	NA	Australia
A/Tasmania/317/2024_jul	A/Tasmania/317/2024	EPI_ISL_19388392	SIAT1	Royal Hobart Hospital	7/7/2024	jul	NA	Australia
A/Tasmania/314/2024_jul	A/Tasmania/314/2024	EPI_ISL_19388391	SIAT1	Royal Hobart Hospital	6/7/2024	jul	NA	Australia
A/Victoria/1958/2024_jul	A/Victoria/1958/2024	EPI_ISL_19388389	SIAT1	Monash Medical Centre	18/7/2024	jul	NA	Australia
A/Victoria/1956/2024_jul	A/Victoria/1956/2024	EPI_ISL_19388387	SIAT1	Monash Medical Centre	17/7/2024	jul	NA	Australia
A/Victoria/1953/2024_jul	A/Victoria/1953/2024	EPI_ISL_19388385	SIAT1	Monash Medical Centre	16/7/2024	jul	NA	Australia
A/Victoria/1952/2024_jul	A/Victoria/1952/2024	EPI_ISL_19388384	SIAT1	Monash Medical Centre	16/7/2024	jul	NA	Australia
A/Victoria/1757/2024_jul	A/Victoria/1757/2024	EPI_ISL_19388376	SIAT1	Monash Medical Centre	14/7/2024	jul	NA	Australia
A/Victoria/1755/2024_jul	A/Victoria/1755/2024	EPI_ISL_19388374	SIAT1	Monash Medical Centre	14/7/2024	jul	NA	Australia
A/Victoria/1744/2024_jul	A/Victoria/1744/2024	EPI_ISL_19388365	SIAT1	Monash Medical Centre	12/7/2024	jul	NA	Australia
A/Victoria/1740/2024_jul	A/Victoria/1740/2024	EPI_ISL_19388361	SIAT1	Monash Medical Centre	11/7/2024	jul	NA	Australia
A/Victoria/1738/2024_jul	A/Victoria/1738/2024	EPI_ISL_19388359	SIAT1	Monash Medical Centre	11/7/2024	jul	NA	Australia
A/Victoria/1733/2024_jul	A/Victoria/1733/2024	EPI_ISL_19388356	SIAT1	Monash Medical Centre	9/7/2024	jul	NA	Australia
A/Victoria/1731/2024_jul	A/Victoria/1731/2024	EPI_ISL_19388355	SIAT1	Monash Medical Centre	9/7/2024	jul	NA	Australia
A/Victoria/1729/2024_jul	A/Victoria/1729/2024	EPI_ISL_19388353	SIAT1	Monash Medical Centre	9/7/2024	jul	NA	Australia
A/Nelson_Marlborough/07/2024_jun	A/Nelson_Marlborough/07/2024	EPI_ISL_19383621	"MDCK, MDCK1"	Institute of Environmental Science and Research (ESR)	12/6/2024	jun	NA	Australia
A/Perth/821A/2024_jun	A/Perth/821A/2024	EPI_ISL_19383620	MDCK1	Pathwest QE II Medical Centre	5/6/2024	jun	NA	Australia
A/Sydney/595/2024_jul	A/Sydney/595/2024	EPI_ISL_19383619	SIAT1	"Clinical Virology Unit, CDIM"	7/7/2024	jul	NA	Australia
A/Sydney/585/2024_jul	A/Sydney/585/2024	EPI_ISL_19383617	SIAT1	"Clinical Virology Unit, CDIM"	5/7/2024	jul	NA	Australia
A/Victoria/1522/2024_jul	A/Victoria/1522/2024	EPI_ISL_19383612	SIAT1	Royal Chidrens Hospital	16/7/2024	jul	NA	Australia
A/Victoria/1537/2024_jul	A/Victoria/1537/2024	EPI_ISL_19383611	SIAT1	Royal Chidrens Hospital	8/7/2024	jul	NA	Australia
A/Darwin/1078/2024_o_jul	A/Darwin/1078/2024	EPI_ISL_19383608	ORIGINAL	Royal Darwin Hospital	6/7/2024	jul	Original - o	Australia
A/Sri_Lanka/79/2024_o_jul	A/Sri_Lanka/79/2024	EPI_ISL_19383607	ORIGINAL	Medical Research Institute	20/7/2024	jul	Original - o	Australia
A/Sri_Lanka/77/2024_o_jul	A/Sri_Lanka/77/2024	EPI_ISL_19383606	ORIGINAL	Medical Research Institute	14/7/2024	jul	Original - o	Australia
A/Sri_Lanka/73/2024_o_jul	A/Sri_Lanka/73/2024	EPI_ISL_19383605	ORIGINAL	Medical Research Institute	4/7/2024	jul	Original - o	Australia
A/Sri_Lanka/61/2024_o_may	A/Sri_Lanka/61/2024	EPI_ISL_19383604	ORIGINAL	Medical Research Institute	25/5/2024	may	Original - o	Australia
A/Sri_Lanka/58/2024_o_may	A/Sri_Lanka/58/2024	EPI_ISL_19383603	ORIGINAL	Medical Research Institute	9/5/2024	may	Original - o	Australia
A/Sri_Lanka/56/2024_o_may	A/Sri_Lanka/56/2024	EPI_ISL_19383602	ORIGINAL	Medical Research Institute	2/5/2024	may	Original - o	Australia
A/Sri_Lanka/54/2024_o_apr	A/Sri_Lanka/54/2024	EPI_ISL_19383601	ORIGINAL	Medical Research Institute	28/4/2024	apr	Original - o	Australia
A/Tasmania/379/2024_o_jul	A/Tasmania/379/2024	EPI_ISL_19383600	ORIGINAL	Royal Hobart Hospital	14/7/2024	jul	Original - o	Australia
A/Tasmania/378/2024_o_jul	A/Tasmania/378/2024	EPI_ISL_19383599	ORIGINAL	Royal Hobart Hospital	14/7/2024	jul	Original - o	Australia
A/Tasmania/374/2024_o_jul	A/Tasmania/374/2024	EPI_ISL_19383597	ORIGINAL	Royal Hobart Hospital	14/7/2024	jul	Original - o	Australia
A/Tasmania/372/2024_o_jul	A/Tasmania/372/2024	EPI_ISL_19383596	ORIGINAL	Royal Hobart Hospital	13/7/2024	jul	Original - o	Australia
A/Tasmania/355/2024_o_jul	A/Tasmania/355/2024	EPI_ISL_19383595	ORIGINAL	Royal Hobart Hospital	11/7/2024	jul	Original - o	Australia
A/Tasmania/351/2024_o_jul	A/Tasmania/351/2024	EPI_ISL_19383594	ORIGINAL	Royal Hobart Hospital	7/7/2024	jul	Original - o	Australia
A/Cambodia/i0424360/2024_mar	A/Cambodia/i0424360/2024	EPI_ISL_19383591	"SIAT1, MDCK1"	Institute Pasteur du Cambodia	18/3/2024	mar	NA	Australia
A/Cambodia/i0424366/2024_mar	A/Cambodia/i0424366/2024	EPI_ISL_19383590	"SIAT1, MDCK1"	Institute Pasteur du Cambodia	29/3/2024	mar	NA	Australia
A/Cambodia/i0514363/2024_may	A/Cambodia/i0514363/2024	EPI_ISL_19383589	"SIAT1, MDCK1"	Institute Pasteur du Cambodia	6/5/2024	may	NA	Australia
A/Victoria/1419/2024_jun	A/Victoria/1419/2024	EPI_ISL_19383512	SIAT1	Monash Medical Centre	28/6/2024	jun	NA	Australia
A/Victoria/1418/2024_jun	A/Victoria/1418/2024	EPI_ISL_19383511	SIAT1	Monash Medical Centre	28/6/2024	jun	NA	Australia
A/Victoria/1417/2024_jun	A/Victoria/1417/2024	EPI_ISL_19383510	SIAT1	Monash Medical Centre	28/6/2024	jun	NA	Australia
A/Victoria/1416/2024_jun	A/Victoria/1416/2024	EPI_ISL_19383509	SIAT1	Monash Medical Centre	27/6/2024	jun	NA	Australia
A/Victoria/1385/2024_jun	A/Victoria/1385/2024	EPI_ISL_19383505	SIAT2	Monash Medical Centre	22/6/2024	jun	NA	Australia
A/Victoria/1379/2024_jun	A/Victoria/1379/2024	EPI_ISL_19383502	SIAT2	Monash Medical Centre	21/6/2024	jun	NA	Australia
A/Victoria/1489/2024_jun	A/Victoria/1489/2024	EPI_ISL_19383501	SIAT1	Monash Medical Centre	15/6/2024	jun	NA	Australia
A/Victoria/1485/2024_jun	A/Victoria/1485/2024	EPI_ISL_19383499	SIAT1	Monash Medical Centre	14/6/2024	jun	NA	Australia
A/Victoria/1484/2024_jun	A/Victoria/1484/2024	EPI_ISL_19383498	SIAT1	Monash Medical Centre	13/6/2024	jun	NA	Australia
A/Victoria/1471/2024_jul	A/Victoria/1471/2024	EPI_ISL_19383492	SIAT1	Alfred Hospital	11/7/2024	jul	NA	Australia
A/Sydney/844/2024_jul	A/Sydney/844/2024	EPI_ISL_19383490	MDCK1	Childrens Hospital Westmead	12/7/2024	jul	NA	Australia
A/Victoria/1519/2024_jul	A/Victoria/1519/2024	EPI_ISL_19383489	SIAT1	Royal Chidrens Hospital	14/7/2024	jul	NA	Australia
A/Victoria/1467/2024_jul	A/Victoria/1467/2024	EPI_ISL_19383488	SIAT1	Alfred Hospital	9/7/2024	jul	NA	Australia
A/Victoria/1465/2024_jul	A/Victoria/1465/2024	EPI_ISL_19383487	SIAT1	Alfred Hospital	8/7/2024	jul	NA	Australia
A/Victoria/1462/2024_jul	A/Victoria/1462/2024	EPI_ISL_19383485	SIAT1	Alfred Hospital	8/7/2024	jul	NA	Australia
A/Victoria/1458/2024_jul	A/Victoria/1458/2024	EPI_ISL_19383484	SIAT1	Alfred Hospital	6/7/2024	jul	NA	Australia
A/Victoria/1494/2024_jul	A/Victoria/1494/2024	EPI_ISL_19383482	SIAT1	Royal Chidrens Hospital	10/7/2024	jul	NA	Australia
A/Victoria/1455/2024_jul	A/Victoria/1455/2024	EPI_ISL_19383480	SIAT1	Alfred Hospital	5/7/2024	jul	NA	Australia
A/South_Australia/128/2024_jul	A/South_Australia/128/2024	EPI_ISL_19383479	SIAT1	Institute of Medical and Veterinary Science (IMVS)	5/7/2024	jul	NA	Australia
A/Victoria/1536/2024_jul	A/Victoria/1536/2024	EPI_ISL_19383476	SIAT1	Royal Chidrens Hospital	7/7/2024	jul	NA	Australia
A/Victoria/1450/2024_jun	A/Victoria/1450/2024	EPI_ISL_19383475	SIAT1	Alfred Hospital	30/6/2024	jun	NA	Australia
A/Victoria/1448/2024_jun	A/Victoria/1448/2024	EPI_ISL_19383473	SIAT1	Alfred Hospital	30/6/2024	jun	NA	Australia
A/Tasmania/338/2024_jul	A/Tasmania/338/2024	EPI_ISL_19383457	SIAT1	Royal Hobart Hospital	9/7/2024	jul	NA	Australia
A/Tonga/7/2024_jul	A/Tonga/7/2024	EPI_ISL_19383453	SIAT1	Laboratory Service Vaiola Hospital Tongatapu	12/7/2024	jul	NA	Australia
A/Taranaki/03/2024_may	A/Taranaki/03/2024	EPI_ISL_19383451	"MDCK, MDCK1"	Institute of Environmental Science and Research (ESR)	4/5/2024	may	NA	Australia
A/Dunedin/02/2024_jun	A/Dunedin/02/2024	EPI_ISL_19383450	"MDCK, MDCK1"	Institute of Environmental Science and Research (ESR)	10/6/2024	jun	NA	Australia
A/Wellington/23/2024_jun	A/Wellington/23/2024	EPI_ISL_19383448	"MDCK, MDCK1"	Institute of Environmental Science and Research (ESR)	24/6/2024	jun	NA	Australia
A/Wellington/26/2024_jun	A/Wellington/26/2024	EPI_ISL_19383446	"MDCK, MDCK1"	Institute of Environmental Science and Research (ESR)	26/6/2024	jun	NA	Australia
A/Canterbury/12/2024_jun	A/Canterbury/12/2024	EPI_ISL_19383444	"MDCK, MDCK1"	Institute of Environmental Science and Research (ESR)	5/6/2024	jun	NA	Australia
A/Canterbury/11/2024_jun	A/Canterbury/11/2024	EPI_ISL_19383442	"MDCK, MDCK1"	Institute of Environmental Science and Research (ESR)	5/6/2024	jun	NA	Australia
A/Tonga/15/2024_jul	A/Tonga/15/2024	EPI_ISL_19383436	SIAT2	Laboratory Service Vaiola Hospital Tongatapu	2/7/2024	jul	NA	Australia
A/Sydney/709/2024_o_jul	A/Sydney/709/2024	EPI_ISL_19383433	ORIGINAL	Childrens Hospital Westmead	8/7/2024	jul	Original - o	Australia
A/Auckland/27/2024_jun	A/Auckland/27/2024	EPI_ISL_19383423	"MDCK, MDCK1"	Institute of Environmental Science and Research (ESR)	2/6/2024	jun	NA	Australia
A/Canterbury/06/2024_jun	A/Canterbury/06/2024	EPI_ISL_19383418	"MDCK, MDCK1"	Institute of Environmental Science and Research (ESR)	24/6/2024	jun	NA	Australia
A/Cambodia/i0610362/2024_apr	A/Cambodia/i0610362/2024	EPI_ISL_19383417	"SIAT1, MDCK1"	Institute Pasteur du Cambodia	24/4/2024	apr	NA	Australia
A/Wellington/30/2024_jun	A/Wellington/30/2024	EPI_ISL_19383416	"MDCK, MDCK1"	Institute of Environmental Science and Research (ESR)	19/6/2024	jun	NA	Australia
A/Taranaki/15/2024_jun	A/Taranaki/15/2024	EPI_ISL_19383414	"MDCK, MDCK1"	Institute of Environmental Science and Research (ESR)	20/6/2024	jun	NA	Australia
A/Nelson_Marlborough/12/2024_jun	A/Nelson_Marlborough/12/2024	EPI_ISL_19383412	"MDCK, MDCK1"	Institute of Environmental Science and Research (ESR)	18/6/2024	jun	NA	Australia
A/Taranaki/02/2024_apr	A/Taranaki/02/2024	EPI_ISL_19383410	"MDCK, MDCK1"	Institute of Environmental Science and Research (ESR)	19/4/2024	apr	NA	Australia
A/South_Africa/R04202/2024_o_may	A/South_Africa/R04202/2024	EPI_ISL_19383408	ORIGINAL	National Institute for Communicable Disease	21/5/2024	may	Original - o	Australia
A/Perth/900/2024_jul	A/Perth/900/2024	EPI_ISL_19383407	MDCK1	Pathwest QE II Medical Centre	11/7/2024	jul	NA	Australia
A/Victoria/1435/2024_jul	A/Victoria/1435/2024	EPI_ISL_19383394	MDCK1	VIC - Australian Clinical Labs (ACL) - Geelong	8/7/2024	jul	NA	Australia
A/Darwin/1177/2024_aug	A/Darwin/1177/2024	EPI_ISL_19383392	MDCK1	Royal Darwin Hospital	1/8/2024	aug	NA	Australia
A/Victoria/1581/2024_jul	A/Victoria/1581/2024	EPI_ISL_19383391	MDCK1	VIC - Australian Clinical Labs (ACL) - Geelong	9/7/2024	jul	NA	Australia
A/Darwin/1184/2024_aug	A/Darwin/1184/2024	EPI_ISL_19383389	MDCK1	Royal Darwin Hospital	2/8/2024	aug	NA	Australia
A/Darwin/1217/2024_aug	A/Darwin/1217/2024	EPI_ISL_19383386	MDCK1	Royal Darwin Hospital	1/8/2024	aug	NA	Australia
A/Victoria/1578/2024_jul	A/Victoria/1578/2024	EPI_ISL_19383385	MDCK1	VIC - Australian Clinical Labs (ACL) - Geelong	16/7/2024	jul	NA	Australia
A/Victoria/1568/2024_jul	A/Victoria/1568/2024	EPI_ISL_19383378	SIAT1	Royal Melbourne Hospital	12/7/2024	jul	NA	Australia
A/Victoria/1651/2024_jul	A/Victoria/1651/2024	EPI_ISL_19383374	SIAT1	Royal Melbourne Hospital	11/7/2024	jul	NA	Australia
A/Victoria/1563/2024_jul	A/Victoria/1563/2024	EPI_ISL_19383368	SIAT1	Royal Melbourne Hospital	8/7/2024	jul	NA	Australia
A/Victoria/1646/2024_jul	A/Victoria/1646/2024	EPI_ISL_19383366	SIAT1	Royal Melbourne Hospital	7/7/2024	jul	NA	Australia
A/Victoria/1642/2024_jul	A/Victoria/1642/2024	EPI_ISL_19383363	SIAT1	Royal Melbourne Hospital	6/7/2024	jul	NA	Australia
A/Sydney/589/2024_jul	A/Sydney/589/2024	EPI_ISL_19383362	SIAT1	"Clinical Virology Unit, CDIM"	6/7/2024	jul	NA	Australia
A/Victoria/1639/2024_jun	A/Victoria/1639/2024	EPI_ISL_19383359	SIAT1	Royal Melbourne Hospital	30/6/2024	jun	NA	Australia
A/Victoria/1635/2024_jun	A/Victoria/1635/2024	EPI_ISL_19383357	SIAT1	Royal Melbourne Hospital	27/6/2024	jun	NA	Australia
A/Tasmania/297/2024_jul	A/Tasmania/297/2024	EPI_ISL_19383354	MDCK2	Royal Hobart Hospital	3/7/2024	jul	NA	Australia
A/Victoria/1629/2024_jun	A/Victoria/1629/2024	EPI_ISL_19383353	SIAT1	Royal Melbourne Hospital	23/6/2024	jun	NA	Australia
A/Victoria/1427/2024_jun	A/Victoria/1427/2024	EPI_ISL_19383352	SIAT1	Monash Medical Centre	30/6/2024	jun	NA	Australia
A/Brisbane/72/2024_o_mar	A/Brisbane/72/2024	EPI_ISL_19383351	ORIGINAL	Queensland Health Forensic and Scientific Services	26/3/2024	mar	Original - o	"QLD, Australia"
A/Tasmania/292/2024_o_jun	A/Tasmania/292/2024	EPI_ISL_19383349	ORIGINAL	Royal Hobart Hospital	28/6/2024	jun	Original - o	Australia
A/Victoria/1425/2024_jun	A/Victoria/1425/2024	EPI_ISL_19383348	SIAT1	Monash Medical Centre	30/6/2024	jun	NA	Australia
A/South_Australia/124/2024_o_jul	A/South_Australia/124/2024	EPI_ISL_19383347	ORIGINAL	Institute of Medical and Veterinary Science (IMVS)	9/7/2024	jul	Original - o	Australia
A/Victoria/1424/2024_jun	A/Victoria/1424/2024	EPI_ISL_19383346	SIAT1	Monash Medical Centre	30/6/2024	jun	NA	Australia
A/South_Australia/135/2024_o_jul	A/South_Australia/135/2024	EPI_ISL_19383345	ORIGINAL	Institute of Medical and Veterinary Science (IMVS)	3/7/2024	jul	Original - o	Australia
A/Victoria/1423/2024_jun	A/Victoria/1423/2024	EPI_ISL_19383344	SIAT1	Monash Medical Centre	30/6/2024	jun	NA	Australia
A/Victoria/1310/2024_o_jul	A/Victoria/1310/2024	EPI_ISL_19383343	ORIGINAL	Royal Chidrens Hospital	1/7/2024	jul	Original - o	Australia
A/Victoria/1422/2024_jun	A/Victoria/1422/2024	EPI_ISL_19383342	SIAT1	Monash Medical Centre	30/6/2024	jun	NA	Australia
A/South_Australia/109/2024_jul	A/South_Australia/109/2024	EPI_ISL_19383341	"SIAT1, MDCK1"	Institute of Medical and Veterinary Science (IMVS)	9/7/2024	jul	NA	Australia
A/Perth/864/2024_may	A/Perth/864/2024	EPI_ISL_19383338	"SIAT1, MDCK1"	Institute of Medical and Veterinary Science (IMVS)	8/5/2024	may	NA	Australia
A/Victoria/1627/2024_jun	A/Victoria/1627/2024	EPI_ISL_19383336	SIAT1	Royal Melbourne Hospital	21/6/2024	jun	NA	Australia
A/Victoria/1305/2024_o_jul	A/Victoria/1305/2024	EPI_ISL_19383335	ORIGINAL	Royal Chidrens Hospital	1/7/2024	jul	Original - o	Australia
A/Victoria/1352/2024_jul	A/Victoria/1352/2024	EPI_ISL_19383334	MDCK1	Austin Health	8/7/2024	jul	NA	Australia
A/Sydney/638/2024_jul	A/Sydney/638/2024	EPI_ISL_19383333	SIAT1	Childrens Hospital Westmead	3/7/2024	jul	NA	Australia
A/Victoria/1288/2024_jun	A/Victoria/1288/2024	EPI_ISL_19383332	SIAT1	Royal Melbourne Hospital	12/6/2024	jun	NA	Australia
A/Victoria/1285/2024_jun	A/Victoria/1285/2024	EPI_ISL_19383331	SIAT1	Royal Melbourne Hospital	8/6/2024	jun	NA	Australia
A/Sydney/765/2024_jul	A/Sydney/765/2024	EPI_ISL_19383330	SIAT1	Childrens Hospital Westmead	6/7/2024	jul	NA	Australia
A/Sydney/667/2024_jun	A/Sydney/667/2024	EPI_ISL_19383329	SIAT1	Childrens Hospital Westmead	18/6/2024	jun	NA	Australia
A/Sydney/648/2024_jun	A/Sydney/648/2024	EPI_ISL_19383328	SIAT1	Childrens Hospital Westmead	10/6/2024	jun	NA	Australia
A/Victoria/905/2024_jun	A/Victoria/905/2024	EPI_ISL_19383327	SIAT2	4Cyte Pathology	20/6/2024	jun	NA	Australia
A/Sydney/419B/2024_jun	A/Sydney/419B/2024	EPI_ISL_19383326	MDCK1	Childrens Hospital Westmead	27/6/2024	jun	NA	Australia
A/Sydney/419A/2024_jun	A/Sydney/419A/2024	EPI_ISL_19383325	MDCK1	Childrens Hospital Westmead	20/6/2024	jun	NA	Australia
A/Bay_of_Plenty/02/2024_may	A/Bay_of_Plenty/02/2024	EPI_ISL_19383324	"MDCK, MDCK1"	Institute of Environmental Science and Research (ESR)	9/5/2024	may	NA	Australia
A/Nelson_Marlborough/03/2024_apr	A/Nelson_Marlborough/03/2024	EPI_ISL_19383323	"MDCK, MDCK1"	Institute of Environmental Science and Research (ESR)	29/4/2024	apr	NA	Australia
A/Thailand/12/2024_o_apr	A/Thailand/12/2024	EPI_ISL_19383322	ORIGINAL	"WHO National Influenza Centre, National Institute of Medical Research (NIMR)"	22/4/2024	apr	Original - o	Australia
A/Sydney/323/2024_o_jun	A/Sydney/323/2024	EPI_ISL_19383319	ORIGINAL	"Clinical Virology Unit, CDIM"	11/6/2024	jun	Original - o	Australia
A/Victoria/1963/2024_aug	A/Victoria/1963/2024	EPI_ISL_19383318	SIAT1	Centers for Disease Control and Prevention	7/8/2024	aug	NA	Australia
A/Sydney/524/2024_jun	A/Sydney/524/2024	EPI_ISL_19383297	MDCK1	Childrens Hospital Westmead	26/6/2024	jun	NA	Australia
A/Victoria/1720/2024_jul	A/Victoria/1720/2024	EPI_ISL_19383296	SIAT1	Monash Medical Centre	6/7/2024	jul	NA	Australia
A/Victoria/1719/2024_jul	A/Victoria/1719/2024	EPI_ISL_19383295	SIAT1	Monash Medical Centre	6/7/2024	jul	NA	Australia
A/Victoria/1716/2024_jul	A/Victoria/1716/2024	EPI_ISL_19383294	SIAT1	Monash Medical Centre	4/7/2024	jul	NA	Australia
A/Victoria/1711/2024_jul	A/Victoria/1711/2024	EPI_ISL_19383293	SIAT1	Monash Medical Centre	4/7/2024	jul	NA	Australia
A/Victoria/1710/2024_jul	A/Victoria/1710/2024	EPI_ISL_19383292	SIAT1	Monash Medical Centre	3/7/2024	jul	NA	Australia
A/Victoria/1707/2024_jul	A/Victoria/1707/2024	EPI_ISL_19383291	SIAT1	Monash Medical Centre	3/7/2024	jul	NA	Australia
A/Victoria/1706/2024_jul	A/Victoria/1706/2024	EPI_ISL_19383290	SIAT1	Monash Medical Centre	2/7/2024	jul	NA	Australia
A/Victoria/1705/2024_jul	A/Victoria/1705/2024	EPI_ISL_19383289	SIAT1	Monash Medical Centre	2/7/2024	jul	NA	Australia
A/Victoria/1701/2024_jul	A/Victoria/1701/2024	EPI_ISL_19383288	SIAT1	Monash Medical Centre	1/7/2024	jul	NA	Australia
A/Victoria/2029/2024_jul	A/Victoria/2029/2024	EPI_ISL_19383287	SIAT1	VIC - Australian Clinical Labs (ACL) - Geelong	30/7/2024	jul	NA	Australia
A/Victoria/2026/2024_jul	A/Victoria/2026/2024	EPI_ISL_19383286	SIAT1	VIC - Australian Clinical Labs (ACL) - Geelong	23/7/2024	jul	NA	Australia
A/Victoria/2025/2024_jul	A/Victoria/2025/2024	EPI_ISL_19383285	SIAT1	VIC - Australian Clinical Labs (ACL) - Geelong	24/7/2024	jul	NA	Australia
A/Victoria/2024/2024_jul	A/Victoria/2024/2024	EPI_ISL_19383284	SIAT1	VIC - Australian Clinical Labs (ACL) - Geelong	25/7/2024	jul	NA	Australia
A/Victoria/2021/2024_jul	A/Victoria/2021/2024	EPI_ISL_19383283	SIAT1	VIC - Australian Clinical Labs (ACL) - Geelong	23/7/2024	jul	NA	Australia
A/Victoria/2020/2024_jul	A/Victoria/2020/2024	EPI_ISL_19383282	SIAT1	VIC - Australian Clinical Labs (ACL) - Geelong	28/7/2024	jul	NA	Australia
A/Canterbury/09/2024_jun	A/Canterbury/09/2024	EPI_ISL_19383281	"MDCK, MDCK1"	Institute of Environmental Science and Research (ESR)	5/6/2024	jun	NA	Australia
A/Tasmania/424/2024_jul	A/Tasmania/424/2024	EPI_ISL_19383280	SIAT1	Royal Hobart Hospital	20/7/2024	jul	NA	Australia
A/Tasmania/312/2024_jul	A/Tasmania/312/2024	EPI_ISL_19383279	SIAT1	Royal Hobart Hospital	6/7/2024	jul	NA	Australia
A/Tasmania/331/2024_jul	A/Tasmania/331/2024	EPI_ISL_19383278	SIAT1	Royal Hobart Hospital	8/7/2024	jul	NA	Australia
A/Tasmania/342/2024_jul	A/Tasmania/342/2024	EPI_ISL_19383277	SIAT1	Royal Hobart Hospital	10/7/2024	jul	NA	Australia
A/Tasmania/355/2024_jul	A/Tasmania/355/2024	EPI_ISL_19383276	SIAT1	Royal Hobart Hospital	11/7/2024	jul	NA	Australia
A/Darwin/1215/2024_jul	A/Darwin/1215/2024	EPI_ISL_19383275	MDCK1	Royal Darwin Hospital	31/7/2024	jul	NA	Australia
A/Perth/823A/2024_jun	A/Perth/823A/2024	EPI_ISL_19383274	MDCK1	Pathwest QE II Medical Centre	12/6/2024	jun	NA	Australia
A/Perth/917/2024_jun	A/Perth/917/2024	EPI_ISL_19383273	MDCK1	Pathwest QE II Medical Centre	8/6/2024	jun	NA	Australia
A/Darwin/1201/2024_jul	A/Darwin/1201/2024	EPI_ISL_19383272	MDCK1	Royal Darwin Hospital	25/7/2024	jul	NA	Australia
A/Perth/914/2024_jun	A/Perth/914/2024	EPI_ISL_19383271	MDCK1	Pathwest QE II Medical Centre	3/6/2024	jun	NA	Australia
A/Perth/913/2024_jun	A/Perth/913/2024	EPI_ISL_19383270	MDCK1	Pathwest QE II Medical Centre	2/6/2024	jun	NA	Australia
A/Canberra/251/2024_jun	A/Canberra/251/2024	EPI_ISL_19383269	MDCK1	Canberra Hospital	13/6/2024	jun	NA	Australia
A/Sri_Lanka/64/2024_jun	A/Sri_Lanka/64/2024	EPI_ISL_19383268	MDCK1	Medical Research Institute	15/6/2024	jun	NA	Australia
A/Sri_Lanka/63/2024_may	A/Sri_Lanka/63/2024	EPI_ISL_19383267	MDCK1	Medical Research Institute	30/5/2024	may	NA	Australia
A/Victoria/1943/2024_jul	A/Victoria/1943/2024	EPI_ISL_19383266	SIAT1	Monash Medical Centre	15/7/2024	jul	NA	Australia
A/Sydney/1002/2024_aug	A/Sydney/1002/2024	EPI_ISL_19383265	SIAT1	Childrens Hospital Westmead	9/8/2024	aug	NA	Australia
A/Sydney/1000/2024_aug	A/Sydney/1000/2024	EPI_ISL_19383264	SIAT1	Childrens Hospital Westmead	9/8/2024	aug	NA	Australia
A/Sydney/1001/2024_aug	A/Sydney/1001/2024	EPI_ISL_19383263	SIAT1	Childrens Hospital Westmead	9/8/2024	aug	NA	Australia
A/Sydney/994/2024_aug	A/Sydney/994/2024	EPI_ISL_19383262	SIAT1	Childrens Hospital Westmead	7/8/2024	aug	NA	Australia
A/Victoria/2034/2024_aug	A/Victoria/2034/2024	EPI_ISL_19383261	SIAT1	VIC - Australian Clinical Labs (ACL) - Geelong	1/8/2024	aug	NA	Australia
A/Victoria/1750/2024_jul	A/Victoria/1750/2024	EPI_ISL_19383260	SIAT1	Monash Medical Centre	13/7/2024	jul	NA	Australia
A/Darwin/1191/2024_aug	A/Darwin/1191/2024	EPI_ISL_19383259	SIAT1	Royal Darwin Hospital	4/8/2024	aug	NA	Australia
A/Darwin/1187/2024_aug	A/Darwin/1187/2024	EPI_ISL_19383242	SIAT1	Royal Darwin Hospital	3/8/2024	aug	NA	Australia
A/Darwin/1184A/2024_aug	A/Darwin/1184A/2024	EPI_ISL_19383239	SIAT1	Royal Darwin Hospital	3/8/2024	aug	NA	Australia
A/Darwin/1185/2024_aug	A/Darwin/1185/2024	EPI_ISL_19383233	SIAT1	Royal Darwin Hospital	3/8/2024	aug	NA	Australia
A/Sri_Lanka/93/2024_aug	A/Sri_Lanka/93/2024	EPI_ISL_19383229	MDCK1	Medical Research Institute	12/8/2024	aug	NA	Australia
A/Sri_Lanka/76/2024_jul	A/Sri_Lanka/76/2024	EPI_ISL_19383228	MDCK1	Medical Research Institute	11/7/2024	jul	NA	Australia
A/Sri_Lanka/72/2024_jul	A/Sri_Lanka/72/2024	EPI_ISL_19383227	MDCK1	Medical Research Institute	2/7/2024	jul	NA	Australia
A/Sri_Lanka/65/2024_jun	A/Sri_Lanka/65/2024	EPI_ISL_19383226	MDCK1	Medical Research Institute	15/6/2024	jun	NA	Australia
A/Sri_Lanka/85/2024_aug	A/Sri_Lanka/85/2024	EPI_ISL_19383225	MDCK1	Medical Research Institute	2/8/2024	aug	NA	Australia
A/Sri_Lanka/84/2024_aug	A/Sri_Lanka/84/2024	EPI_ISL_19383224	MDCK1	Medical Research Institute	2/8/2024	aug	NA	Australia
A/Sri_Lanka/60/2024_may	A/Sri_Lanka/60/2024	EPI_ISL_19383223	MDCK1	Medical Research Institute	16/5/2024	may	NA	Australia
A/Sri_Lanka/62/2024_may	A/Sri_Lanka/62/2024	EPI_ISL_19383222	MDCK1	Medical Research Institute	28/5/2024	may	NA	Australia
A/Sri_Lanka/57/2024_may	A/Sri_Lanka/57/2024	EPI_ISL_19383221	MDCK1	Medical Research Institute	9/5/2024	may	NA	Australia
A/Sydney/999/2024_aug	A/Sydney/999/2024	EPI_ISL_19383219	SIAT1	Childrens Hospital Westmead	8/8/2024	aug	NA	Australia
A/Sydney/998/2024_aug	A/Sydney/998/2024	EPI_ISL_19383218	SIAT1	Childrens Hospital Westmead	8/8/2024	aug	NA	Australia
A/Sydney/984/2024_aug	A/Sydney/984/2024	EPI_ISL_19383217	SIAT1	Childrens Hospital Westmead	3/8/2024	aug	NA	Australia
A/Sydney/990/2024_aug	A/Sydney/990/2024	EPI_ISL_19383216	SIAT1	Childrens Hospital Westmead	5/8/2024	aug	NA	Australia
A/Sydney/988/2024_aug	A/Sydney/988/2024	EPI_ISL_19383215	SIAT1	Childrens Hospital Westmead	5/8/2024	aug	NA	Australia
A/Sydney/989/2024_aug	A/Sydney/989/2024	EPI_ISL_19383214	SIAT1	Childrens Hospital Westmead	5/8/2024	aug	NA	Australia
A/Sydney/993/2024_aug	A/Sydney/993/2024	EPI_ISL_19383213	SIAT1	Childrens Hospital Westmead	6/8/2024	aug	NA	Australia
A/Victoria/2036/2024_aug	A/Victoria/2036/2024	EPI_ISL_19383212	SIAT1	VIC - Australian Clinical Labs (ACL) - Geelong	5/8/2024	aug	NA	Australia
A/Sydney/991/2024_aug	A/Sydney/991/2024	EPI_ISL_19383211	SIAT1	Childrens Hospital Westmead	5/8/2024	aug	NA	Australia
A/Victoria/2028/2024_aug	A/Victoria/2028/2024	EPI_ISL_19383207	SIAT1	VIC - Australian Clinical Labs (ACL) - Geelong	1/8/2024	aug	NA	Australia
A/Sri_Lanka/87/2024_aug	A/Sri_Lanka/87/2024	EPI_ISL_19383203	MDCK1	Medical Research Institute	2/8/2024	aug	NA	Australia
A/Fiji/38/2024_may	A/Fiji/38/2024	EPI_ISL_19383202	MDCK2	National Centre for Scientific Services for Virology  and Vector Borne Diseases	8/5/2024	may	NA	Australia
A/Fiji/83/2024_may	A/Fiji/83/2024	EPI_ISL_19383201	MDCK2	National Centre for Scientific Services for Virology  and Vector Borne Diseases	23/5/2024	may	NA	Australia
A/Victoria/1962/2024_o_aug	A/Victoria/1962/2024	EPI_ISL_19341871	ORIGINAL	WHO Collaborating Centre for Reference and Research on Influenza	7/8/2024	aug	Original - o	Australia
A/Philippines/16/2024_o_jun	A/Philippines/16/2024	EPI_ISL_19341870	ORIGINAL	Research Institute of Tropical Medicine	24/6/2024	jun	Original - o	Australia
A/Victoria/1960/2024_o_aug	A/Victoria/1960/2024	EPI_ISL_19341869	ORIGINAL	WHO Collaborating Centre for Reference and Research on Influenza	7/8/2024	aug	Original - o	Australia
A/Perth/885/2024_o_jun	A/Perth/885/2024	EPI_ISL_19341868	ORIGINAL	Pathwest QE II Medical Centre	25/6/2024	jun	Original - o	Australia
A/Victoria/1959/2024_o_aug	A/Victoria/1959/2024	EPI_ISL_19341867	ORIGINAL	WHO Collaborating Centre for Reference and Research on Influenza	7/8/2024	aug	Original - o	Australia
A/Sydney/860/2024_o_jul	A/Sydney/860/2024	EPI_ISL_19341864	ORIGINAL	Childrens Hospital Westmead	16/7/2024	jul	Original - o	Australia
A/Tasmania/287/2024_o_jun	A/Tasmania/287/2024	EPI_ISL_19341862	ORIGINAL	Royal Hobart Hospital	25/6/2024	jun	Original - o	Australia
A/Solomon_Islands/3/2024_o_jul	A/Solomon_Islands/3/2024	EPI_ISL_19341861	ORIGINAL	Centers for Disease Control and Prevention	25/7/2024	jul	Original - o	Australia
A/Victoria/3035/2023_o_oct	A/Victoria/3035/2023	EPI_ISL_19341859	ORIGINAL	Monash Medical Centre	6/10/2023	oct	Original - o	Australia
A/Perth/125A/2023_o_jul	A/Perth/125A/2023	EPI_ISL_19341857	ORIGINAL	Pathwest QE II Medical Centre	6/7/2023	jul	Original - o	Australia
A/Victoria/1468/2024_o_jul	A/Victoria/1468/2024	EPI_ISL_19341856	ORIGINAL	Alfred Hospital	10/7/2024	jul	Original - o	Australia
A/Victoria/1413/2024_o_jun	A/Victoria/1413/2024	EPI_ISL_19341854	ORIGINAL	Monash Medical Centre	26/6/2024	jun	Original - o	Australia
A/Sydney/419B/2024_o_jun	A/Sydney/419B/2024	EPI_ISL_19341849	ORIGINAL	Childrens Hospital Westmead	27/6/2024	jun	Original - o	Australia
A/Sydney/419C/2024_o_jul	A/Sydney/419C/2024	EPI_ISL_19341847	ORIGINAL	Childrens Hospital Westmead	9/7/2024	jul	Original - o	Australia
A/Tasmania/346/2024_o_jul	A/Tasmania/346/2024	EPI_ISL_19341844	ORIGINAL	Royal Hobart Hospital	10/7/2024	jul	Original - o	Australia
A/Canberra/294/2024_o_jul	A/Canberra/294/2024	EPI_ISL_19341840	ORIGINAL	Canberra Hospital	1/7/2024	jul	Original - o	Australia
A/Canberra/291/2024_o_jul	A/Canberra/291/2024	EPI_ISL_19341838	ORIGINAL	Canberra Hospital	2/7/2024	jul	Original - o	Australia
A/Sydney/600/2024_o_jul	A/Sydney/600/2024	EPI_ISL_19341804	ORIGINAL	"Clinical Virology Unit, CDIM"	9/7/2024	jul	Original - o	Australia
A/Victoria/1789/2024_o_jul	A/Victoria/1789/2024	EPI_ISL_19341802	ORIGINAL	Royal Chidrens Hospital	26/7/2024	jul	Original - o	Australia
A/Victoria/1067/2024_o_jun	A/Victoria/1067/2024	EPI_ISL_19341779	ORIGINAL	Royal Chidrens Hospital	21/6/2024	jun	Original - o	Australia
A/South_Australia/101/2024_o_jun	A/South_Australia/101/2024	EPI_ISL_19341771	ORIGINAL	Institute of Medical and Veterinary Science (IMVS)	7/6/2024	jun	Original - o	Australia
A/Canberra/326/2024_o_jun	A/Canberra/326/2024	EPI_ISL_19341763	ORIGINAL	Institute of Medical and Veterinary Science (IMVS)	24/6/2024	jun	Original - o	Australia
A/Victoria/1617/2024_o_jul	A/Victoria/1617/2024	EPI_ISL_19341760	ORIGINAL	Institute of Medical and Veterinary Science (IMVS)	4/7/2024	jul	Original - o	Australia
A/South_Australia/106/2024_o_jul	A/South_Australia/106/2024	EPI_ISL_19341754	ORIGINAL	Institute of Medical and Veterinary Science (IMVS)	2/7/2024	jul	Original - o	Australia
A/Victoria/1770/2024_o_jul	A/Victoria/1770/2024	EPI_ISL_19341747	ORIGINAL	Victorian Infectious Diseases Reference Laboratory	23/7/2024	jul	Original - o	Australia
A/Victoria/1769/2024_o_jul	A/Victoria/1769/2024	EPI_ISL_19341746	ORIGINAL	Victorian Infectious Diseases Reference Laboratory	24/7/2024	jul	Original - o	Australia
A/Darwin/1117/2024_o_jul	A/Darwin/1117/2024	EPI_ISL_19341744	ORIGINAL	Royal Darwin Hospital	21/7/2024	jul	Original - o	Australia
A/Darwin/1115/2024_o_jul	A/Darwin/1115/2024	EPI_ISL_19341742	ORIGINAL	Royal Darwin Hospital	21/7/2024	jul	Original - o	Australia
A/Victoria/721/2024_o_jun	A/Victoria/721/2024	EPI_ISL_19341736	ORIGINAL	Royal Chidrens Hospital	3/6/2024	jun	Original - o	Australia
A/Tasmania/339/2024_o_jul	A/Tasmania/339/2024	EPI_ISL_19341714	ORIGINAL	Royal Hobart Hospital	9/7/2024	jul	Original - o	Australia
A/Sydney/607/2024_o_jul	A/Sydney/607/2024	EPI_ISL_19341710	ORIGINAL	"Clinical Virology Unit, CDIM"	11/7/2024	jul	Original - o	Australia
A/Sydney/576/2024_o_jul	A/Sydney/576/2024	EPI_ISL_19341708	ORIGINAL	"Clinical Virology Unit, CDIM"	3/7/2024	jul	Original - o	Australia
A/Victoria/1539/2024_o_jul	A/Victoria/1539/2024	EPI_ISL_19341706	ORIGINAL	Royal Chidrens Hospital	7/7/2024	jul	Original - o	Australia
A/Victoria/932/2024_o_may	A/Victoria/932/2024	EPI_ISL_19341704	ORIGINAL	Monash Medical Centre	31/5/2024	may	Original - o	Australia
A/Victoria/910/2024_o_may	A/Victoria/910/2024	EPI_ISL_19341703	ORIGINAL	Monash Medical Centre	24/5/2024	may	Original - o	Australia
A/Victoria/1273/2024_o_jun	A/Victoria/1273/2024	EPI_ISL_19341701	ORIGINAL	Royal Chidrens Hospital	28/6/2024	jun	Original - o	Australia
A/Victoria/603/2024_o_may	A/Victoria/603/2024	EPI_ISL_19341699	ORIGINAL	Royal Chidrens Hospital	29/5/2024	may	Original - o	Australia
A/South_Australia/79/2024_o_apr	A/South_Australia/79/2024	EPI_ISL_19341697	ORIGINAL	Institute of Medical and Veterinary Science (IMVS)	25/4/2024	apr	Original - o	Australia
A/Darwin/478/2024_o_apr	A/Darwin/478/2024	EPI_ISL_19341696	ORIGINAL	Royal Darwin Hospital	30/4/2024	apr	Original - o	Australia
A/Perth/332/2023_o_jun	A/Perth/332/2023	EPI_ISL_19341695	ORIGINAL	Pathwest QE II Medical Centre	10/6/2023	jun	Original - o	Australia
A/Townsville/7/2024_o_may	A/Townsville/7/2024	EPI_ISL_19341694	ORIGINAL	Queensland Health Forensic and Scientific Services	7/5/2024	may	Original - o	Australia
A/Victoria/954/2024_jun	A/Victoria/954/2024	EPI_ISL_19341693	SIAT1	Monash Medical Centre	5/6/2024	jun	NA	Australia
A/Victoria/940/2024_jun	A/Victoria/940/2024	EPI_ISL_19341692	SIAT1	Monash Medical Centre	2/6/2024	jun	NA	Australia
A/Sydney/185/2024_o_may	A/Sydney/185/2024	EPI_ISL_19341689	ORIGINAL	"Clinical Virology Unit, CDIM"	22/5/2024	may	Original - o	Australia
A/Victoria/916/2024_o_may	A/Victoria/916/2024	EPI_ISL_19341686	ORIGINAL	Monash Medical Centre	27/5/2024	may	Original - o	Australia
A/Taranaki/11/2024_jun	A/Taranaki/11/2024	EPI_ISL_19338418	"MDCK, MDCK1"	Institute of Environmental Science and Research (ESR)	7/6/2024	jun	NA	Australia
A/Auckland/11/2024_may	A/Auckland/11/2024	EPI_ISL_19338417	"MDCK, MDCK1"	Institute of Environmental Science and Research (ESR)	9/5/2024	may	NA	Australia
A/Taranaki/05/2024_may	A/Taranaki/05/2024	EPI_ISL_19338416	"MDCK, MDCK1"	Institute of Environmental Science and Research (ESR)	12/5/2024	may	NA	Australia
A/Taranaki/06/2024_may	A/Taranaki/06/2024	EPI_ISL_19338415	"MDCK, MDCK1"	Institute of Environmental Science and Research (ESR)	10/5/2024	may	NA	Australia
A/Tonga/17/2024_jul	A/Tonga/17/2024	EPI_ISL_19338414	SIAT1	Laboratory Service Vaiola Hospital Tongatapu	6/7/2024	jul	NA	Australia
A/Dunedin/06/2024_jun	A/Dunedin/06/2024	EPI_ISL_19338413	"MDCK, MDCK1"	Institute of Environmental Science and Research (ESR)	23/6/2024	jun	NA	Australia
A/Tonga/18/2024_jul	A/Tonga/18/2024	EPI_ISL_19338412	SIAT1	Laboratory Service Vaiola Hospital Tongatapu	8/7/2024	jul	NA	Australia
A/Taranaki/13/2024_jun	A/Taranaki/13/2024	EPI_ISL_19338411	"MDCK, MDCK1"	Institute of Environmental Science and Research (ESR)	23/6/2024	jun	NA	Australia
A/Canterbury/01/2024_jun	A/Canterbury/01/2024	EPI_ISL_19338410	"MDCK, MDCK1"	Institute of Environmental Science and Research (ESR)	14/6/2024	jun	NA	Australia
A/Tonga/16/2024_jul	A/Tonga/16/2024	EPI_ISL_19338409	SIAT1	Laboratory Service Vaiola Hospital Tongatapu	5/7/2024	jul	NA	Australia
A/Nelson_Marlborough/06/2024_jun	A/Nelson_Marlborough/06/2024	EPI_ISL_19338408	"MDCK, MDCK1"	Institute of Environmental Science and Research (ESR)	5/6/2024	jun	NA	Australia
A/Dunedin/01/2024_jun	A/Dunedin/01/2024	EPI_ISL_19338407	"MDCK, MDCK1"	Institute of Environmental Science and Research (ESR)	2/6/2024	jun	NA	Australia
A/Nelson_Marlborough/10/2024_jun	A/Nelson_Marlborough/10/2024	EPI_ISL_19338406	"MDCK, MDCK1"	Institute of Environmental Science and Research (ESR)	16/6/2024	jun	NA	Australia
A/Wellington/31/2024_jun	A/Wellington/31/2024	EPI_ISL_19338405	"MDCK, MDCK1"	Institute of Environmental Science and Research (ESR)	20/6/2024	jun	NA	Australia
A/Wellington/24/2024_jun	A/Wellington/24/2024	EPI_ISL_19338404	"MDCK, MDCK1"	Institute of Environmental Science and Research (ESR)	19/6/2024	jun	NA	Australia
A/Nelson_Marlborough/08/2024_jun	A/Nelson_Marlborough/08/2024	EPI_ISL_19338403	"MDCK, MDCK1"	Institute of Environmental Science and Research (ESR)	12/6/2024	jun	NA	Australia
A/Canterbury/13/2024_jun	A/Canterbury/13/2024	EPI_ISL_19338402	"MDCK, MDCK1"	Institute of Environmental Science and Research (ESR)	5/6/2024	jun	NA	Australia
A/Nelson_Marlborough/04/2024_may	A/Nelson_Marlborough/04/2024	EPI_ISL_19338401	"MDCK, MDCK1"	Institute of Environmental Science and Research (ESR)	16/5/2024	may	NA	Australia
A/Wellington/19/2024_jun	A/Wellington/19/2024	EPI_ISL_19338400	"MDCK, MDCK1"	Institute of Environmental Science and Research (ESR)	17/6/2024	jun	NA	Australia
A/Taranaki/04/2024_may	A/Taranaki/04/2024	EPI_ISL_19338399	"MDCK, MDCK1"	Institute of Environmental Science and Research (ESR)	10/5/2024	may	NA	Australia
A/Wellington/01/2024_apr	A/Wellington/01/2024	EPI_ISL_19338398	"MDCK, MDCK1"	Institute of Environmental Science and Research (ESR)	16/4/2024	apr	NA	Australia
A/South_Australia/106/2024_jul	A/South_Australia/106/2024	EPI_ISL_19338397	SIAT1	Institute of Medical and Veterinary Science (IMVS)	2/7/2024	jul	NA	Australia
A/Tasmania/309/2024_jul	A/Tasmania/309/2024	EPI_ISL_19338393	MDCK1	Royal Hobart Hospital	5/7/2024	jul	NA	Australia
A/Canberra/282/2024_jun	A/Canberra/282/2024	EPI_ISL_19338389	MDCK1	Canberra Hospital	23/6/2024	jun	NA	Australia
A/Victoria/1429/2024_jul	A/Victoria/1429/2024	EPI_ISL_19338388	MDCK1	VIC - Australian Clinical Labs (ACL) - Geelong	6/7/2024	jul	NA	Australia
A/Tasmania/339/2024_jul	A/Tasmania/339/2024	EPI_ISL_19338387	MDCK1	Royal Hobart Hospital	9/7/2024	jul	NA	Australia
A/Victoria/1373/2024_jul	A/Victoria/1373/2024	EPI_ISL_19338386	SIAT1	Royal Melbourne Hospital	6/7/2024	jul	NA	Australia
A/Tasmania/311/2024_jul	A/Tasmania/311/2024	EPI_ISL_19338385	MDCK1	Royal Hobart Hospital	6/7/2024	jul	NA	Australia
A/Victoria/1372/2024_jul	A/Victoria/1372/2024	EPI_ISL_19338384	SIAT1	Royal Melbourne Hospital	6/7/2024	jul	NA	Australia
A/Perth/863/2024_jul	A/Perth/863/2024	EPI_ISL_19338378	SIAT1	Institute of Medical and Veterinary Science (IMVS)	12/7/2024	jul	NA	Australia
A/Tasmania/295/2024_jul	A/Tasmania/295/2024	EPI_ISL_19338370	MDCK1	Royal Hobart Hospital	3/7/2024	jul	NA	Australia
A/Tasmania/298/2024_jul	A/Tasmania/298/2024	EPI_ISL_19338368	MDCK1	Royal Hobart Hospital	4/7/2024	jul	NA	Australia
A/Victoria/1621/2024_jul	A/Victoria/1621/2024	EPI_ISL_19338367	SIAT1	Institute of Medical and Veterinary Science (IMVS)	8/7/2024	jul	NA	Australia
A/Tasmania/301/2024_jul	A/Tasmania/301/2024	EPI_ISL_19338366	MDCK1	Royal Hobart Hospital	4/7/2024	jul	NA	Australia
A/Sydney/812/2024_jul	A/Sydney/812/2024	EPI_ISL_19338365	SIAT1	Institute of Medical and Veterinary Science (IMVS)	8/7/2024	jul	NA	Australia
A/Tonga/14/2024_jul	A/Tonga/14/2024	EPI_ISL_19338364	SIAT1	Laboratory Service Vaiola Hospital Tongatapu	2/7/2024	jul	NA	Australia
A/Tonga/6/2024_jul	A/Tonga/6/2024	EPI_ISL_19338362	SIAT1	Laboratory Service Vaiola Hospital Tongatapu	12/7/2024	jul	NA	Australia
A/Sydney/828/2024_jul	A/Sydney/828/2024	EPI_ISL_19338361	SIAT1	Institute of Medical and Veterinary Science (IMVS)	8/7/2024	jul	NA	Australia
A/Tonga/8/2024_jul	A/Tonga/8/2024	EPI_ISL_19338360	SIAT1	Laboratory Service Vaiola Hospital Tongatapu	13/7/2024	jul	NA	Australia
A/Tonga/12/2024_jun	A/Tonga/12/2024	EPI_ISL_19338358	SIAT1	Laboratory Service Vaiola Hospital Tongatapu	25/6/2024	jun	NA	Australia
A/South_Australia/107/2024_jul	A/South_Australia/107/2024	EPI_ISL_19338357	SIAT1	Institute of Medical and Veterinary Science (IMVS)	8/7/2024	jul	NA	Australia
A/Tonga/10/2024_jun	A/Tonga/10/2024	EPI_ISL_19338352	SIAT1	Laboratory Service Vaiola Hospital Tongatapu	10/6/2024	jun	NA	Australia
A/Sydney/806/2024_jul	A/Sydney/806/2024	EPI_ISL_19338351	SIAT1	Institute of Medical and Veterinary Science (IMVS)	3/7/2024	jul	NA	Australia
A/Brisbane/177/2024_jul	A/Brisbane/177/2024	EPI_ISL_19338348	SIAT1	Institute of Medical and Veterinary Science (IMVS)	1/7/2024	jul	NA	"QLD, Australia"
A/Brisbane/176/2024_jul	A/Brisbane/176/2024	EPI_ISL_19338347	SIAT1	Institute of Medical and Veterinary Science (IMVS)	1/7/2024	jul	NA	Australia
A/Brisbane/175/2024_jul	A/Brisbane/175/2024	EPI_ISL_19338346	SIAT1	Institute of Medical and Veterinary Science (IMVS)	1/7/2024	jul	NA	Australia
A/Victoria/1612/2024_jun	A/Victoria/1612/2024	EPI_ISL_19338337	SIAT1	Institute of Medical and Veterinary Science (IMVS)	27/6/2024	jun	NA	Australia
A/Victoria/1611/2024_jun	A/Victoria/1611/2024	EPI_ISL_19338336	SIAT1	Institute of Medical and Veterinary Science (IMVS)	26/6/2024	jun	NA	Australia
A/Brisbane/174/2024_jun	A/Brisbane/174/2024	EPI_ISL_19338335	SIAT1	Institute of Medical and Veterinary Science (IMVS)	26/6/2024	jun	NA	"QLD, Australia"
A/Victoria/1609/2024_jun	A/Victoria/1609/2024	EPI_ISL_19338334	SIAT1	Institute of Medical and Veterinary Science (IMVS)	25/6/2024	jun	NA	Australia
A/Sydney/793/2024_jun	A/Sydney/793/2024	EPI_ISL_19338333	SIAT1	Institute of Medical and Veterinary Science (IMVS)	24/6/2024	jun	NA	Australia
A/Brisbane/172/2024_jun	A/Brisbane/172/2024	EPI_ISL_19338332	SIAT1	Institute of Medical and Veterinary Science (IMVS)	24/6/2024	jun	NA	Australia
A/Brisbane/178/2024_jun	A/Brisbane/178/2024	EPI_ISL_19338331	SIAT1	Institute of Medical and Veterinary Science (IMVS)	24/6/2024	jun	NA	Australia
A/Victoria/1604/2024_jun	A/Victoria/1604/2024	EPI_ISL_19338330	SIAT1	Institute of Medical and Veterinary Science (IMVS)	18/6/2024	jun	NA	Australia
A/Victoria/1364/2024_jul	A/Victoria/1364/2024	EPI_ISL_19338329	SIAT1	Royal Melbourne Hospital	3/7/2024	jul	NA	Australia
A/Tonga/4/2024_jul	A/Tonga/4/2024	EPI_ISL_19338328	SIAT1	Laboratory Service Vaiola Hospital Tongatapu	9/7/2024	jul	NA	Australia
A/Tasmania/310/2024_jul	A/Tasmania/310/2024	EPI_ISL_19338327	MDCK1	Royal Hobart Hospital	5/7/2024	jul	NA	Australia
A/Canberra/303/2024_jun	A/Canberra/303/2024	EPI_ISL_19338326	SIAT1	Canberra Hospital	29/6/2024	jun	NA	Australia
A/Victoria/1412/2024_jun	A/Victoria/1412/2024	EPI_ISL_19338325	SIAT1	Monash Medical Centre	26/6/2024	jun	NA	Australia
A/Victoria/1410/2024_jun	A/Victoria/1410/2024	EPI_ISL_19338324	SIAT1	Monash Medical Centre	26/6/2024	jun	NA	Australia
A/Victoria/1408/2024_jun	A/Victoria/1408/2024	EPI_ISL_19338323	SIAT1	Monash Medical Centre	26/6/2024	jun	NA	Australia
A/Victoria/1407/2024_jun	A/Victoria/1407/2024	EPI_ISL_19338322	SIAT1	Monash Medical Centre	25/6/2024	jun	NA	Australia
A/Victoria/1405/2024_jun	A/Victoria/1405/2024	EPI_ISL_19338321	SIAT1	Monash Medical Centre	25/6/2024	jun	NA	Australia
A/Victoria/1402/2024_jun	A/Victoria/1402/2024	EPI_ISL_19338320	SIAT1	Monash Medical Centre	25/6/2024	jun	NA	Australia
A/Victoria/1399/2024_jun	A/Victoria/1399/2024	EPI_ISL_19338319	SIAT1	Monash Medical Centre	24/6/2024	jun	NA	Australia
A/Victoria/1397/2024_jun	A/Victoria/1397/2024	EPI_ISL_19338318	SIAT1	Monash Medical Centre	23/6/2024	jun	NA	Australia
A/Victoria/1395/2024_jun	A/Victoria/1395/2024	EPI_ISL_19338317	SIAT1	Monash Medical Centre	23/6/2024	jun	NA	Australia
A/Victoria/1391/2024_jun	A/Victoria/1391/2024	EPI_ISL_19338316	SIAT1	Monash Medical Centre	23/6/2024	jun	NA	Australia
A/Victoria/1386/2024_jun	A/Victoria/1386/2024	EPI_ISL_19338315	SIAT1	Monash Medical Centre	22/6/2024	jun	NA	Australia
A/Victoria/1381/2024_jun	A/Victoria/1381/2024	EPI_ISL_19338314	SIAT1	Monash Medical Centre	21/6/2024	jun	NA	Australia
A/Victoria/1380/2024_jun	A/Victoria/1380/2024	EPI_ISL_19338313	SIAT1	Monash Medical Centre	21/6/2024	jun	NA	Australia
A/South_Australia/130/2024_jul	A/South_Australia/130/2024	EPI_ISL_19338312	SIAT1	Institute of Medical and Veterinary Science (IMVS)	8/7/2024	jul	NA	Australia
A/Sydney/718/2024_jul	A/Sydney/718/2024	EPI_ISL_19338311	MDCK2	Childrens Hospital Westmead	9/7/2024	jul	NA	Australia
A/Sydney/709/2024_jul	A/Sydney/709/2024	EPI_ISL_19338310	MDCK2	Childrens Hospital Westmead	8/7/2024	jul	NA	Australia
A/South_Australia/127/2024_jul	A/South_Australia/127/2024	EPI_ISL_19338309	SIAT1	Institute of Medical and Veterinary Science (IMVS)	6/7/2024	jul	NA	Australia
A/Sydney/698/2024_jul	A/Sydney/698/2024	EPI_ISL_19338308	MDCK1	Childrens Hospital Westmead	5/7/2024	jul	NA	Australia
A/South_Australia/126/2024_jul	A/South_Australia/126/2024	EPI_ISL_19338307	SIAT1	Institute of Medical and Veterinary Science (IMVS)	2/7/2024	jul	NA	Australia
A/Sydney/739/2024_jul	A/Sydney/739/2024	EPI_ISL_19338306	MDCK1	Childrens Hospital Westmead	1/7/2024	jul	NA	Australia
A/Victoria/1316/2024_jul	A/Victoria/1316/2024	EPI_ISL_19338305	SIAT1	Royal Chidrens Hospital	2/7/2024	jul	NA	Australia
A/Victoria/1309/2024_jul	A/Victoria/1309/2024	EPI_ISL_19338304	SIAT1	Royal Chidrens Hospital	2/7/2024	jul	NA	Australia
A/Sydney/687/2024_jun	A/Sydney/687/2024	EPI_ISL_19338303	SIAT1	Childrens Hospital Westmead	27/6/2024	jun	NA	Australia
A/South_Australia/125/2024_jun	A/South_Australia/125/2024	EPI_ISL_19338302	SIAT1	Institute of Medical and Veterinary Science (IMVS)	27/6/2024	jun	NA	Australia
A/Victoria/1269/2024_jun	A/Victoria/1269/2024	EPI_ISL_19338301	SIAT1	Royal Chidrens Hospital	28/6/2024	jun	NA	Australia
A/Victoria/1115/2024_jun	A/Victoria/1115/2024	EPI_ISL_19338300	SIAT1	Alfred Hospital	24/6/2024	jun	NA	Australia
A/Victoria/1114/2024_jun	A/Victoria/1114/2024	EPI_ISL_19338298	SIAT1	Alfred Hospital	23/6/2024	jun	NA	Australia
A/Victoria/1112/2024_jun	A/Victoria/1112/2024	EPI_ISL_19338297	SIAT1	Alfred Hospital	23/6/2024	jun	NA	Australia
A/Victoria/1253/2024_jun	A/Victoria/1253/2024	EPI_ISL_19338296	SIAT1	Royal Chidrens Hospital	26/6/2024	jun	NA	Australia
A/Victoria/1111/2024_jun	A/Victoria/1111/2024	EPI_ISL_19338295	SIAT1	Alfred Hospital	21/6/2024	jun	NA	Australia
A/Victoria/1242/2024_jun	A/Victoria/1242/2024	EPI_ISL_19338293	SIAT1	Royal Chidrens Hospital	24/6/2024	jun	NA	Australia
A/South_Australia/123/2024_jun	A/South_Australia/123/2024	EPI_ISL_19338291	SIAT1	Institute of Medical and Veterinary Science (IMVS)	20/6/2024	jun	NA	Australia
A/Victoria/1237/2024_jun	A/Victoria/1237/2024	EPI_ISL_19338288	SIAT1	Royal Chidrens Hospital	23/6/2024	jun	NA	Australia
A/Victoria/1441/2024_jul	A/Victoria/1441/2024	EPI_ISL_19338284	MDCK1	VIC - Australian Clinical Labs (ACL) - Geelong	9/7/2024	jul	NA	Australia
A/Victoria/1432/2024_jul	A/Victoria/1432/2024	EPI_ISL_19338279	MDCK1	VIC - Australian Clinical Labs (ACL) - Geelong	4/7/2024	jul	NA	Australia
A/Victoria/1430/2024_jul	A/Victoria/1430/2024	EPI_ISL_19338278	MDCK1	VIC - Australian Clinical Labs (ACL) - Geelong	11/7/2024	jul	NA	Australia
A/Sydney/762/2024_jul	A/Sydney/762/2024	EPI_ISL_19338187	SIAT1	Childrens Hospital Westmead	5/7/2024	jul	NA	Australia
A/Sydney/632/2024_jul	A/Sydney/632/2024	EPI_ISL_19338173	SIAT1	Childrens Hospital Westmead	2/7/2024	jul	NA	Australia
A/Sydney/624/2024_jun	A/Sydney/624/2024	EPI_ISL_19338169	SIAT1	Childrens Hospital Westmead	30/6/2024	jun	NA	Australia
A/Sydney/616/2024_jun	A/Sydney/616/2024	EPI_ISL_19338166	SIAT1	Childrens Hospital Westmead	27/6/2024	jun	NA	Australia
A/Sydney/532/2024_jun	A/Sydney/532/2024	EPI_ISL_19338165	MDCK2	Childrens Hospital Westmead	27/6/2024	jun	NA	Australia
A/Sydney/733/2024_jun	A/Sydney/733/2024	EPI_ISL_19338164	MDCK1	Childrens Hospital Westmead	27/6/2024	jun	NA	Australia
A/Sydney/494/2024_jun	A/Sydney/494/2024	EPI_ISL_19338161	SIAT2	Childrens Hospital Westmead	22/6/2024	jun	NA	Australia
A/Victoria/1034/2024_jun	A/Victoria/1034/2024	EPI_ISL_19338159	SIAT1	VIC - Australian Clinical Labs (ACL) - Geelong	17/6/2024	jun	NA	Australia
A/Victoria/847/2024_jun	A/Victoria/847/2024	EPI_ISL_19338158	SIAT1	Royal Melbourne Hospital	13/6/2024	jun	NA	Australia
A/Victoria/845/2024_jun	A/Victoria/845/2024	EPI_ISL_19338157	SIAT1	Royal Melbourne Hospital	13/6/2024	jun	NA	Australia
A/South_Africa/R04202/2024_may	A/South_Africa/R04202/2024	EPI_ISL_19338156	"MDCK1, MDCK1"	National Institute for Communicable Disease	21/5/2024	may	NA	Australia
A/Thailand/7/2024_mar	A/Thailand/7/2024	EPI_ISL_19338155	MDCK1	"WHO National Influenza Centre, National Institute of Medical Research (NIMR)"	3/3/2024	mar	NA	Australia
A/Sydney/774/2024_jul	A/Sydney/774/2024	EPI_ISL_19338121	SIAT1	Childrens Hospital Westmead	8/7/2024	jul	NA	Australia
A/South_Africa/R04386/2024_may	A/South_Africa/R04386/2024	EPI_ISL_19338120	"MDCK1, MDCK1"	National Institute for Communicable Disease	23/5/2024	may	NA	Australia
A/Sydney/782/2024_jul	A/Sydney/782/2024	EPI_ISL_19338119	SIAT1	Childrens Hospital Westmead	11/7/2024	jul	NA	Australia
A/South_Africa/R04232/2024_may	A/South_Africa/R04232/2024	EPI_ISL_19338118	"MDCK1, MDCK1"	National Institute for Communicable Disease	22/5/2024	may	NA	Australia
A/South_Africa/R04196/2024_may	A/South_Africa/R04196/2024	EPI_ISL_19338117	"MDCK1, MDCK1"	National Institute for Communicable Disease	20/5/2024	may	NA	Australia
A/Sydney/772/2024_jul	A/Sydney/772/2024	EPI_ISL_19338116	SIAT1	Childrens Hospital Westmead	8/7/2024	jul	NA	Australia
A/Canberra/255/2024_jun	A/Canberra/255/2024	EPI_ISL_19338115	SIAT1	Canberra Hospital	18/6/2024	jun	NA	Australia
A/Sydney/637/2024_jul	A/Sydney/637/2024	EPI_ISL_19338114	SIAT1	Childrens Hospital Westmead	3/7/2024	jul	NA	Australia
A/Victoria/1169/2024_jun	A/Victoria/1169/2024	EPI_ISL_19338113	SIAT1	VIC - Australian Clinical Labs (ACL) - Geelong	26/6/2024	jun	NA	Australia
A/Sydney/639/2024_jul	A/Sydney/639/2024	EPI_ISL_19338112	SIAT1	Childrens Hospital Westmead	3/7/2024	jul	NA	Australia
A/South_Africa/R04002/2024_may	A/South_Africa/R04002/2024	EPI_ISL_19338111	"MDCK1, MDCK1"	National Institute for Communicable Disease	15/5/2024	may	NA	Australia
A/Darwin/1117/2024_jul	A/Darwin/1117/2024	EPI_ISL_19338110	MDCK1	Royal Darwin Hospital	21/7/2024	jul	NA	Australia
A/South_Africa/R03959/2024_may	A/South_Africa/R03959/2024	EPI_ISL_19338109	"MDCK1, MDCK1"	National Institute for Communicable Disease	15/5/2024	may	NA	Australia
A/Darwin/1115/2024_jul	A/Darwin/1115/2024	EPI_ISL_19338108	MDCK1	Royal Darwin Hospital	21/7/2024	jul	NA	Australia
A/South_Africa/R03879/2024_may	A/South_Africa/R03879/2024	EPI_ISL_19338107	"MDCK1, MDCK1"	National Institute for Communicable Disease	14/5/2024	may	NA	Australia
A/Victoria/1622/2024_jul	A/Victoria/1622/2024	EPI_ISL_19338106	MDCK1	Victorian Infectious Diseases Reference Laboratory	21/7/2024	jul	NA	Australia
A/South_Africa/R03604/2024_may	A/South_Africa/R03604/2024	EPI_ISL_19338105	"MDCK1, MDCK1"	National Institute for Communicable Disease	8/5/2024	may	NA	Australia
A/Fiji/56/2024_may	A/Fiji/56/2024	EPI_ISL_19338104	MDCK1	National Centre for Scientific Services for Virology  and Vector Borne Diseases	9/5/2024	may	NA	Australia
A/South_Africa/R03031/2024_apr	A/South_Africa/R03031/2024	EPI_ISL_19338103	"MDCK1, MDCK1"	National Institute for Communicable Disease	19/4/2024	apr	NA	Australia
A/Fiji/87/2024_may	A/Fiji/87/2024	EPI_ISL_19338102	MDCK1	National Centre for Scientific Services for Virology  and Vector Borne Diseases	23/5/2024	may	NA	Australia
A/South_Africa/R04193/2024_may	A/South_Africa/R04193/2024	EPI_ISL_19338101	"MDCK1, MDCK1"	National Institute for Communicable Disease	21/5/2024	may	NA	Australia
A/Fiji/47/2024_may	A/Fiji/47/2024	EPI_ISL_19338100	MDCK1	National Centre for Scientific Services for Virology  and Vector Borne Diseases	6/5/2024	may	NA	Australia
A/South_Africa/R04139/2024_may	A/South_Africa/R04139/2024	EPI_ISL_19338099	"MDCK1, MDCK1"	National Institute for Communicable Disease	20/5/2024	may	NA	Australia
A/Fiji/52/2024_may	A/Fiji/52/2024	EPI_ISL_19338098	MDCK1	National Centre for Scientific Services for Virology  and Vector Borne Diseases	8/5/2024	may	NA	Australia
A/South_Africa/R04152/2024_may	A/South_Africa/R04152/2024	EPI_ISL_19338097	"MDCK1, MDCK1"	National Institute for Communicable Disease	20/5/2024	may	NA	Australia
A/Fiji/49/2024_may	A/Fiji/49/2024	EPI_ISL_19338096	MDCK1	National Centre for Scientific Services for Virology  and Vector Borne Diseases	6/5/2024	may	NA	Australia
A/South_Africa/R04154/2024_may	A/South_Africa/R04154/2024	EPI_ISL_19338095	"MDCK1, MDCK1"	National Institute for Communicable Disease	20/5/2024	may	NA	Australia
A/India/NIV241239/2024_mar	A/India/NIV241239/2024	EPI_ISL_19338094	"MDCK1, MDCK1"	ICMR-National Institute of Virology	28/3/2024	mar	NA	Australia
A/South_Africa/R02008/2024_mar	A/South_Africa/R02008/2024	EPI_ISL_19338093	"MDCK1, MDCK1"	National Institute for Communicable Disease	14/3/2024	mar	NA	Australia
A/Fiji/30/2024_may	A/Fiji/30/2024	EPI_ISL_19338092	MDCK1	National Centre for Scientific Services for Virology  and Vector Borne Diseases	6/5/2024	may	NA	Australia
A/South_Africa/R01022/2024_feb	A/South_Africa/R01022/2024	EPI_ISL_19338091	"MDCK1, MDCK1"	National Institute for Communicable Disease	13/2/2024	feb	NA	Australia
A/Fiji/29/2024_may	A/Fiji/29/2024	EPI_ISL_19338090	MDCK1	National Centre for Scientific Services for Virology  and Vector Borne Diseases	5/5/2024	may	NA	Australia
A/South_Africa/R04122/2024_may	A/South_Africa/R04122/2024	EPI_ISL_19338089	"MDCK1, MDCK1"	National Institute for Communicable Disease	12/5/2024	may	NA	Australia
A/Fiji/39/2024_may	A/Fiji/39/2024	EPI_ISL_19338088	MDCK1	National Centre for Scientific Services for Virology  and Vector Borne Diseases	8/5/2024	may	NA	Australia
A/Darwin/1071/2024_jul	A/Darwin/1071/2024	EPI_ISL_19338087	SIAT2	Royal Darwin Hospital	5/7/2024	jul	NA	Australia
A/Fiji/37/2024_may	A/Fiji/37/2024	EPI_ISL_19338086	MDCK1	National Centre for Scientific Services for Virology  and Vector Borne Diseases	7/5/2024	may	NA	Australia
A/Darwin/1033/2024_jun	A/Darwin/1033/2024	EPI_ISL_19338085	SIAT1	Royal Darwin Hospital	26/6/2024	jun	NA	Australia
A/Fiji/42/2024_may	A/Fiji/42/2024	EPI_ISL_19338084	MDCK1	National Centre for Scientific Services for Virology  and Vector Borne Diseases	8/5/2024	may	NA	Australia
A/Canberra/263/2024_jun	A/Canberra/263/2024	EPI_ISL_19338083	SIAT1	Canberra Hospital	20/6/2024	jun	NA	Australia
A/Victoria/1577A/2024_jul	A/Victoria/1577A/2024	EPI_ISL_19338082	MDCK1	Victorian Infectious Diseases Reference Laboratory	17/7/2024	jul	NA	Australia
A/Canberra/262/2024_jun	A/Canberra/262/2024	EPI_ISL_19338081	SIAT1	Canberra Hospital	20/6/2024	jun	NA	Australia
A/Victoria/1577/2024_jul	A/Victoria/1577/2024	EPI_ISL_19338080	MDCK1	Victorian Infectious Diseases Reference Laboratory	17/7/2024	jul	NA	Australia
A/Darwin/1009/2024_jun	A/Darwin/1009/2024	EPI_ISL_19338079	SIAT1	Royal Darwin Hospital	18/6/2024	jun	NA	Australia
A/Perth/860/2024_jun	A/Perth/860/2024	EPI_ISL_19338078	MDCK1	Pathwest QE II Medical Centre	7/6/2024	jun	NA	Australia
A/Thailand/12/2024_apr	A/Thailand/12/2024	EPI_ISL_19338077	MDCK1	"WHO National Influenza Centre, National Institute of Medical Research (NIMR)"	22/4/2024	apr	NA	Australia
A/Fiji/80/2024_may	A/Fiji/80/2024	EPI_ISL_19338076	MDCK1	National Centre for Scientific Services for Virology  and Vector Borne Diseases	19/5/2024	may	NA	Australia
A/Brisbane/167/2024_may	A/Brisbane/167/2024	EPI_ISL_19338075	MDCK2	Queensland Health Forensic and Scientific Services	23/5/2024	may	NA	Australia
A/Fiji/82/2024_may	A/Fiji/82/2024	EPI_ISL_19338074	MDCK1	National Centre for Scientific Services for Virology  and Vector Borne Diseases	21/5/2024	may	NA	Australia
A/Thailand/8/2024_mar	A/Thailand/8/2024	EPI_ISL_19338073	MDCK1	"WHO National Influenza Centre, National Institute of Medical Research (NIMR)"	13/3/2024	mar	NA	Australia
A/Fiji/55/2024_may	A/Fiji/55/2024	EPI_ISL_19338072	MDCK1	National Centre for Scientific Services for Virology  and Vector Borne Diseases	9/5/2024	may	NA	Australia
A/Thailand/2/2024_jan	A/Thailand/2/2024	EPI_ISL_19338071	"MDCK#1, MDCK1"	"WHO National Influenza Centre, National Institute of Medical Research (NIMR)"	12/1/2024	jan	NA	Australia
A/Thailand/4/2024_feb	A/Thailand/4/2024	EPI_ISL_19338070	"MDCK#1, MDCK1"	"WHO National Influenza Centre, National Institute of Medical Research (NIMR)"	19/2/2024	feb	NA	Australia
A/Sydney/769/2024_jul	A/Sydney/769/2024	EPI_ISL_19338069	SIAT1	Childrens Hospital Westmead	7/7/2024	jul	NA	Australia
A/Thailand/3/2024_jan	A/Thailand/3/2024	EPI_ISL_19338068	"MDCK#1, MDCK1"	"WHO National Influenza Centre, National Institute of Medical Research (NIMR)"	26/1/2024	jan	NA	Australia
A/Sydney/763/2024_jul	A/Sydney/763/2024	EPI_ISL_19338067	SIAT1	Childrens Hospital Westmead	5/7/2024	jul	NA	Australia
A/Sydney/766/2024_jul	A/Sydney/766/2024	EPI_ISL_19338065	SIAT1	Childrens Hospital Westmead	6/7/2024	jul	NA	Australia
A/Sydney/768/2024_jul	A/Sydney/768/2024	EPI_ISL_19338063	SIAT1	Childrens Hospital Westmead	7/7/2024	jul	NA	Australia
A/Tasmania/182/2024_jun	A/Tasmania/182/2024	EPI_ISL_19338053	SIAT2	Royal Hobart Hospital	22/6/2024	jun	NA	Australia
A/Victoria/1146/2024_jun	A/Victoria/1146/2024	EPI_ISL_19338051	SIAT2	Monash Medical Centre	19/6/2024	jun	NA	Australia
A/Victoria/1143/2024_jun	A/Victoria/1143/2024	EPI_ISL_19338048	SIAT2	Monash Medical Centre	18/6/2024	jun	NA	Australia
A/Victoria/1142/2024_jun	A/Victoria/1142/2024	EPI_ISL_19338046	SIAT2	Monash Medical Centre	18/6/2024	jun	NA	Australia
A/Victoria/1162/2024_jun	A/Victoria/1162/2024	EPI_ISL_19338043	SIAT2	Monash Medical Centre	4/6/2024	jun	NA	Australia
A/Victoria/1156/2024_jun	A/Victoria/1156/2024	EPI_ISL_19338041	SIAT2	Monash Medical Centre	3/6/2024	jun	NA	Australia
A/Victoria/1155/2024_jun	A/Victoria/1155/2024	EPI_ISL_19338039	SIAT2	Monash Medical Centre	1/6/2024	jun	NA	Australia
A/Sydney/780/2024_jul	A/Sydney/780/2024	EPI_ISL_19338031	SIAT1	Childrens Hospital Westmead	9/7/2024	jul	NA	Australia
A/Sydney/776/2024_jul	A/Sydney/776/2024	EPI_ISL_19338025	SIAT1	Childrens Hospital Westmead	9/7/2024	jul	NA	Australia
A/Sydney/490/2024_jul	A/Sydney/490/2024	EPI_ISL_19322627	SIAT1	4Cyte Pathology	7/7/2024	jul	NA	Australia
A/Sydney/491/2024_jul	A/Sydney/491/2024	EPI_ISL_19322626	SIAT1	4Cyte Pathology	7/7/2024	jul	NA	Australia
A/Darwin/1072/2024_jul	A/Darwin/1072/2024	EPI_ISL_19322625	SIAT1	Royal Darwin Hospital	5/7/2024	jul	NA	Australia
A/Sydney/539/2024_jun	A/Sydney/539/2024	EPI_ISL_19322119	SIAT1	Childrens Hospital Westmead	29/6/2024	jun	NA	Australia
A/Sydney/528/2024_jun	A/Sydney/528/2024	EPI_ISL_19322118	SIAT1	Childrens Hospital Westmead	26/6/2024	jun	NA	Australia
A/Sydney/521/2024_jun	A/Sydney/521/2024	EPI_ISL_19322116	MDCK1	Childrens Hospital Westmead	25/6/2024	jun	NA	Australia
A/Sydney/513/2024_jun	A/Sydney/513/2024	EPI_ISL_19322114	SIAT1	Childrens Hospital Westmead	25/6/2024	jun	NA	Australia
A/Sydney/505/2024_jun	A/Sydney/505/2024	EPI_ISL_19322113	SIAT1	Childrens Hospital Westmead	24/6/2024	jun	NA	Australia
A/Sydney/502/2024_jun	A/Sydney/502/2024	EPI_ISL_19322112	SIAT1	Childrens Hospital Westmead	24/6/2024	jun	NA	Australia
A/Sydney/501/2024_jun	A/Sydney/501/2024	EPI_ISL_19322111	MDCK1	Childrens Hospital Westmead	24/6/2024	jun	NA	Australia
A/Sydney/495/2024_jun	A/Sydney/495/2024	EPI_ISL_19322110	SIAT1	Childrens Hospital Westmead	21/6/2024	jun	NA	Australia
A/Victoria/1076/2024_jun	A/Victoria/1076/2024	EPI_ISL_19322109	SIAT1	Royal Chidrens Hospital	22/6/2024	jun	NA	Australia
A/Victoria/1069/2024_jun	A/Victoria/1069/2024	EPI_ISL_19322108	SIAT1	Royal Chidrens Hospital	20/6/2024	jun	NA	Australia
A/Victoria/1058/2024_jun	A/Victoria/1058/2024	EPI_ISL_19322107	SIAT1	Royal Chidrens Hospital	19/6/2024	jun	NA	Australia
A/Victoria/1178/2024_jun	A/Victoria/1178/2024	EPI_ISL_19322106	MDCK1	VIC - Australian Clinical Labs (ACL) - Geelong	22/6/2024	jun	NA	Australia
A/Victoria/1174/2024_jun	A/Victoria/1174/2024	EPI_ISL_19322105	MDCK1	VIC - Australian Clinical Labs (ACL) - Geelong	23/6/2024	jun	NA	Australia
A/Victoria/1281/2024_jul	A/Victoria/1281/2024	EPI_ISL_19322104	NULL1	VIC - Australian Clinical Labs (ACL) - Geelong	1/7/2024	jul	NA	Australia
A/Victoria/1172/2024_jun	A/Victoria/1172/2024	EPI_ISL_19322103	MDCK1	VIC - Australian Clinical Labs (ACL) - Geelong	28/6/2024	jun	NA	Australia
A/Victoria/1171/2024_jun	A/Victoria/1171/2024	EPI_ISL_19322102	MDCK1	VIC - Australian Clinical Labs (ACL) - Geelong	26/6/2024	jun	NA	Australia
A/Victoria/1206/2024_jul	A/Victoria/1206/2024	EPI_ISL_19322101	SIAT1	Royal Melbourne Hospital	2/7/2024	jul	NA	Australia
A/Victoria/1203/2024_jul	A/Victoria/1203/2024	EPI_ISL_19322100	SIAT1	Royal Melbourne Hospital	2/7/2024	jul	NA	Australia
A/Victoria/1199/2024_jun	A/Victoria/1199/2024	EPI_ISL_19322099	SIAT1	Royal Melbourne Hospital	30/6/2024	jun	NA	Australia
A/Victoria/1193/2024_jun	A/Victoria/1193/2024	EPI_ISL_19322098	SIAT1	Royal Melbourne Hospital	29/6/2024	jun	NA	Australia
A/Victoria/1186/2024_jun	A/Victoria/1186/2024	EPI_ISL_19322097	SIAT1	Royal Melbourne Hospital	28/6/2024	jun	NA	Australia
A/Victoria/865/2024_jun	A/Victoria/865/2024	EPI_ISL_19322096	SIAT1	Royal Melbourne Hospital	18/6/2024	jun	NA	Australia
A/Victoria/862/2024_jun	A/Victoria/862/2024	EPI_ISL_19322095	SIAT1	Royal Melbourne Hospital	17/6/2024	jun	NA	Australia
A/Victoria/859/2024_jun	A/Victoria/859/2024	EPI_ISL_19322094	SIAT1	Royal Melbourne Hospital	16/6/2024	jun	NA	Australia
A/Victoria/858/2024_jun	A/Victoria/858/2024	EPI_ISL_19322093	SIAT1	Royal Melbourne Hospital	16/6/2024	jun	NA	Australia
A/Victoria/851/2024_jun	A/Victoria/851/2024	EPI_ISL_19322092	SIAT1	Royal Melbourne Hospital	14/6/2024	jun	NA	Australia
A/Victoria/1291/2024_jun	A/Victoria/1291/2024	EPI_ISL_19322091	SIAT1	Royal Melbourne Hospital	12/6/2024	jun	NA	Australia
A/Cairns/16/2024_apr	A/Cairns/16/2024	EPI_ISL_19322090	SIAT1	Pathology Queensland Cairns laboratory	18/4/2024	apr	NA	Australia
A/Tasmania/143/2024_jun	A/Tasmania/143/2024	EPI_ISL_19322089	SIAT1	Hobart Pathology	3/6/2024	jun	NA	Australia
A/Darwin/480/2024_e_may	A/Darwin/480/2024	EPI_ISL_19322085	E2	Royal Darwin Hospital	1/5/2024	may	Egg	Australia
A/Darwin/553/2024_e_may	A/Darwin/553/2024	EPI_ISL_19322084	E3	Royal Darwin Hospital	8/5/2024	may	Egg	Australia
A/Tonga/2/2024_o_jul	A/Tonga/2/2024	EPI_ISL_19321987	ORIGINAL	Laboratory Service Vaiola Hospital Tongatapu	7/7/2024	jul	Original - o	Australia
A/Tonga/1/2024_o_jul	A/Tonga/1/2024	EPI_ISL_19321986	ORIGINAL	Laboratory Service Vaiola Hospital Tongatapu	2/7/2024	jul	Original - o	Australia
A/Sydney/395/2024_jun	A/Sydney/395/2024	EPI_ISL_19321985	SIAT1	Childrens Hospital Westmead	14/6/2024	jun	NA	Australia
A/Sydney/394/2024_jun	A/Sydney/394/2024	EPI_ISL_19321984	SIAT1	Childrens Hospital Westmead	13/6/2024	jun	NA	Australia
A/Sydney/367/2024_jun	A/Sydney/367/2024	EPI_ISL_19321983	SIAT1	Childrens Hospital Westmead	11/6/2024	jun	NA	Australia
A/Sydney/362/2024_jun	A/Sydney/362/2024	EPI_ISL_19321982	MDCK1	Childrens Hospital Westmead	7/6/2024	jun	NA	Australia
A/Sydney/359/2024_jun	A/Sydney/359/2024	EPI_ISL_19321981	SIAT1	Childrens Hospital Westmead	7/6/2024	jun	NA	Australia
A/Sydney/355/2024_jun	A/Sydney/355/2024	EPI_ISL_19321980	MDCK2	Childrens Hospital Westmead	7/6/2024	jun	NA	Australia
A/Sydney/453/2024_jun	A/Sydney/453/2024	EPI_ISL_19321979	SIAT1	Institute of Medical and Veterinary Science (IMVS)	17/6/2024	jun	NA	Australia
A/Victoria/1219/2024_jun	A/Victoria/1219/2024	EPI_ISL_19321978	SIAT1	Institute of Medical and Veterinary Science (IMVS)	17/6/2024	jun	NA	Australia
A/Sydney/451/2024_jun	A/Sydney/451/2024	EPI_ISL_19321977	SIAT1	Institute of Medical and Veterinary Science (IMVS)	17/6/2024	jun	NA	Australia
A/Victoria/1218/2024_jun	A/Victoria/1218/2024	EPI_ISL_19321976	SIAT1	Institute of Medical and Veterinary Science (IMVS)	17/6/2024	jun	NA	Australia
A/Victoria/1217/2024_jun	A/Victoria/1217/2024	EPI_ISL_19321975	SIAT1	Institute of Medical and Veterinary Science (IMVS)	17/6/2024	jun	NA	Australia
A/Sydney/449/2024_jun	A/Sydney/449/2024	EPI_ISL_19321974	SIAT1	Institute of Medical and Veterinary Science (IMVS)	13/6/2024	jun	NA	Australia
A/Sydney/447/2024_jun	A/Sydney/447/2024	EPI_ISL_19321973	SIAT1	Institute of Medical and Veterinary Science (IMVS)	11/6/2024	jun	NA	Australia
A/Sydney/440/2024_jun	A/Sydney/440/2024	EPI_ISL_19321972	SIAT1	Institute of Medical and Veterinary Science (IMVS)	7/6/2024	jun	NA	Australia
A/Victoria/1212/2024_jun	A/Victoria/1212/2024	EPI_ISL_19321971	SIAT1	Institute of Medical and Veterinary Science (IMVS)	4/6/2024	jun	NA	Australia
A/Victoria/1622/2024_o_jul	A/Victoria/1622/2024	EPI_ISL_19321970	ORIGINAL	Victorian Infectious Diseases Reference Laboratory	21/7/2024	jul	Original - o	Australia
A/Sydney/781/2024_o_jul	A/Sydney/781/2024	EPI_ISL_19321969	ORIGINAL	Childrens Hospital Westmead	10/7/2024	jul	Original - o	Australia
A/Sydney/779/2024_o_jul	A/Sydney/779/2024	EPI_ISL_19321968	ORIGINAL	Childrens Hospital Westmead	9/7/2024	jul	Original - o	Australia
A/Sydney/774/2024_o_jul	A/Sydney/774/2024	EPI_ISL_19321967	ORIGINAL	Childrens Hospital Westmead	8/7/2024	jul	Original - o	Australia
A/Sydney/769/2024_o_jul	A/Sydney/769/2024	EPI_ISL_19321966	ORIGINAL	Childrens Hospital Westmead	7/7/2024	jul	Original - o	Australia
A/Sydney/766/2024_o_jul	A/Sydney/766/2024	EPI_ISL_19321965	ORIGINAL	Childrens Hospital Westmead	6/7/2024	jul	Original - o	Australia
A/Sydney/763/2024_o_jul	A/Sydney/763/2024	EPI_ISL_19321964	ORIGINAL	Childrens Hospital Westmead	5/7/2024	jul	Original - o	Australia
A/Sydney/742/2024_o_jul	A/Sydney/742/2024	EPI_ISL_19321962	ORIGINAL	Childrens Hospital Westmead	2/7/2024	jul	Original - o	Australia
A/Sydney/679/2024_o_jun	A/Sydney/679/2024	EPI_ISL_19321958	ORIGINAL	Childrens Hospital Westmead	24/6/2024	jun	Original - o	Australia
A/Sydney/674/2024_o_jun	A/Sydney/674/2024	EPI_ISL_19321957	ORIGINAL	Childrens Hospital Westmead	21/6/2024	jun	Original - o	Australia
A/Sydney/661/2024_o_jun	A/Sydney/661/2024	EPI_ISL_19321956	ORIGINAL	Childrens Hospital Westmead	16/6/2024	jun	Original - o	Australia
A/Sydney/655/2024_o_jun	A/Sydney/655/2024	EPI_ISL_19321955	ORIGINAL	Childrens Hospital Westmead	13/6/2024	jun	Original - o	Australia
A/Sydney/621/2024_o_jun	A/Sydney/621/2024	EPI_ISL_19321954	ORIGINAL	Childrens Hospital Westmead	28/6/2024	jun	Original - o	Australia
A/Sydney/631/2024_o_jul	A/Sydney/631/2024	EPI_ISL_19321949	ORIGINAL	Childrens Hospital Westmead	1/7/2024	jul	Original - o	Australia
A/Victoria/1577A/2024_o_jul	A/Victoria/1577A/2024	EPI_ISL_19321948	ORIGINAL	Victorian Infectious Diseases Reference Laboratory	17/7/2024	jul	Original - o	Australia
A/Fiji/82/2024_o_may	A/Fiji/82/2024	EPI_ISL_19321947	ORIGINAL	National Centre for Scientific Services for Virology  and Vector Borne Diseases	21/5/2024	may	Original - o	Australia
A/Fiji/47/2024_o_may	A/Fiji/47/2024	EPI_ISL_19321946	ORIGINAL	National Centre for Scientific Services for Virology  and Vector Borne Diseases	6/5/2024	may	Original - o	Australia
A/Darwin/1033/2024_o_jun	A/Darwin/1033/2024	EPI_ISL_19321943	ORIGINAL	Royal Darwin Hospital	26/6/2024	jun	Original - o	Australia
A/Canberra/262/2024_o_jun	A/Canberra/262/2024	EPI_ISL_19321941	ORIGINAL	Canberra Hospital	20/6/2024	jun	Original - o	Australia
A/Canberra/254/2024_o_jun	A/Canberra/254/2024	EPI_ISL_19321940	ORIGINAL	Canberra Hospital	19/6/2024	jun	Original - o	Australia
A/South_Australia/90/2024_jun	A/South_Australia/90/2024	EPI_ISL_19321936	SIAT1	Institute of Medical and Veterinary Science (IMVS)	21/6/2024	jun	NA	Australia
A/South_Australia/100/2024_jun	A/South_Australia/100/2024	EPI_ISL_19321934	SIAT1	Institute of Medical and Veterinary Science (IMVS)	12/6/2024	jun	NA	Australia
A/Sydney/323/2024_jun	A/Sydney/323/2024	EPI_ISL_19321932	SIAT1	"Clinical Virology Unit, CDIM"	11/6/2024	jun	NA	Australia
A/Brisbane/160/2024_jun	A/Brisbane/160/2024	EPI_ISL_19321930	MDCK1	Queensland Health Forensic and Scientific Services	4/6/2024	jun	NA	Australia
A/Darwin/998/2024_o_jun	A/Darwin/998/2024	EPI_ISL_19321929	ORIGINAL	Royal Darwin Hospital	16/6/2024	jun	Original - o	Australia
A/Perth/820/2024_jun	A/Perth/820/2024	EPI_ISL_19321928	MDCK1	Pathwest QE II Medical Centre	5/6/2024	jun	NA	Australia
A/Darwin/996/2024_o_jun	A/Darwin/996/2024	EPI_ISL_19321927	ORIGINAL	Royal Darwin Hospital	18/6/2024	jun	Original - o	Australia
A/Tasmania/137/2024_jun	A/Tasmania/137/2024	EPI_ISL_19321926	SIAT1	Hobart Pathology	9/6/2024	jun	NA	Australia
A/South_Africa/R04814/2024_jun	A/South_Africa/R04814/2024	EPI_ISL_19321924	"MDCK1, MDCK1"	National Institute for Communicable Disease	3/6/2024	jun	NA	Australia
A/South_Africa/R04166/2024_jul	A/South_Africa/R04166/2024	EPI_ISL_19321922	"MDCK1, MDCK1"	National Institute for Communicable Disease	15/7/2024	jul	NA	Australia
A/South_Africa/R05464/2024_jun	A/South_Africa/R05464/2024	EPI_ISL_19321920	"MDCK1, MDCK1"	National Institute for Communicable Disease	20/6/2024	jun	NA	Australia
A/South_Africa/R04891/2024_jun	A/South_Africa/R04891/2024	EPI_ISL_19321918	"MDCK1, MDCK1"	National Institute for Communicable Disease	5/6/2024	jun	NA	Australia
A/Sydney/512/2024_o_jun	A/Sydney/512/2024	EPI_ISL_19321917	ORIGINAL	Childrens Hospital Westmead	25/6/2024	jun	Original - o	Australia
A/South_Africa/R04885/2024_jun	A/South_Africa/R04885/2024	EPI_ISL_19321916	"MDCK1, MDCK1"	National Institute for Communicable Disease	5/6/2024	jun	NA	Australia
A/South_Africa/R04869/2024_jun	A/South_Africa/R04869/2024	EPI_ISL_19321914	"MDCK1, MDCK1"	National Institute for Communicable Disease	4/6/2024	jun	NA	Australia
A/South_Africa/R04509/2024_may	A/South_Africa/R04509/2024	EPI_ISL_19321912	"MDCK1, MDCK1"	National Institute for Communicable Disease	24/5/2024	may	NA	Australia
A/Victoria/1161/2024_o_jun	A/Victoria/1161/2024	EPI_ISL_19321911	ORIGINAL	Monash Medical Centre	4/6/2024	jun	Original - o	Australia
A/South_Africa/R04056/2024_may	A/South_Africa/R04056/2024	EPI_ISL_19321910	"MDCK1, MDCK1"	National Institute for Communicable Disease	17/5/2024	may	NA	Australia
A/Victoria/1158/2024_o_jun	A/Victoria/1158/2024	EPI_ISL_19321909	ORIGINAL	Monash Medical Centre	3/6/2024	jun	Original - o	Australia
A/South_Africa/R02462/2024_apr	A/South_Africa/R02462/2024	EPI_ISL_19321908	"MDCK1, MDCK1"	National Institute for Communicable Disease	4/4/2024	apr	NA	Australia
A/South_Africa/R05522/2024_jun	A/South_Africa/R05522/2024	EPI_ISL_19321906	"MDCK1, MDCK1"	National Institute for Communicable Disease	21/6/2024	jun	NA	Australia
A/South_Australia/91/2024_jun	A/South_Australia/91/2024	EPI_ISL_19321904	SIAT1	Institute of Medical and Veterinary Science (IMVS)	17/6/2024	jun	NA	Australia
A/Sydney/380/2024_jun	A/Sydney/380/2024	EPI_ISL_19321902	SIAT1	Childrens Hospital Westmead	12/6/2024	jun	NA	Australia
A/Victoria/1352/2024_o_jul	A/Victoria/1352/2024	EPI_ISL_19321901	ORIGINAL	Austin Health	8/7/2024	jul	Original - o	Australia
A/Darwin/1039/2024_jul	A/Darwin/1039/2024	EPI_ISL_19321900	SIAT1	Royal Darwin Hospital	1/7/2024	jul	NA	Australia
A/Victoria/1344/2024_o_jul	A/Victoria/1344/2024	EPI_ISL_19321899	ORIGINAL	Austin Health	5/7/2024	jul	Original - o	Australia
A/Darwin/1042/2024_jun	A/Darwin/1042/2024	EPI_ISL_19321898	SIAT1	Royal Darwin Hospital	3/6/2024	jun	NA	Australia
A/Sydney/317/2024_jun	A/Sydney/317/2024	EPI_ISL_19321896	SIAT2	"Clinical Virology Unit, CDIM"	10/6/2024	jun	NA	Australia
A/Victoria/1339/2024_o_jul	A/Victoria/1339/2024	EPI_ISL_19321895	ORIGINAL	Austin Health	7/7/2024	jul	Original - o	Australia
A/Cairns/5/2024_apr	A/Cairns/5/2024	EPI_ISL_19321894	SIAT2	Pathology Queensland Cairns laboratory	4/4/2024	apr	NA	Australia
A/Canberra/244/2024_jun	A/Canberra/244/2024	EPI_ISL_19321892	SIAT1	Canberra Hospital	11/6/2024	jun	NA	Australia
A/Canberra/227/2024_jun	A/Canberra/227/2024	EPI_ISL_19321890	SIAT1	Canberra Hospital	2/6/2024	jun	NA	Australia
A/Darwin/1073/2024_o_jul	A/Darwin/1073/2024	EPI_ISL_19321889	ORIGINAL	Royal Darwin Hospital	6/7/2024	jul	Original - o	Australia
A/Victoria/1154/2024_jun	A/Victoria/1154/2024	EPI_ISL_19321888	SIAT1	Monash Medical Centre	20/6/2024	jun	NA	Australia
A/Victoria/1151/2024_jun	A/Victoria/1151/2024	EPI_ISL_19321886	SIAT1	Monash Medical Centre	20/6/2024	jun	NA	Australia
A/South_Australia/100/2024_o_jun	A/South_Australia/100/2024	EPI_ISL_19321885	ORIGINAL	Institute of Medical and Veterinary Science (IMVS)	12/6/2024	jun	Original - o	Australia
A/Sydney/380/2024_o_jun	A/Sydney/380/2024	EPI_ISL_19321884	ORIGINAL	Childrens Hospital Westmead	12/6/2024	jun	Original - o	Australia
A/Victoria/1150/2024_jun	A/Victoria/1150/2024	EPI_ISL_19321883	SIAT1	Monash Medical Centre	20/6/2024	jun	NA	Australia
A/Sydney/335/2024_o_jun	A/Sydney/335/2024	EPI_ISL_19321882	ORIGINAL	"Clinical Virology Unit, CDIM"	16/6/2024	jun	Original - o	Australia
A/Victoria/1157/2024_jun	A/Victoria/1157/2024	EPI_ISL_19321881	SIAT1	Monash Medical Centre	3/6/2024	jun	NA	Australia
A/Victoria/1321/2024_o_jul	A/Victoria/1321/2024	EPI_ISL_19321879	ORIGINAL	Royal Chidrens Hospital	3/7/2024	jul	Original - o	Australia
A/Sydney/327/2024_o_jun	A/Sydney/327/2024	EPI_ISL_19321877	ORIGINAL	"Clinical Virology Unit, CDIM"	14/6/2024	jun	Original - o	Australia
A/Victoria/1272/2024_o_jun	A/Victoria/1272/2024	EPI_ISL_19321876	ORIGINAL	Royal Chidrens Hospital	29/6/2024	jun	Original - o	Australia
A/Canberra/282/2024_o_jun	A/Canberra/282/2024	EPI_ISL_19321873	ORIGINAL	Canberra Hospital	23/6/2024	jun	Original - o	Australia
A/Tasmania/191/2024_o_jun	A/Tasmania/191/2024	EPI_ISL_19321872	ORIGINAL	Hobart Pathology	21/6/2024	jun	Original - o	Australia
A/Victoria/1169/2024_o_jun	A/Victoria/1169/2024	EPI_ISL_19321871	ORIGINAL	VIC - Australian Clinical Labs (ACL) - Geelong	26/6/2024	jun	Original - o	Australia
A/Victoria/1116/2024_o_jun	A/Victoria/1116/2024	EPI_ISL_19321870	ORIGINAL	Alfred Hospital	26/6/2024	jun	Original - o	Australia
A/Canberra/204/2024_o_jun	A/Canberra/204/2024	EPI_ISL_19321869	ORIGINAL	Canberra Hospital	3/6/2024	jun	Original - o	Australia
A/Sydney/330/2024_o_jun	A/Sydney/330/2024	EPI_ISL_19321866	ORIGINAL	"Clinical Virology Unit, CDIM"	15/6/2024	jun	Original - o	Australia
A/Victoria/964/2024_o_jun	A/Victoria/964/2024	EPI_ISL_19321862	ORIGINAL	Monash Medical Centre	9/6/2024	jun	Original - o	Australia
A/Darwin/1014A/2024_o_jun	A/Darwin/1014A/2024	EPI_ISL_19321858	ORIGINAL	Royal Darwin Hospital	18/6/2024	jun	Original - o	Australia
A/Victoria/909/2024_may	A/Victoria/909/2024	EPI_ISL_19302015	SIAT1	Monash Medical Centre	24/5/2024	may	NA	Australia
A/Victoria/773/2024_may	A/Victoria/773/2024	EPI_ISL_19302013	SIAT1	Monash Medical Centre	18/5/2024	may	NA	Australia
A/Victoria/772/2024_may	A/Victoria/772/2024	EPI_ISL_19302011	SIAT1	Monash Medical Centre	16/5/2024	may	NA	Australia
A/Sydney/389/2024_jun	A/Sydney/389/2024	EPI_ISL_19302008	MDCK1	Childrens Hospital Westmead	13/6/2024	jun	NA	Australia
A/Victoria/725/2024_jun	A/Victoria/725/2024	EPI_ISL_19301991	SIAT1	Royal Chidrens Hospital	5/6/2024	jun	NA	Australia
A/Victoria/724/2024_jun	A/Victoria/724/2024	EPI_ISL_19301987	SIAT1	Royal Chidrens Hospital	4/6/2024	jun	NA	Australia
A/Victoria/720/2024_jun	A/Victoria/720/2024	EPI_ISL_19301985	SIAT1	Royal Chidrens Hospital	3/6/2024	jun	NA	Australia
A/Victoria/717/2024_jun	A/Victoria/717/2024	EPI_ISL_19301984	SIAT1	Royal Chidrens Hospital	1/6/2024	jun	NA	Australia
A/Brisbane/139/2024_o_apr	A/Brisbane/139/2024	EPI_ISL_19301949	ORIGINAL	Queensland Health Forensic and Scientific Services	18/4/2024	apr	Original - o	Australia
A/Brisbane/137/2024_o_apr	A/Brisbane/137/2024	EPI_ISL_19301944	ORIGINAL	Queensland Health Forensic and Scientific Services	18/4/2024	apr	Original - o	Australia
A/Townsville/4/2024_o_apr	A/Townsville/4/2024	EPI_ISL_19301942	ORIGINAL	Queensland Health Forensic and Scientific Services	10/4/2024	apr	Original - o	Australia
A/Brisbane/130/2024_o_apr	A/Brisbane/130/2024	EPI_ISL_19301929	ORIGINAL	Queensland Health Forensic and Scientific Services	12/4/2024	apr	Original - o	Australia
A/Brisbane/129/2024_o_apr	A/Brisbane/129/2024	EPI_ISL_19301926	ORIGINAL	Queensland Health Forensic and Scientific Services	7/4/2024	apr	Original - o	Australia
A/Canberra/225/2024_o_may	A/Canberra/225/2024	EPI_ISL_19301924	ORIGINAL	Canberra Hospital	8/5/2024	may	Original - o	Australia
A/Canberra/207/2024_o_jun	A/Canberra/207/2024	EPI_ISL_19301919	ORIGINAL	Canberra Hospital	5/6/2024	jun	Original - o	Australia
A/Victoria/770/2024_o_may	A/Victoria/770/2024	EPI_ISL_19301911	ORIGINAL	Monash Medical Centre	20/5/2024	may	Original - o	Australia
A/Victoria/733/2024_o_jun	A/Victoria/733/2024	EPI_ISL_19301900	ORIGINAL	Royal Chidrens Hospital	4/6/2024	jun	Original - o	Australia
A/Victoria/1031/2024_o_jun	A/Victoria/1031/2024	EPI_ISL_19301892	ORIGINAL	Victorian Infectious Diseases Reference Laboratory	12/6/2024	jun	Original - o	Australia
A/Victoria/889/2024_o_jun	A/Victoria/889/2024	EPI_ISL_19301887	ORIGINAL	Austin Health	17/6/2024	jun	Original - o	Australia
A/Canberra/186/2024_o_may	A/Canberra/186/2024	EPI_ISL_19301880	ORIGINAL	Canberra Hospital	28/5/2024	may	Original - o	Australia
A/Canberra/178/2024_o_may	A/Canberra/178/2024	EPI_ISL_19301879	ORIGINAL	Canberra Hospital	26/5/2024	may	Original - o	Australia
A/Canberra/169/2024_o_may	A/Canberra/169/2024	EPI_ISL_19301875	ORIGINAL	Canberra Hospital	23/5/2024	may	Original - o	Australia
A/Victoria/973/2024_jun	A/Victoria/973/2024	EPI_ISL_19271706	SIAT1	Monash Medical Centre	12/6/2024	jun	NA	Australia
A/Victoria/972/2024_jun	A/Victoria/972/2024	EPI_ISL_19271705	SIAT1	Monash Medical Centre	11/6/2024	jun	NA	Australia
A/Victoria/971/2024_jun	A/Victoria/971/2024	EPI_ISL_19271704	SIAT1	Monash Medical Centre	11/6/2024	jun	NA	Australia
A/Victoria/969/2024_jun	A/Victoria/969/2024	EPI_ISL_19271703	SIAT1	Monash Medical Centre	10/6/2024	jun	NA	Australia
A/Victoria/965/2024_jun	A/Victoria/965/2024	EPI_ISL_19271702	SIAT1	Monash Medical Centre	9/6/2024	jun	NA	Australia
A/Victoria/959/2024_jun	A/Victoria/959/2024	EPI_ISL_19271701	SIAT1	Monash Medical Centre	7/6/2024	jun	NA	Australia
A/Victoria/955/2024_jun	A/Victoria/955/2024	EPI_ISL_19271700	SIAT1	Monash Medical Centre	5/6/2024	jun	NA	Australia
A/Victoria/953/2024_jun	A/Victoria/953/2024	EPI_ISL_19271699	SIAT1	Monash Medical Centre	5/6/2024	jun	NA	Australia
A/Victoria/952/2024_jun	A/Victoria/952/2024	EPI_ISL_19271698	SIAT1	Monash Medical Centre	5/6/2024	jun	NA	Australia
A/Victoria/949/2024_jun	A/Victoria/949/2024	EPI_ISL_19271697	SIAT1	Monash Medical Centre	4/6/2024	jun	NA	Australia
A/Victoria/948/2024_jun	A/Victoria/948/2024	EPI_ISL_19271696	SIAT1	Monash Medical Centre	4/6/2024	jun	NA	Australia
A/Victoria/946/2024_jun	A/Victoria/946/2024	EPI_ISL_19271695	SIAT1	Monash Medical Centre	4/6/2024	jun	NA	Australia
A/Victoria/945/2024_jun	A/Victoria/945/2024	EPI_ISL_19271694	SIAT1	Monash Medical Centre	3/6/2024	jun	NA	Australia
A/Victoria/944/2024_jun	A/Victoria/944/2024	EPI_ISL_19271693	SIAT1	Monash Medical Centre	3/6/2024	jun	NA	Australia
A/Victoria/943/2024_jun	A/Victoria/943/2024	EPI_ISL_19271692	SIAT1	Monash Medical Centre	3/6/2024	jun	NA	Australia
A/Victoria/938/2024_jun	A/Victoria/938/2024	EPI_ISL_19271691	SIAT1	Monash Medical Centre	2/6/2024	jun	NA	Australia
A/Victoria/936/2024_jun	A/Victoria/936/2024	EPI_ISL_19271690	SIAT1	Monash Medical Centre	2/6/2024	jun	NA	Australia
A/Victoria/935/2024_jun	A/Victoria/935/2024	EPI_ISL_19271689	SIAT1	Monash Medical Centre	1/6/2024	jun	NA	Australia
A/Victoria/934/2024_jun	A/Victoria/934/2024	EPI_ISL_19271688	SIAT1	Monash Medical Centre	1/6/2024	jun	NA	Australia
A/Victoria/933/2024_may	A/Victoria/933/2024	EPI_ISL_19271687	SIAT1	Monash Medical Centre	31/5/2024	may	NA	Australia
A/Victoria/930/2024_may	A/Victoria/930/2024	EPI_ISL_19271686	SIAT1	Monash Medical Centre	31/5/2024	may	NA	Australia
A/Victoria/931/2024_may	A/Victoria/931/2024	EPI_ISL_19271685	SIAT1	Monash Medical Centre	31/5/2024	may	NA	Australia
A/Victoria/926/2024_may	A/Victoria/926/2024	EPI_ISL_19271684	SIAT1	Monash Medical Centre	30/5/2024	may	NA	Australia
A/Victoria/925/2024_may	A/Victoria/925/2024	EPI_ISL_19271683	SIAT1	Monash Medical Centre	30/5/2024	may	NA	Australia
A/Victoria/924/2024_may	A/Victoria/924/2024	EPI_ISL_19271682	SIAT1	Monash Medical Centre	30/5/2024	may	NA	Australia
A/Victoria/923/2024_may	A/Victoria/923/2024	EPI_ISL_19271681	SIAT1	Monash Medical Centre	29/5/2024	may	NA	Australia
A/Victoria/914/2024_may	A/Victoria/914/2024	EPI_ISL_19271680	SIAT1	Monash Medical Centre	29/5/2024	may	NA	Australia
A/Victoria/347/2024_q_apr	A/Victoria/347/2024	EPI_ISL_19264887	QMC2	Monash Medical Centre	19/4/2024	apr	QMC	Australia
A/Darwin/448/2024_q_apr	A/Darwin/448/2024	EPI_ISL_19264886	QMC2	Royal Darwin Hospital	15/4/2024	apr	QMC	Australia
A/Darwin/307/2024_q_apr	A/Darwin/307/2024	EPI_ISL_19264885	QMC2	Royal Darwin Hospital	16/4/2024	apr	QMC	Australia
A/Darwin/370/2024_q_apr	A/Darwin/370/2024	EPI_ISL_19264884	QMC2	Royal Darwin Hospital	26/4/2024	apr	QMC	Australia
A/Canberra/103/2024_q_mar	A/Canberra/103/2024	EPI_ISL_19264883	QMC2	Canberra Hospital	20/3/2024	mar	QMC	Australia
A/Victoria/132/2024_q_mar	A/Victoria/132/2024	EPI_ISL_19264882	QMC2	Royal Melbourne Hospital	12/3/2024	mar	QMC	Australia
A/South_Australia/27/2024_q_feb	A/South_Australia/27/2024	EPI_ISL_19264881	QMC2	Institute of Medical and Veterinary Science (IMVS)	21/2/2024	feb	QMC	Australia
A/Tasmania/27/2024_q_feb	A/Tasmania/27/2024	EPI_ISL_19264880	QMC2	Royal Hobart Hospital	21/2/2024	feb	QMC	Australia
A/Victoria/378/2024_may	A/Victoria/378/2024	EPI_ISL_19194723	SIAT1	Monash Medical Centre	7/5/2024	may	NA	Australia
A/Victoria/376/2024_may	A/Victoria/376/2024	EPI_ISL_19194722	SIAT1	Monash Medical Centre	4/5/2024	may	NA	Australia
A/Victoria/407/2024_may	A/Victoria/407/2024	EPI_ISL_19194721	SIAT1	Royal Melbourne Hospital	12/5/2024	may	NA	Australia
A/Victoria/406/2024_may	A/Victoria/406/2024	EPI_ISL_19194720	SIAT1	Royal Melbourne Hospital	12/5/2024	may	NA	Australia
A/Victoria/400/2024_may	A/Victoria/400/2024	EPI_ISL_19194719	SIAT1	Royal Melbourne Hospital	9/5/2024	may	NA	Australia
A/Sydney/127/2024_apr	A/Sydney/127/2024	EPI_ISL_19194716	SIAT1	"Clinical Virology Unit, CDIM"	29/4/2024	apr	NA	Australia
A/Tasmania/73/2024_apr	A/Tasmania/73/2024	EPI_ISL_19194714	SIAT1	Royal Hobart Hospital	14/4/2024	apr	NA	Australia
A/Brunei/155/2023_nov	A/Brunei/155/2023	EPI_ISL_19194713	MDCK1	"R.I.P.A.S. Hospital, Department of Laboratory Services"	19/11/2023	nov	NA	Australia
A/Timor-Leste/290/2024_feb	A/Timor-Leste/290/2024	EPI_ISL_19194712	MDCK1	Laboratório Nacional da Saúde	23/2/2024	feb	NA	Australia
A/Timor-Leste/289/2024_feb	A/Timor-Leste/289/2024	EPI_ISL_19194711	MDCK1	Laboratório Nacional da Saúde	22/2/2024	feb	NA	Australia
A/Timor-Leste/269/2024_feb	A/Timor-Leste/269/2024	EPI_ISL_19194710	MDCK1	Laboratório Nacional da Saúde	2/2/2024	feb	NA	Australia
A/Darwin/359/2024_apr	A/Darwin/359/2024	EPI_ISL_19194702	SIAT1	Royal Darwin Hospital	20/4/2024	apr	NA	Australia
A/Darwin/328/2024_apr	A/Darwin/328/2024	EPI_ISL_19194701	SIAT1	Royal Darwin Hospital	19/4/2024	apr	NA	Australia
A/Darwin/327/2024_apr	A/Darwin/327/2024	EPI_ISL_19194700	SIAT1	Royal Darwin Hospital	18/4/2024	apr	NA	Australia
A/Darwin/307/2024_apr	A/Darwin/307/2024	EPI_ISL_19194699	SIAT1	Royal Darwin Hospital	16/4/2024	apr	NA	Australia
A/Darwin/306/2024_apr	A/Darwin/306/2024	EPI_ISL_19194698	SIAT1	Royal Darwin Hospital	17/4/2024	apr	NA	Australia
A/Darwin/335/2024_apr	A/Darwin/335/2024	EPI_ISL_19194697	SIAT1	Royal Darwin Hospital	20/4/2024	apr	NA	Australia
A/Darwin/368/2024_apr	A/Darwin/368/2024	EPI_ISL_19194696	SIAT1	Royal Darwin Hospital	25/4/2024	apr	NA	Australia
A/Darwin/369/2024_apr	A/Darwin/369/2024	EPI_ISL_19194695	SIAT1	Royal Darwin Hospital	26/4/2024	apr	NA	Australia
A/Darwin/370/2024_apr	A/Darwin/370/2024	EPI_ISL_19194694	SIAT1	Royal Darwin Hospital	26/4/2024	apr	NA	Australia
A/Darwin/444/2024_apr	A/Darwin/444/2024	EPI_ISL_19194693	SIAT1	Royal Darwin Hospital	29/4/2024	apr	NA	Australia
A/Victoria/197/2024_apr	A/Victoria/197/2024	EPI_ISL_19194689	SIAT1	Alfred Hospital	7/4/2024	apr	NA	Australia
A/Victoria/201/2024_apr	A/Victoria/201/2024	EPI_ISL_19194688	SIAT1	Monash Medical Centre	8/4/2024	apr	NA	Australia
A/Darwin/448/2024_apr	A/Darwin/448/2024	EPI_ISL_19194687	SIAT1	Royal Darwin Hospital	15/4/2024	apr	NA	Australia
A/Victoria/347/2024_apr	A/Victoria/347/2024	EPI_ISL_19194686	SIAT1	Monash Medical Centre	19/4/2024	apr	NA	Australia
A/Victoria/368/2024_may	A/Victoria/368/2024	EPI_ISL_19194685	SIAT1	Royal Melbourne Hospital	6/5/2024	may	NA	Australia
A/Victoria/275/2024_apr	A/Victoria/275/2024	EPI_ISL_19194683	SIAT1	Monash Medical Centre	22/4/2024	apr	NA	Australia
A/Darwin/393A/2024_apr	A/Darwin/393A/2024	EPI_ISL_19194680	SIAT1	Royal Darwin Hospital	28/4/2024	apr	NA	Australia
A/Darwin/486/2024_may	A/Darwin/486/2024	EPI_ISL_19194679	SIAT1	Royal Darwin Hospital	1/5/2024	may	NA	Australia
A/Victoria/487/2024_may	A/Victoria/487/2024	EPI_ISL_19194677	SIAT1	VIC - Australian Clinical Labs (ACL) - Geelong	15/5/2024	may	NA	Australia
A/Victoria/486/2024_may	A/Victoria/486/2024	EPI_ISL_19194676	SIAT1	VIC - Australian Clinical Labs (ACL) - Geelong	19/5/2024	may	NA	Australia
A/Victoria/484/2024_may	A/Victoria/484/2024	EPI_ISL_19194675	SIAT1	VIC - Australian Clinical Labs (ACL) - Geelong	17/5/2024	may	NA	Australia
A/Victoria/422/2024_may	A/Victoria/422/2024	EPI_ISL_19194674	MDCK1	VIC - Australian Clinical Labs (ACL) - Geelong	5/5/2024	may	NA	Australia
A/Sydney/123/2024_apr	A/Sydney/123/2024	EPI_ISL_19194673	SIAT1	Institute of Medical and Veterinary Science (IMVS)	24/4/2024	apr	NA	Australia
A/Victoria/210/2024_apr	A/Victoria/210/2024	EPI_ISL_19194671	SIAT1	Alfred Hospital	17/4/2024	apr	NA	Australia
A/Darwin/553/2024_may	A/Darwin/553/2024	EPI_ISL_19194670	SIAT1	Royal Darwin Hospital	8/5/2024	may	NA	Australia
A/Canberra/126/2024_apr	A/Canberra/126/2024	EPI_ISL_19194669	SIAT1	Canberra Hospital	22/4/2024	apr	NA	Australia
A/Victoria/415/2024_may	A/Victoria/415/2024	EPI_ISL_19194668	SIAT1	Royal Melbourne Hospital	15/5/2024	may	NA	Australia
A/South_Australia/56/2024_apr	A/South_Australia/56/2024	EPI_ISL_19194667	SIAT1	Institute of Medical and Veterinary Science (IMVS)	26/4/2024	apr	NA	Australia
A/Tasmania/75/2024_apr	A/Tasmania/75/2024	EPI_ISL_19194666	SIAT1	Royal Hobart Hospital	16/4/2024	apr	NA	Australia
A/Sydney/118/2024_mar	A/Sydney/118/2024	EPI_ISL_19194665	MDCK1	Institute of Medical and Veterinary Science (IMVS)	25/3/2024	mar	NA	Australia
A/Darwin/480/2024_may	A/Darwin/480/2024	EPI_ISL_19194663	SIAT1	Royal Darwin Hospital	1/5/2024	may	NA	Australia
A/Brisbane/110/2024_apr	A/Brisbane/110/2024	EPI_ISL_19194657	SIAT1	Queensland Children's Hospital	28/4/2024	apr	NA	Australia
A/Canberra/128/2024_may	A/Canberra/128/2024	EPI_ISL_19194654	SIAT1	Canberra Hospital	3/5/2024	may	NA	Australia
A/Victoria/375/2024_may	A/Victoria/375/2024	EPI_ISL_19194653	SIAT1	Monash Medical Centre	4/5/2024	may	NA	Australia
A/South_Australia/62/2024_apr	A/South_Australia/62/2024	EPI_ISL_19194652	SIAT1	Institute of Medical and Veterinary Science (IMVS)	18/4/2024	apr	NA	Australia
A/South_Australia/64/2024_apr	A/South_Australia/64/2024	EPI_ISL_19194651	SIAT1	Institute of Medical and Veterinary Science (IMVS)	16/4/2024	apr	NA	Australia
A/Victoria/588/2024_apr	A/Victoria/588/2024	EPI_ISL_19194650	MDCK1	Institute of Medical and Veterinary Science (IMVS)	19/4/2024	apr	NA	Australia
A/Sydney/117/2024_mar	A/Sydney/117/2024	EPI_ISL_19194648	MDCK1	Institute of Medical and Veterinary Science (IMVS)	25/3/2024	mar	NA	Australia
A/Darwin/97A/2024_apr	A/Darwin/97A/2024	EPI_ISL_19194642	SIAT1	Royal Darwin Hospital	24/4/2024	apr	NA	Australia
A/Darwin/447/2024_apr	A/Darwin/447/2024	EPI_ISL_19194641	SIAT1	Royal Darwin Hospital	7/4/2024	apr	NA	Australia
A/Tasmania/79/2024_apr	A/Tasmania/79/2024	EPI_ISL_19194639	SIAT1	Royal Hobart Hospital	23/4/2024	apr	NA	Australia
A/Victoria/343/2024_apr	A/Victoria/343/2024	EPI_ISL_19194638	SIAT1	Monash Medical Centre	29/4/2024	apr	NA	Australia
A/Victoria/342/2024_apr	A/Victoria/342/2024	EPI_ISL_19194637	SIAT1	Monash Medical Centre	28/4/2024	apr	NA	Australia
A/Victoria/349/2024_apr	A/Victoria/349/2024	EPI_ISL_19194636	SIAT1	Monash Medical Centre	24/4/2024	apr	NA	Australia
A/Victoria/273/2024_apr	A/Victoria/273/2024	EPI_ISL_19194635	SIAT1	Monash Medical Centre	19/4/2024	apr	NA	Australia
A/Victoria/330/2024_apr	A/Victoria/330/2024	EPI_ISL_19194633	SIAT1	Royal Chidrens Hospital	30/4/2024	apr	NA	Australia
A/Victoria/329/2024_apr	A/Victoria/329/2024	EPI_ISL_19194632	SIAT1	Royal Chidrens Hospital	29/4/2024	apr	NA	Australia
A/Victoria/326/2024_apr	A/Victoria/326/2024	EPI_ISL_19194631	SIAT1	Royal Chidrens Hospital	28/4/2024	apr	NA	Australia
A/Victoria/325/2024_apr	A/Victoria/325/2024	EPI_ISL_19194629	SIAT1	Royal Chidrens Hospital	26/4/2024	apr	NA	Australia
A/Victoria/321/2024_apr	A/Victoria/321/2024	EPI_ISL_19194628	MDCK1	VIC - Australian Clinical Labs (ACL) - Geelong	26/4/2024	apr	NA	Australia
A/Victoria/319/2024_apr	A/Victoria/319/2024	EPI_ISL_19194627	MDCK1	VIC - Australian Clinical Labs (ACL) - Geelong	30/4/2024	apr	NA	Australia
A/Brisbane/74/2024_mar	A/Brisbane/74/2024	EPI_ISL_19194626	MDCK1	Queensland Health Forensic and Scientific Services	31/3/2024	mar	NA	Australia
A/Perth/726/2024_jan	A/Perth/726/2024	EPI_ISL_19194625	MDCK1	Pathwest QE II Medical Centre	11/1/2024	jan	NA	Australia
A/Perth/728/2024_jan	A/Perth/728/2024	EPI_ISL_19194624	MDCK1	Pathwest QE II Medical Centre	13/1/2024	jan	NA	Australia
A/Darwin/478/2024_apr	A/Darwin/478/2024	EPI_ISL_19194623	SIAT1	Royal Darwin Hospital	30/4/2024	apr	NA	Australia
A/Victoria/318/2024_may	A/Victoria/318/2024	EPI_ISL_19194622	MDCK1	VIC - Australian Clinical Labs (ACL) - Geelong	1/5/2024	may	NA	Australia
A/Victoria/333/2024_may	A/Victoria/333/2024	EPI_ISL_19194621	SIAT1	Royal Chidrens Hospital	2/5/2024	may	NA	Australia
A/Victoria/366/2024_may	A/Victoria/366/2024	EPI_ISL_19194618	SIAT1	Royal Melbourne Hospital	6/5/2024	may	NA	Australia
A/Victoria/362/2024_may	A/Victoria/362/2024	EPI_ISL_19194617	SIAT1	Royal Melbourne Hospital	5/5/2024	may	NA	Australia
A/Victoria/299A/2024_may	A/Victoria/299A/2024	EPI_ISL_19194612	SIAT1	Royal Melbourne Hospital	1/5/2024	may	NA	Australia
A/Victoria/359/2024_may	A/Victoria/359/2024	EPI_ISL_19194611	SIAT1	Royal Melbourne Hospital	3/5/2024	may	NA	Australia
A/Victoria/367/2024_may	A/Victoria/367/2024	EPI_ISL_19194610	SIAT1	Royal Melbourne Hospital	6/5/2024	may	NA	Australia
A/Darwin/281/2024_apr	A/Darwin/281/2024	EPI_ISL_19194609	SIAT1	Royal Darwin Hospital	16/4/2024	apr	NA	Australia
A/Darwin/321A/2024_apr	A/Darwin/321A/2024	EPI_ISL_19194608	SIAT1	Royal Darwin Hospital	27/4/2024	apr	NA	Australia
A/Darwin/321/2024_apr	A/Darwin/321/2024	EPI_ISL_19194607	SIAT1	Royal Darwin Hospital	21/4/2024	apr	NA	Australia
A/Tasmania/77/2024_apr	A/Tasmania/77/2024	EPI_ISL_19194603	SIAT1	Royal Hobart Hospital	18/4/2024	apr	NA	Australia
A/Victoria/274/2024_apr	A/Victoria/274/2024	EPI_ISL_19194602	SIAT1	Monash Medical Centre	20/4/2024	apr	NA	Australia
A/Victoria/272/2024_apr	A/Victoria/272/2024	EPI_ISL_19194601	SIAT1	Monash Medical Centre	19/4/2024	apr	NA	Australia
A/Darwin/619/2024_o_may	A/Darwin/619/2024	EPI_ISL_19178731	ORIGINAL	Royal Darwin Hospital	12/5/2024	may	Original - o	Australia
A/Darwin/567/2024_o_may	A/Darwin/567/2024	EPI_ISL_19178729	ORIGINAL	Royal Darwin Hospital	8/5/2024	may	Original - o	Australia
A/Victoria/201/2024_o_apr	A/Victoria/201/2024	EPI_ISL_19178728	ORIGINAL	Monash Medical Centre	8/4/2024	apr	Original - o	Australia
A/Victoria/197/2024_o_apr	A/Victoria/197/2024	EPI_ISL_19178726	ORIGINAL	Alfred Hospital	7/4/2024	apr	Original - o	Australia
A/Victoria/196/2024_o_apr	A/Victoria/196/2024	EPI_ISL_19178725	ORIGINAL	Alfred Hospital	7/4/2024	apr	Original - o	Australia
A/Victoria/123/2024_o_mar	A/Victoria/123/2024	EPI_ISL_19178724	ORIGINAL	Royal Melbourne Hospital	1/3/2024	mar	Original - o	Australia
A/Perth/721/2024_apr	A/Perth/721/2024	EPI_ISL_19178716	MDCK1	Pathwest QE II Medical Centre	9/4/2024	apr	NA	Australia
A/Perth/707/2024_feb	A/Perth/707/2024	EPI_ISL_19178715	"X, MDCK1"	Pathwest QE II Medical Centre	3/2/2024	feb	NA	Australia
A/Perth/718/2024_feb	A/Perth/718/2024	EPI_ISL_19178714	"X, MDCK1"	Pathwest QE II Medical Centre	11/2/2024	feb	NA	Australia
A/Perth/713/2024_feb	A/Perth/713/2024	EPI_ISL_19178713	"X, MDCK1"	Pathwest QE II Medical Centre	7/2/2024	feb	NA	Australia
A/Perth/695/2024_jan	A/Perth/695/2024	EPI_ISL_19178708	"X, MDCK1"	Pathwest QE II Medical Centre	11/1/2024	jan	NA	Australia
A/Perth/693/2024_jan	A/Perth/693/2024	EPI_ISL_19178707	"X, MDCK1"	Pathwest QE II Medical Centre	11/1/2024	jan	NA	Australia
A/Timor-Leste/182/2024_jan	A/Timor-Leste/182/2024	EPI_ISL_19178706	MDCK2	Laboratório Nacional da Saúde	18/1/2024	jan	NA	Australia
A/Timor-Leste/180/2024_jan	A/Timor-Leste/180/2024	EPI_ISL_19178705	MDCK2	Laboratório Nacional da Saúde	18/1/2024	jan	NA	Australia
A/Timor-Leste/174/2024_jan	A/Timor-Leste/174/2024	EPI_ISL_19178704	MDCK1	Laboratório Nacional da Saúde	29/1/2024	jan	NA	Australia
A/Timor-Leste/175/2024_jan	A/Timor-Leste/175/2024	EPI_ISL_19178703	MDCK1	Laboratório Nacional da Saúde	31/1/2024	jan	NA	Australia
A/Timor-Leste/177/2024_jan	A/Timor-Leste/177/2024	EPI_ISL_19178702	MDCK1	Laboratório Nacional da Saúde	29/1/2024	jan	NA	Australia
A/Timor-Leste/178/2024_jan	A/Timor-Leste/178/2024	EPI_ISL_19178701	MDCK1	Laboratório Nacional da Saúde	30/1/2024	jan	NA	Australia
A/Victoria/298/2024_apr	A/Victoria/298/2024	EPI_ISL_19178696	SIAT1	Royal Melbourne Hospital	28/4/2024	apr	NA	Australia
A/Victoria/296/2024_apr	A/Victoria/296/2024	EPI_ISL_19178695	SIAT1	Royal Melbourne Hospital	24/4/2024	apr	NA	Australia
A/Victoria/312/2024_apr	A/Victoria/312/2024	EPI_ISL_19178694	SIAT1	Alfred Hospital	27/4/2024	apr	NA	Australia
A/Victoria/218/2024_apr	A/Victoria/218/2024	EPI_ISL_19178693	SIAT1	Alfred Hospital	22/4/2024	apr	NA	Australia
A/Victoria/269/2024_apr	A/Victoria/269/2024	EPI_ISL_19178692	MDCK1	VIC - Australian Clinical Labs (ACL) - Geelong	23/4/2024	apr	NA	Australia
A/Victoria/224/2024_apr	A/Victoria/224/2024	EPI_ISL_19178691	SIAT1	Royal Melbourne Hospital	20/4/2024	apr	NA	Australia
A/Victoria/237/2024_apr	A/Victoria/237/2024	EPI_ISL_19178690	SIAT1	Austin Health	22/4/2024	apr	NA	Australia
A/Darwin/464/2024_apr	A/Darwin/464/2024	EPI_ISL_19178682	SIAT1	Royal Darwin Hospital	29/4/2024	apr	NA	Australia
A/Darwin/372/2024_apr	A/Darwin/372/2024	EPI_ISL_19178677	SIAT1	Royal Darwin Hospital	24/4/2024	apr	NA	Australia
A/Darwin/302A/2024_apr	A/Darwin/302A/2024	EPI_ISL_19178676	SIAT1	Royal Darwin Hospital	17/4/2024	apr	NA	Australia
A/Darwin/443/2024_apr	A/Darwin/443/2024	EPI_ISL_19178675	SIAT1	Royal Darwin Hospital	26/4/2024	apr	NA	Australia
A/Brunei/13/2024_feb	A/Brunei/13/2024	EPI_ISL_19178673	MDCK1	"R.I.P.A.S. Hospital, Department of Laboratory Services"	5/2/2024	feb	NA	Australia
A/Brunei/14/2024_feb	A/Brunei/14/2024	EPI_ISL_19178672	MDCK1	"R.I.P.A.S. Hospital, Department of Laboratory Services"	5/2/2024	feb	NA	Australia
A/Brunei/6/2024_jan	A/Brunei/6/2024	EPI_ISL_19178671	MDCK1	"R.I.P.A.S. Hospital, Department of Laboratory Services"	11/1/2024	jan	NA	Australia
A/Victoria/345/2024_o_apr	A/Victoria/345/2024	EPI_ISL_19178666	ORIGINAL	Monash Medical Centre	29/4/2024	apr	Original - o	Australia
A/Canberra/117/2024_o_apr	A/Canberra/117/2024	EPI_ISL_19178662	ORIGINAL	Canberra Hospital	9/4/2024	apr	Original - o	Australia
A/Canberra/114/2024_o_mar	A/Canberra/114/2024	EPI_ISL_19178660	ORIGINAL	Canberra Hospital	29/3/2024	mar	Original - o	Australia
A/Victoria/315/2024_o_apr	A/Victoria/315/2024	EPI_ISL_19178658	ORIGINAL	Alfred Hospital	29/4/2024	apr	Original - o	Australia
A/Victoria/298/2024_o_apr	A/Victoria/298/2024	EPI_ISL_19178654	ORIGINAL	Royal Melbourne Hospital	28/4/2024	apr	Original - o	Australia
A/Victoria/297/2024_o_apr	A/Victoria/297/2024	EPI_ISL_19178652	ORIGINAL	Royal Melbourne Hospital	26/4/2024	apr	Original - o	Australia
A/Victoria/210/2024_o_apr	A/Victoria/210/2024	EPI_ISL_19178646	ORIGINAL	Alfred Hospital	17/4/2024	apr	Original - o	Australia
A/Victoria/263/2024_o_apr	A/Victoria/263/2024	EPI_ISL_19178644	ORIGINAL	Monash Medical Centre	16/4/2024	apr	Original - o	Australia
A/Victoria/255/2024_o_apr	A/Victoria/255/2024	EPI_ISL_19178642	ORIGINAL	Monash Medical Centre	14/4/2024	apr	Original - o	Australia
A/Canberra/119/2024_apr	A/Canberra/119/2024	EPI_ISL_19178641	SIAT1	Canberra Hospital	14/4/2024	apr	NA	Australia
A/Victoria/253/2024_o_apr	A/Victoria/253/2024	EPI_ISL_19178640	ORIGINAL	Monash Medical Centre	12/4/2024	apr	Original - o	Australia
A/Canberra/118/2024_apr	A/Canberra/118/2024	EPI_ISL_19178637	SIAT1	Canberra Hospital	10/4/2024	apr	NA	Australia
A/Victoria/237/2024_o_apr	A/Victoria/237/2024	EPI_ISL_19178636	ORIGINAL	Austin Health	22/4/2024	apr	Original - o	Australia
A/Victoria/202/2024_o_apr	A/Victoria/202/2024	EPI_ISL_19178634	ORIGINAL	Monash Medical Centre	12/4/2024	apr	Original - o	Australia
A/Tasmania/80/2024_apr	A/Tasmania/80/2024	EPI_ISL_19178633	SIAT1	Royal Hobart Hospital	24/4/2024	apr	NA	Australia
A/Tasmania/81/2024_apr	A/Tasmania/81/2024	EPI_ISL_19178632	SIAT1	Royal Hobart Hospital	25/4/2024	apr	NA	Australia
A/Tasmania/82/2024_apr	A/Tasmania/82/2024	EPI_ISL_19178631	SIAT1	Royal Hobart Hospital	26/4/2024	apr	NA	Australia
A/Tasmania/68/2024_apr	A/Tasmania/68/2024	EPI_ISL_19178630	SIAT1	Royal Hobart Hospital	8/4/2024	apr	NA	Australia
A/Victoria/276/2024_apr	A/Victoria/276/2024	EPI_ISL_19178629	SIAT1	Monash Medical Centre	24/4/2024	apr	NA	Australia
A/Victoria/315/2024_apr	A/Victoria/315/2024	EPI_ISL_19178628	SIAT1	Alfred Hospital	29/4/2024	apr	NA	Australia
A/Victoria/293/2024_apr	A/Victoria/293/2024	EPI_ISL_19178627	SIAT1	Royal Melbourne Hospital	25/4/2024	apr	NA	Australia
A/Victoria/292/2024_apr	A/Victoria/292/2024	EPI_ISL_19178626	SIAT1	Royal Melbourne Hospital	24/4/2024	apr	NA	Australia
A/Victoria/317/2024_may	A/Victoria/317/2024	EPI_ISL_19178623	MDCK1	VIC - Australian Clinical Labs (ACL) - Geelong	4/5/2024	may	NA	Australia
A/Victoria/277/2024_apr	A/Victoria/277/2024	EPI_ISL_19178621	SIAT1	Monash Medical Centre	24/4/2024	apr	NA	Australia
A/Victoria/306/2024_apr	A/Victoria/306/2024	EPI_ISL_19178620	SIAT1	Royal Melbourne Hospital	27/4/2024	apr	NA	Australia
A/Victoria/299/2024_apr	A/Victoria/299/2024	EPI_ISL_19178619	SIAT1	Royal Melbourne Hospital	30/4/2024	apr	NA	Australia
A/Victoria/301/2024_apr	A/Victoria/301/2024	EPI_ISL_19178617	SIAT1	Royal Melbourne Hospital	30/4/2024	apr	NA	Australia
A/Victoria/257/2024_apr	A/Victoria/257/2024	EPI_ISL_19178613	SIAT1	Monash Medical Centre	16/4/2024	apr	NA	Australia
A/Victoria/263/2024_apr	A/Victoria/263/2024	EPI_ISL_19178612	SIAT1	Monash Medical Centre	16/4/2024	apr	NA	Australia
A/Victoria/270/2024_apr	A/Victoria/270/2024	EPI_ISL_19178611	MDCK1	VIC - Australian Clinical Labs (ACL) - Geelong	23/4/2024	apr	NA	Australia
A/Canberra/112/2024_apr	A/Canberra/112/2024	EPI_ISL_19178609	SIAT2	Canberra Hospital	7/4/2024	apr	NA	Australia
A/Canberra/24/2024_jan	A/Canberra/24/2024	EPI_ISL_19030773	SIAT1	Canberra Hospital	15/1/2024	jan	NA	Australia
A/Singapore/TT0949/2023_oct	A/Singapore/TT0949/2023	EPI_ISL_19030771	"MDCK1, MDCK3"	"Ministry of Health, Singapore"	25/10/2023	oct	NA	Australia
A/Canberra/4/2024_jan	A/Canberra/4/2024	EPI_ISL_19030770	MDCK2	Canberra Hospital	3/1/2024	jan	NA	Australia
A/Sydney/1/2024_jan	A/Sydney/1/2024	EPI_ISL_19030767	MDCK2	Childrens Hospital Westmead	3/1/2024	jan	NA	Australia
A/Victoria/3102/2023_e_dec	A/Victoria/3102/2023	EPI_ISL_19030762	E3	VIC - Australian Clinical Labs (ACL) - Geelong	6/12/2023	dec	Egg	Australia
A/Canberra/4/2024_e_jan	A/Canberra/4/2024	EPI_ISL_19030761	E2	Canberra Hospital	3/1/2024	jan	Egg	Australia
A/Victoria/3067/2023_e_dec	A/Victoria/3067/2023	EPI_ISL_19030760	E3	Monash Medical Centre	3/12/2023	dec	Egg	Australia
A/Sydney/1/2024_e_jan	A/Sydney/1/2024	EPI_ISL_19030759	E3	Childrens Hospital Westmead	3/1/2024	jan	Egg	Australia
A/Canberra/63/2024_feb	A/Canberra/63/2024	EPI_ISL_19030758	SIAT1	Canberra Hospital	21/2/2024	feb	NA	Australia
A/Darwin/26/2024_feb	A/Darwin/26/2024	EPI_ISL_19030757	SIAT1	Royal Darwin Hospital	29/2/2024	feb	NA	Australia
A/Darwin/25/2024_feb	A/Darwin/25/2024	EPI_ISL_19030756	SIAT1	Royal Darwin Hospital	29/2/2024	feb	NA	Australia
A/South_Australia/23/2024_feb	A/South_Australia/23/2024	EPI_ISL_19030755	SIAT1	Institute of Medical and Veterinary Science (IMVS)	5/2/2024	feb	NA	Australia
A/South_Australia/27/2024_feb	A/South_Australia/27/2024	EPI_ISL_19030754	SIAT1	Institute of Medical and Veterinary Science (IMVS)	21/2/2024	feb	NA	Australia
A/South_Australia/28/2024_feb	A/South_Australia/28/2024	EPI_ISL_19030753	SIAT1	Institute of Medical and Veterinary Science (IMVS)	21/2/2024	feb	NA	Australia
A/Victoria/115/2024_feb	A/Victoria/115/2024	EPI_ISL_19030752	SIAT1	Royal Chidrens Hospital	28/2/2024	feb	NA	Australia
A/Tasmania/26/2024_feb	A/Tasmania/26/2024	EPI_ISL_19030751	SIAT1	Royal Hobart Hospital	19/2/2024	feb	NA	Australia
A/Tasmania/3/2024_feb	A/Tasmania/3/2024	EPI_ISL_19030750	SIAT1	Royal Hobart Hospital	5/2/2024	feb	NA	Australia
A/Victoria/103/2024_feb	A/Victoria/103/2024	EPI_ISL_19030749	SIAT1	Royal Melbourne Hospital	22/2/2024	feb	NA	Australia
A/Brisbane/36/2024_o_feb	A/Brisbane/36/2024	EPI_ISL_19030730	ORIGINAL	Queensland Health Forensic and Scientific Services	21/2/2024	feb	Original - o	Australia
A/Canberra/68/2024_feb	A/Canberra/68/2024	EPI_ISL_19030728	SIAT1	Canberra Hospital	19/2/2024	feb	NA	Australia
A/Brisbane/2/2024_feb	A/Brisbane/2/2024	EPI_ISL_19030724	SIAT1	Institute of Medical and Veterinary Science (IMVS)	7/2/2024	feb	NA	Australia
A/Victoria/3035/2023_oct	A/Victoria/3035/2023	EPI_ISL_18849901	SIAT2	Monash Medical Centre	6/10/2023	oct	NA	Australia
A/Tasmania/376/2023_oct	A/Tasmania/376/2023	EPI_ISL_18849900	MDCK1	Royal Hobart Hospital	26/10/2023	oct	NA	Australia
A/Tasmania/384/2023_oct	A/Tasmania/384/2023	EPI_ISL_18849898	MDCK1	Royal Hobart Hospital	31/10/2023	oct	NA	Australia
A/Canberra/352/2023_nov	A/Canberra/352/2023	EPI_ISL_18849896	SIAT1	Canberra Hospital	6/11/2023	nov	NA	Australia
A/South_Australia/315/2023_oct	A/South_Australia/315/2023	EPI_ISL_18849895	SIAT1	Institute of Medical and Veterinary Science (IMVS)	18/10/2023	oct	NA	Australia
A/Darwin/539/2023_nov	A/Darwin/539/2023	EPI_ISL_18849891	MDCK1	Royal Darwin Hospital	9/11/2023	nov	NA	Australia
A/Darwin/515/2023_nov	A/Darwin/515/2023	EPI_ISL_18849890	MDCK1	Royal Darwin Hospital	11/11/2023	nov	NA	Australia
A/Darwin/692/2023_nov	A/Darwin/692/2023	EPI_ISL_18849888	MDCK1	Royal Darwin Hospital	29/11/2023	nov	NA	Australia
A/Victoria/3067/2023_dec	A/Victoria/3067/2023	EPI_ISL_18849887	SIAT1	Monash Medical Centre	3/12/2023	dec	NA	Australia
A/Darwin/700/2023_dec	A/Darwin/700/2023	EPI_ISL_18849886	MDCK1	Royal Darwin Hospital	2/12/2023	dec	NA	Australia
A/Brunei/97/2023_oct	A/Brunei/97/2023	EPI_ISL_18849885	MDCK2	"R.I.P.A.S. Hospital, Department of Laboratory Services"	17/10/2023	oct	NA	Australia
A/Victoria/3101/2023_oct	A/Victoria/3101/2023	EPI_ISL_18849882	MDCK1	VIC - Australian Clinical Labs (ACL) - Geelong	5/10/2023	oct	NA	Australia
A/Victoria/3112/2023_dec	A/Victoria/3112/2023	EPI_ISL_18849881	MDCK1	Victorian Infectious Diseases Reference Laboratory	6/12/2023	dec	NA	Australia
A/Victoria/3102/2023_dec	A/Victoria/3102/2023	EPI_ISL_18849879	SIAT1	VIC - Australian Clinical Labs (ACL) - Geelong	6/12/2023	dec	NA	Australia
A/Brunei/99/2023_oct	A/Brunei/99/2023	EPI_ISL_18849873	MDCK2	"R.I.P.A.S. Hospital, Department of Laboratory Services"	17/10/2023	oct	NA	Australia
A/Victoria/3014/2023_oct	A/Victoria/3014/2023	EPI_ISL_18849868	SIAT2	Monash Medical Centre	4/10/2023	oct	NA	Australia
A/Victoria/2720/2023_o_sep	A/Victoria/2720/2023	EPI_ISL_18778025	ORIGINAL	Institute of Medical and Veterinary Science (IMVS)	19/9/2023	sep	Original - o	Australia
A/Victoria/2328/2023_o_jun	A/Victoria/2328/2023	EPI_ISL_18778022	ORIGINAL	Monash Medical Centre	12/6/2023	jun	Original - o	Australia
A/Victoria/2491/2023_o_aug	A/Victoria/2491/2023	EPI_ISL_18778020	ORIGINAL	Alfred Hospital	26/8/2023	aug	Original - o	Australia
A/Perth/360/2023_o_aug	A/Perth/360/2023	EPI_ISL_18778019	ORIGINAL	Institute of Medical and Veterinary Science (IMVS)	15/8/2023	aug	Original - o	Australia
A/Victoria/2460/2023_o_jun	A/Victoria/2460/2023	EPI_ISL_18778018	ORIGINAL	Monash Medical Centre	20/6/2023	jun	Original - o	Australia
A/Victoria/2457/2023_o_jun	A/Victoria/2457/2023	EPI_ISL_18778017	ORIGINAL	Monash Medical Centre	18/6/2023	jun	Original - o	Australia
A/South_Australia/234/2023_o_jun	A/South_Australia/234/2023	EPI_ISL_18778016	ORIGINAL	Institute of Medical and Veterinary Science (IMVS)	29/6/2023	jun	Original - o	Australia
A/Victoria/1807/2023_o_jun	A/Victoria/1807/2023	EPI_ISL_18778015	ORIGINAL	Royal Chidrens Hospital	24/6/2023	jun	Original - o	Australia
A/South_Australia/233/2023_o_jun	A/South_Australia/233/2023	EPI_ISL_18778014	ORIGINAL	Institute of Medical and Veterinary Science (IMVS)	4/6/2023	jun	Original - o	Australia
A/Tasmania/275/2023_o_aug	A/Tasmania/275/2023	EPI_ISL_18778009	ORIGINAL	Royal Hobart Hospital	3/8/2023	aug	Original - o	Australia
A/Malaysia/RP0922/2023_jan	A/Malaysia/RP0922/2023	EPI_ISL_18740019	"MDCK2, MDCK1"	"National Public Health Laboratory, MoH Malaysia"	2023	jan	NA	Australia
A/Malaysia/RP0960/2023_jan	A/Malaysia/RP0960/2023	EPI_ISL_18740018	"MDCK2, MDCK1"	"National Public Health Laboratory, MoH Malaysia"	2023	jan	NA	Australia
A/Malaysia/RP0952/2023_jan	A/Malaysia/RP0952/2023	EPI_ISL_18740017	"MDCK2, MDCK1"	"National Public Health Laboratory, MoH Malaysia"	2023	jan	NA	Australia
A/Malaysia/RP0941/2023_jan	A/Malaysia/RP0941/2023	EPI_ISL_18740016	"MDCK2, MDCK1"	"National Public Health Laboratory, MoH Malaysia"	2023	jan	NA	Australia
A/Brisbane/500/2023_sep	A/Brisbane/500/2023	EPI_ISL_18740014	SIAT1	Queensland Children's Hospital	30/9/2023	sep	NA	Australia
A/Brisbane/503/2023_sep	A/Brisbane/503/2023	EPI_ISL_18740013	SIAT1	Queensland Children's Hospital	14/9/2023	sep	NA	Australia
A/Victoria/3065/2023_oct	A/Victoria/3065/2023	EPI_ISL_18740012	SIAT2	Monash Medical Centre	21/10/2023	oct	NA	Australia
A/South_Australia/314/2023_oct	A/South_Australia/314/2023	EPI_ISL_18739997	SIAT1	Institute of Medical and Veterinary Science (IMVS)	16/10/2023	oct	NA	Australia
A/South_Australia/324/2023_oct	A/South_Australia/324/2023	EPI_ISL_18739996	SIAT1	Institute of Medical and Veterinary Science (IMVS)	25/10/2023	oct	NA	Australia
A/Canberra/368/2023_nov	A/Canberra/368/2023	EPI_ISL_18739995	SIAT1	Canberra Hospital	12/11/2023	nov	NA	Australia
A/Darwin/691/2023_nov	A/Darwin/691/2023	EPI_ISL_18739994	MDCK1	Royal Darwin Hospital	27/11/2023	nov	NA	Australia
A/Darwin/699/2023_dec	A/Darwin/699/2023	EPI_ISL_18739993	MDCK1	Royal Darwin Hospital	2/12/2023	dec	NA	Australia
A/Darwin/701/2023_dec	A/Darwin/701/2023	EPI_ISL_18739992	MDCK2	Royal Darwin Hospital	6/12/2023	dec	NA	Australia
A/Victoria/3123/2023_dec	A/Victoria/3123/2023	EPI_ISL_18739991	SIAT1	Royal Melbourne Hospital	12/12/2023	dec	NA	Australia
A/Victoria/3132/2023_dec	A/Victoria/3132/2023	EPI_ISL_18739990	SIAT1	Royal Melbourne Hospital	6/12/2023	dec	NA	Australia
A/Thailand/13/2023_oct	A/Thailand/13/2023	EPI_ISL_18739985	MDCK1	"WHO National Influenza Centre, National Institute of Medical Research (NIMR)"	31/10/2023	oct	NA	Australia
A/Thailand/4/2023_oct	A/Thailand/4/2023	EPI_ISL_18739984	"MDCK#1, MDCK1"	"WHO National Influenza Centre, National Institute of Medical Research (NIMR)"	9/10/2023	oct	NA	Australia
A/Victoria/2885/2023_oct	A/Victoria/2885/2023	EPI_ISL_18739978	MDCK1	Institute of Medical and Veterinary Science (IMVS)	16/10/2023	oct	NA	Australia
A/Malaysia/RP1804/2023_jan	A/Malaysia/RP1804/2023	EPI_ISL_19585653	MDCK1	"National Public Health Laboratory, MoH Malaysia"	2023	jan	NA	Australia
A/Victoria/3324/2024_oct	A/Victoria/3324/2024	EPI_ISL_19585652	SIAT1	Monash Medical Centre	13/10/2024	oct	NA	Australia
A/Victoria/3319/2024_sep	A/Victoria/3319/2024	EPI_ISL_19585649	SIAT1	Monash Medical Centre	22/9/2024	sep	NA	Australia
A/Victoria/3346/2024_oct	A/Victoria/3346/2024	EPI_ISL_19585648	SIAT1	Alfred Hospital	26/10/2024	oct	NA	Australia
A/Victoria/3367/2024_oct	A/Victoria/3367/2024	EPI_ISL_19585646	SIAT1	Royal Chidrens Hospital	25/10/2024	oct	NA	Australia
A/Victoria/3301/2024_oct	A/Victoria/3301/2024	EPI_ISL_19585622	SIAT1	Austin Health	8/10/2024	oct	NA	Australia
A/Perth/1125/2024_oct	A/Perth/1125/2024	EPI_ISL_19585621	MDCK1	Pathwest QE II Medical Centre	2/10/2024	oct	NA	Australia
A/Perth/1123/2024_sep	A/Perth/1123/2024	EPI_ISL_19585620	MDCK1	Pathwest QE II Medical Centre	27/9/2024	sep	NA	Australia
A/Perth/1114/2024_sep	A/Perth/1114/2024	EPI_ISL_19585619	MDCK1	Pathwest QE II Medical Centre	16/9/2024	sep	NA	Australia
A/Darwin/1774/2024_sep	A/Darwin/1774/2024	EPI_ISL_19585618	SIAT1	Royal Darwin Hospital	20/9/2024	sep	NA	Australia
A/South_Australia/275/2024_sep	A/South_Australia/275/2024	EPI_ISL_19585617	SIAT1	Institute of Medical and Veterinary Science (IMVS)	28/9/2024	sep	NA	Australia
A/Sydney/1336/2024_sep	A/Sydney/1336/2024	EPI_ISL_19585616	SIAT1	Institute of Medical and Veterinary Science (IMVS)	26/9/2024	sep	NA	Australia
A/Brisbane/444/2024_sep	A/Brisbane/444/2024	EPI_ISL_19585615	SIAT1	Institute of Medical and Veterinary Science (IMVS)	20/9/2024	sep	NA	Australia
A/South_Australia/244/2024_sep	A/South_Australia/244/2024	EPI_ISL_19585614	SIAT1	Institute of Medical and Veterinary Science (IMVS)	20/9/2024	sep	NA	Australia
A/Perth/1098/2024_jul	A/Perth/1098/2024	EPI_ISL_19585613	SIAT1	Institute of Medical and Veterinary Science (IMVS)	29/7/2024	jul	NA	Australia
A/Perth/1094/2024_sep	A/Perth/1094/2024	EPI_ISL_19585612	MDCK1	Pathwest QE II Medical Centre	6/9/2024	sep	NA	Australia
A/Perth/1070/2024_aug	A/Perth/1070/2024	EPI_ISL_19585611	MDCK1	Pathwest QE II Medical Centre	27/8/2024	aug	NA	Australia
A/Perth/1066/2024_aug	A/Perth/1066/2024	EPI_ISL_19585610	MDCK1	Pathwest QE II Medical Centre	27/8/2024	aug	NA	Australia
A/Perth/1055/2024_aug	A/Perth/1055/2024	EPI_ISL_19585609	MDCK1	Pathwest QE II Medical Centre	22/8/2024	aug	NA	Australia
A/Perth/1030/2024_aug	A/Perth/1030/2024	EPI_ISL_19585608	MDCK1	Pathwest QE II Medical Centre	12/8/2024	aug	NA	Australia
A/Victoria/3287/2024_aug	A/Victoria/3287/2024	EPI_ISL_19585607	SIAT1	Monash Medical Centre	19/8/2024	aug	NA	Australia
A/Victoria/3280/2024_aug	A/Victoria/3280/2024	EPI_ISL_19585606	SIAT1	Monash Medical Centre	5/8/2024	aug	NA	Australia
A/Sydney/1319/2024_sep	A/Sydney/1319/2024	EPI_ISL_19585605	MDCK1	Childrens Hospital Westmead	13/9/2024	sep	NA	Australia
A/Tasmania/862/2024_nov	A/Tasmania/862/2024	EPI_ISL_19574661	MDCK1	Royal Hobart Hospital	1/11/2024	nov	NA	Australia
A/Victoria/3370/2024_nov	A/Victoria/3370/2024	EPI_ISL_19574660	SIAT1	Austin Health	4/11/2024	nov	NA	Australia
A/Canberra/651/2024_nov	A/Canberra/651/2024	EPI_ISL_19574657	SIAT1	Canberra Hospital	3/11/2024	nov	NA	Australia
A/Canberra/652/2024_nov	A/Canberra/652/2024	EPI_ISL_19574656	SIAT1	Canberra Hospital	1/11/2024	nov	NA	Australia
A/New_Caledonia/5/2024_feb	A/New_Caledonia/5/2024	EPI_ISL_19574652	MDCK1	Institut Pasteur New Caledonia	16/2/2024	feb	NA	Australia
A/New_Caledonia/13/2024_may	A/New_Caledonia/13/2024	EPI_ISL_19574651	MDCK1	Institut Pasteur New Caledonia	3/5/2024	may	NA	Australia
A/New_Caledonia/28/2024_sep	A/New_Caledonia/28/2024	EPI_ISL_19574650	MDCK1	Institut Pasteur New Caledonia	14/9/2024	sep	NA	Australia
A/Sydney/1356/2024_oct	A/Sydney/1356/2024	EPI_ISL_19574643	SIAT1	"Clinical Virology Unit, CDIM"	29/10/2024	oct	NA	Australia
A/Victoria/3376/2024_oct	A/Victoria/3376/2024	EPI_ISL_19574642	MDCK1	VIC - Australian Clinical Labs (ACL) - Geelong	27/10/2024	oct	NA	Australia
A/Brunei/167/2024_sep	A/Brunei/167/2024	EPI_ISL_19574641	MDCK1	"R.I.P.A.S. Hospital, Department of Laboratory Services"	11/9/2024	sep	NA	Australia
A/Tasmania/820/2024_oct	A/Tasmania/820/2024	EPI_ISL_19574631	SIAT1	Hobart Pathology	28/10/2024	oct	NA	Australia
A/Tasmania/816/2024_oct	A/Tasmania/816/2024	EPI_ISL_19574628	SIAT1	Hobart Pathology	19/10/2024	oct	NA	Australia
A/Darwin/1885/2024_o_oct	A/Darwin/1885/2024	EPI_ISL_19574626	ORIGINAL	Royal Darwin Hospital	28/10/2024	oct	Original - o	Australia
A/Darwin/1882/2024_o_oct	A/Darwin/1882/2024	EPI_ISL_19574625	ORIGINAL	Royal Darwin Hospital	20/10/2024	oct	Original - o	Australia
A/Darwin/1875/2024_o_oct	A/Darwin/1875/2024	EPI_ISL_19574624	ORIGINAL	Royal Darwin Hospital	13/10/2024	oct	Original - o	Australia
A/Darwin/1867/2024_o_oct	A/Darwin/1867/2024	EPI_ISL_19574623	ORIGINAL	Royal Darwin Hospital	9/10/2024	oct	Original - o	Australia
A/Sydney/1346/2024_oct	A/Sydney/1346/2024	EPI_ISL_19574617	SIAT1	"Clinical Virology Unit, CDIM"	25/10/2024	oct	NA	Australia
A/Townsville/36/2024_sep	A/Townsville/36/2024	EPI_ISL_19574609	SIAT1	Pathology Queensland Cairns laboratory	3/9/2024	sep	NA	Australia
A/Victoria/3364/2024_oct	A/Victoria/3364/2024	EPI_ISL_19574608	SIAT1	Monash Medical Centre	21/10/2024	oct	NA	Australia
A/Victoria/3362/2024_oct	A/Victoria/3362/2024	EPI_ISL_19574607	SIAT1	Monash Medical Centre	18/10/2024	oct	NA	Australia
A/Sydney/1349/2024_oct	A/Sydney/1349/2024	EPI_ISL_19574605	MDCK1	Childrens Hospital Westmead	22/10/2024	oct	NA	Australia
A/Victoria/3366/2024_oct	A/Victoria/3366/2024	EPI_ISL_19574604	SIAT1	Royal Chidrens Hospital	25/10/2024	oct	NA	Australia
A/Darwin/1796/2024_o_oct	A/Darwin/1796/2024	EPI_ISL_19574602	ORIGINAL	Royal Darwin Hospital	2/10/2024	oct	Original - o	Australia
A/Darwin/1783/2024_o_sep	A/Darwin/1783/2024	EPI_ISL_19574601	ORIGINAL	Royal Darwin Hospital	23/9/2024	sep	Original - o	Australia
A/Victoria/3369/2024_o_oct	A/Victoria/3369/2024	EPI_ISL_19574600	ORIGINAL	Royal Chidrens Hospital	29/10/2024	oct	Original - o	Australia
A/Victoria/3163/2024_sep	A/Victoria/3163/2024	EPI_ISL_19574599	MDCK1	Institute of Medical and Veterinary Science (IMVS)	5/9/2024	sep	NA	Australia
A/Canberra/651/2024_o_nov	A/Canberra/651/2024	EPI_ISL_19574594	ORIGINAL	Canberra Hospital	3/11/2024	nov	Original - o	Australia
A/Canberra/639/2024_o_oct	A/Canberra/639/2024	EPI_ISL_19574591	ORIGINAL	Canberra Hospital	27/10/2024	oct	Original - o	Australia
A/Tasmania/834/2024_o_oct	A/Tasmania/834/2024	EPI_ISL_19574590	ORIGINAL	Hobart Pathology	20/10/2024	oct	Original - o	Australia
A/Tasmania/812/2024_o_oct	A/Tasmania/812/2024	EPI_ISL_19574589	ORIGINAL	Hobart Pathology	14/10/2024	oct	Original - o	Australia
A/Tasmania/803/2024_o_oct	A/Tasmania/803/2024	EPI_ISL_19574588	ORIGINAL	Hobart Pathology	23/10/2024	oct	Original - o	Australia
A/Perth/1114/2024_o_sep	A/Perth/1114/2024	EPI_ISL_19574583	ORIGINAL	Pathwest QE II Medical Centre	16/9/2024	sep	Original - o	Australia
A/Perth/1133/2024_o_oct	A/Perth/1133/2024	EPI_ISL_19574582	ORIGINAL	Pathwest QE II Medical Centre	1/10/2024	oct	Original - o	Australia
A/Tasmania/762/2024_o_sep	A/Tasmania/762/2024	EPI_ISL_19574579	ORIGINAL	Royal Hobart Hospital	16/9/2024	sep	Original - o	Australia
A/Darwin/1627a/2024_sep	A/Darwin/1627a/2024	EPI_ISL_19574531	MDCK1	Royal Darwin Hospital	5/9/2024	sep	NA	Australia
A/Perth/1025/2024_aug	A/Perth/1025/2024	EPI_ISL_19574530	MDCK1	Pathwest QE II Medical Centre	11/8/2024	aug	NA	Australia
A/Perth/1056/2024_aug	A/Perth/1056/2024	EPI_ISL_19574529	MDCK1	Pathwest QE II Medical Centre	22/8/2024	aug	NA	Australia
A/Malaysia/RP1665/2023_jan	A/Malaysia/RP1665/2023	EPI_ISL_19574526	MDCK1	"National Public Health Laboratory, MoH Malaysia"	2023	jan	NA	Australia
A/Canberra/628/2024_oct	A/Canberra/628/2024	EPI_ISL_19574524	SIAT1	Canberra Hospital	10/10/2024	oct	NA	Australia
A/Canberra/630/2024_oct	A/Canberra/630/2024	EPI_ISL_19574523	SIAT1	Canberra Hospital	9/10/2024	oct	NA	Australia
A/Malaysia/RP1805/2023_jan	A/Malaysia/RP1805/2023	EPI_ISL_19574522	"X, MDCK1"	"National Public Health Laboratory, MoH Malaysia"	2023	jan	NA	Australia
A/Victoria/3343/2024_oct	A/Victoria/3343/2024	EPI_ISL_19574518	SIAT1	Alfred Hospital	20/10/2024	oct	NA	Australia
A/Victoria/3344/2024_oct	A/Victoria/3344/2024	EPI_ISL_19574515	SIAT1	Alfred Hospital	22/10/2024	oct	NA	Australia
A/Sydney/1343/2024_oct	A/Sydney/1343/2024	EPI_ISL_19574514	SIAT1	4Cyte Pathology	26/10/2024	oct	NA	Australia
A/Victoria/3325/2024_oct	A/Victoria/3325/2024	EPI_ISL_19574512	SIAT1	4Cyte Pathology	17/10/2024	oct	NA	Australia
A/Brisbane/448/2024_oct	A/Brisbane/448/2024	EPI_ISL_19574511	SIAT1	4Cyte Pathology	19/10/2024	oct	NA	Australia
A/Tasmania/785/2024_oct	A/Tasmania/785/2024	EPI_ISL_19574510	MDCK1	Royal Hobart Hospital	6/10/2024	oct	NA	Australia
A/Tasmania/778/2024_sep	A/Tasmania/778/2024	EPI_ISL_19574509	MDCK1	Royal Hobart Hospital	29/9/2024	sep	NA	Australia
A/Tasmania/779/2024_sep	A/Tasmania/779/2024	EPI_ISL_19574508	MDCK1	Royal Hobart Hospital	29/9/2024	sep	NA	Australia
A/Tasmania/771/2024_sep	A/Tasmania/771/2024	EPI_ISL_19574505	MDCK1	Royal Hobart Hospital	24/9/2024	sep	NA	Australia
A/Darwin/1822/2024_sep	A/Darwin/1822/2024	EPI_ISL_19574503	SIAT1	Royal Darwin Hospital	19/9/2024	sep	NA	Australia
A/Darwin/1191/2024_e_aug	A/Darwin/1191/2024	EPI_ISL_19574499	E2	Royal Darwin Hospital	4/8/2024	aug	Egg	Australia
A/Darwin/1187/2024_e_aug	A/Darwin/1187/2024	EPI_ISL_19574498	E2	Royal Darwin Hospital	3/8/2024	aug	Egg	Australia
A/Singapore/IMH0025/2024_e_jul	A/Singapore/IMH0025/2024	EPI_ISL_19574495	E2	"Ministry of Health, Singapore"	8/7/2024	jul	Egg	Australia
A/Singapore/SAR3644/2024_e_may	A/Singapore/SAR3644/2024	EPI_ISL_19574494	E2	"Ministry of Health, Singapore"	13/5/2024	may	Egg	Australia
A/Victoria/3327/2024_o_oct	A/Victoria/3327/2024	EPI_ISL_19561294	ORIGINAL	4Cyte Pathology	18/10/2024	oct	Original - o	Australia
A/Sydney/1327/2024_sep	A/Sydney/1327/2024	EPI_ISL_19561259	MDCK1	Childrens Hospital Westmead	27/9/2024	sep	NA	Australia
A/Sydney/1328/2024_sep	A/Sydney/1328/2024	EPI_ISL_19561256	MDCK1	Childrens Hospital Westmead	30/9/2024	sep	NA	Australia
A/Victoria/3263/2024_oct	A/Victoria/3263/2024	EPI_ISL_19561254	SIAT1	Royal Melbourne Hospital	1/10/2024	oct	NA	Australia
A/Victoria/3279/2024_oct	A/Victoria/3279/2024	EPI_ISL_19561251	SIAT1	Royal Chidrens Hospital	2/10/2024	oct	NA	Australia
A/Victoria/380N/2023_jul	A/Victoria/380N/2023	EPI_ISL_19561196	MDCK2	Royal Melbourne Hospital	6/7/2023	jul	NA	Australia
A/Victoria/3204/2024_sep	A/Victoria/3204/2024	EPI_ISL_19561188	MDCK1	VIC - Australian Clinical Labs (ACL) - Geelong	13/9/2024	sep	NA	Australia
A/Victoria/3215/2024_sep	A/Victoria/3215/2024	EPI_ISL_19561183	SIAT1	Royal Melbourne Hospital	20/9/2024	sep	NA	Australia
A/Darwin/1250/2024_aug	A/Darwin/1250/2024	EPI_ISL_19561179	MDCK1	Royal Darwin Hospital	2/8/2024	aug	NA	Australia
A/Tasmania/747/2024_aug	A/Tasmania/747/2024	EPI_ISL_19561171	SIAT1	Royal Hobart Hospital	31/8/2024	aug	NA	Australia
A/Sydney/1050/2024_q_aug	A/Sydney/1050/2024	EPI_ISL_19555918	QMC2	Childrens Hospital Westmead	9/8/2024	aug	QMC	Australia
A/Tasmania/665/2024_q_sep	A/Tasmania/665/2024	EPI_ISL_19555913	QMC2	Hobart Pathology	1/9/2024	sep	QMC	Australia
A/Victoria/2360/2024_q_aug	A/Victoria/2360/2024	EPI_ISL_19555912	QMC2	Monash Medical Centre	10/8/2024	aug	QMC	Australia
A/Brisbane/296/2024_q_aug	A/Brisbane/296/2024	EPI_ISL_19555911	QMC2	Institute of Medical and Veterinary Science (IMVS)	2/8/2024	aug	QMC	Australia
A/Samoa/17/2024_jul	A/Samoa/17/2024	EPI_ISL_19471972	SIAT1	Tupua Tamases Meaole Hospital	8/7/2024	jul	NA	Australia
A/Samoa/22/2024_jul	A/Samoa/22/2024	EPI_ISL_19471971	SIAT1	Tupua Tamases Meaole Hospital	20/7/2024	jul	NA	Australia
A/Samoa/20/2024_jul	A/Samoa/20/2024	EPI_ISL_19471970	SIAT1	Tupua Tamases Meaole Hospital	18/7/2024	jul	NA	Australia
A/Samoa/21/2024_jul	A/Samoa/21/2024	EPI_ISL_19471969	SIAT1	Tupua Tamases Meaole Hospital	19/7/2024	jul	NA	Australia
A/Samoa/25/2024_jul	A/Samoa/25/2024	EPI_ISL_19471968	SIAT1	Tupua Tamases Meaole Hospital	1/7/2024	jul	NA	Australia
A/Samoa/24/2024_jul	A/Samoa/24/2024	EPI_ISL_19471967	SIAT1	Tupua Tamases Meaole Hospital	22/7/2024	jul	NA	Australia
A/Samoa/26/2024_jul	A/Samoa/26/2024	EPI_ISL_19471966	SIAT1	Tupua Tamases Meaole Hospital	23/7/2024	jul	NA	Australia
A/Samoa/28/2024_jul	A/Samoa/28/2024	EPI_ISL_19471965	SIAT1	Tupua Tamases Meaole Hospital	25/7/2024	jul	NA	Australia
A/Samoa/29/2024_jul	A/Samoa/29/2024	EPI_ISL_19471964	SIAT1	Tupua Tamases Meaole Hospital	30/7/2024	jul	NA	Australia
A/Victoria/3016/2024_sep	A/Victoria/3016/2024	EPI_ISL_19471950	SIAT1	Alfred Hospital	2/9/2024	sep	NA	Australia
A/Darwin/1364/2024_aug	A/Darwin/1364/2024	EPI_ISL_19471947	SIAT1	Royal Darwin Hospital	9/8/2024	aug	NA	Australia
A/Brisbane/279/2024_jul	A/Brisbane/279/2024	EPI_ISL_19471946	SIAT1	Queensland Children's Hospital	26/7/2024	jul	NA	Australia
A/Canberra/446/2024_aug	A/Canberra/446/2024	EPI_ISL_19471945	SIAT1	Canberra Hospital	5/8/2024	aug	NA	Australia
A/Victoria/2360/2024_aug	A/Victoria/2360/2024	EPI_ISL_19471944	SIAT1	Monash Medical Centre	10/8/2024	aug	NA	Australia
A/Sydney/1064/2024_aug	A/Sydney/1064/2024	EPI_ISL_19471943	MDCK1	Childrens Hospital Westmead	14/8/2024	aug	NA	Australia
A/Victoria/2280/2024_aug	A/Victoria/2280/2024	EPI_ISL_19471942	SIAT1	Royal Chidrens Hospital	16/8/2024	aug	NA	Australia
A/Sydney/1059/2024_aug	A/Sydney/1059/2024	EPI_ISL_19471941	SIAT1	Childrens Hospital Westmead	13/8/2024	aug	NA	Australia
A/Sydney/1050/2024_aug	A/Sydney/1050/2024	EPI_ISL_19471940	MDCK1	Childrens Hospital Westmead	9/8/2024	aug	NA	Australia
A/South_Australia/185/2024_aug	A/South_Australia/185/2024	EPI_ISL_19471939	SIAT1	Institute of Medical and Veterinary Science (IMVS)	5/8/2024	aug	NA	Australia
A/South_Australia/193/2024_aug	A/South_Australia/193/2024	EPI_ISL_19471938	SIAT1	Institute of Medical and Veterinary Science (IMVS)	5/8/2024	aug	NA	Australia
A/South_Australia/186/2024_aug	A/South_Australia/186/2024	EPI_ISL_19471937	SIAT1	Institute of Medical and Veterinary Science (IMVS)	4/8/2024	aug	NA	Australia
A/South_Australia/170/2024_jul	A/South_Australia/170/2024	EPI_ISL_19471936	SIAT2	Institute of Medical and Veterinary Science (IMVS)	25/7/2024	jul	NA	Australia
A/Victoria/2367/2024_aug	A/Victoria/2367/2024	EPI_ISL_19471935	MDCK1	VIC - Australian Clinical Labs (ACL) - Geelong	22/8/2024	aug	NA	Australia
A/Victoria/2247/2024_jul	A/Victoria/2247/2024	EPI_ISL_19471934	SIAT1	Royal Melbourne Hospital	20/7/2024	jul	NA	Australia
A/Victoria/2258/2024_jul	A/Victoria/2258/2024	EPI_ISL_19471933	SIAT1	Royal Melbourne Hospital	15/7/2024	jul	NA	Australia
A/Victoria/2255/2024_aug	A/Victoria/2255/2024	EPI_ISL_19471932	SIAT1	Royal Melbourne Hospital	5/8/2024	aug	NA	Australia
A/Tasmania/406/2024_o_jul	A/Tasmania/406/2024	EPI_ISL_19471931	ORIGINAL	Royal Hobart Hospital	18/7/2024	jul	Original - o	Australia
A/Victoria/1700/2024_o_jun	A/Victoria/1700/2024	EPI_ISL_19471930	ORIGINAL	Monash Medical Centre	18/6/2024	jun	Original - o	Australia
A/South_Australia/177/2024_o_jul	A/South_Australia/177/2024	EPI_ISL_19471929	ORIGINAL	Institute of Medical and Veterinary Science (IMVS)	21/7/2024	jul	Original - o	Australia
A/Sydney/1043/2024_jul	A/Sydney/1043/2024	EPI_ISL_19471928	SIAT2	Institute of Medical and Veterinary Science (IMVS)	31/7/2024	jul	NA	Australia
A/Victoria/2297/2024_jul	A/Victoria/2297/2024	EPI_ISL_19471927	SIAT2	Institute of Medical and Veterinary Science (IMVS)	25/7/2024	jul	NA	Australia
A/Brisbane/286/2024_jul	A/Brisbane/286/2024	EPI_ISL_19471926	SIAT2	Institute of Medical and Veterinary Science (IMVS)	15/7/2024	jul	NA	Australia
A/Taranaki/20/2024_jul	A/Taranaki/20/2024	EPI_ISL_19471925	"MDCK, MDCK1"	Institute of Environmental Science and Research (ESR)	20/7/2024	jul	NA	Australia
A/Nelson_Marlborough/14/2024_jul	A/Nelson_Marlborough/14/2024	EPI_ISL_19471924	"MDCK, MDCK1"	Institute of Environmental Science and Research (ESR)	15/7/2024	jul	NA	Australia
A/Canterbury/14/2024_jul	A/Canterbury/14/2024	EPI_ISL_19471923	"MDCK, MDCK1"	Institute of Environmental Science and Research (ESR)	15/7/2024	jul	NA	Australia
A/Dunedin/09/2024_jul	A/Dunedin/09/2024	EPI_ISL_19471922	"MDCK, MDCK1"	Institute of Environmental Science and Research (ESR)	13/7/2024	jul	NA	Australia
A/Nepal/S1264/2024_jul	A/Nepal/S1264/2024	EPI_ISL_19471921	MDCK1	National Public Health Laboratory	17/7/2024	jul	NA	Australia
A/Nepal/S753/2024_mar	A/Nepal/S753/2024	EPI_ISL_19471920	MDCK1	National Public Health Laboratory	26/3/2024	mar	NA	Australia
A/Nepal/S1298/2024_jul	A/Nepal/S1298/2024	EPI_ISL_19471919	MDCK1	National Public Health Laboratory	24/7/2024	jul	NA	Australia
A/Nepal/S739/2024_mar	A/Nepal/S739/2024	EPI_ISL_19471918	MDCK1	National Public Health Laboratory	21/3/2024	mar	NA	Australia
A/Nepal/S1364/2024_aug	A/Nepal/S1364/2024	EPI_ISL_19471917	MDCK1	National Public Health Laboratory	2/8/2024	aug	NA	Australia
A/Nepal/N37/2024_jan	A/Nepal/N37/2024	EPI_ISL_19471916	MDCK1	National Public Health Laboratory	4/1/2024	jan	NA	Australia
A/Victoria/3172/2024_o_sep	A/Victoria/3172/2024	EPI_ISL_19471909	ORIGINAL	Austin Health	9/9/2024	sep	Original - o	Australia
A/Darwin/1257/2024_aug	A/Darwin/1257/2024	EPI_ISL_19471908	MDCK1	Royal Darwin Hospital	5/8/2024	aug	NA	Australia
A/Darwin/1259/2024_aug	A/Darwin/1259/2024	EPI_ISL_19471906	MDCK1	Royal Darwin Hospital	5/8/2024	aug	NA	Australia
A/Darwin/1255/2024_aug	A/Darwin/1255/2024	EPI_ISL_19471904	MDCK1	Royal Darwin Hospital	4/8/2024	aug	NA	Australia
A/Brisbane/260/2024_o_jul	A/Brisbane/260/2024	EPI_ISL_19471902	ORIGINAL	Queensland Children's Hospital	27/7/2024	jul	Original - o	Australia
A/Brisbane/272/2024_o_jul	A/Brisbane/272/2024	EPI_ISL_19471901	ORIGINAL	Queensland Children's Hospital	22/7/2024	jul	Original - o	Australia
A/Victoria/1948/2024_jul	A/Victoria/1948/2024	EPI_ISL_19471900	SIAT1	Monash Medical Centre	15/7/2024	jul	NA	Australia
A/Victoria/1737/2024_jul	A/Victoria/1737/2024	EPI_ISL_19471898	SIAT2	Monash Medical Centre	11/7/2024	jul	NA	Australia
A/Victoria/1722/2024_jul	A/Victoria/1722/2024	EPI_ISL_19471896	SIAT2	Monash Medical Centre	7/7/2024	jul	NA	Australia
A/Sydney/1068/2024_aug	A/Sydney/1068/2024	EPI_ISL_19471894	MDCK1	Childrens Hospital Westmead	15/8/2024	aug	NA	Australia
A/Victoria/2307/2024_aug	A/Victoria/2307/2024	EPI_ISL_19471892	SIAT1	Alfred Hospital	11/8/2024	aug	NA	Australia
A/South_Australia/187/2024_jul	A/South_Australia/187/2024	EPI_ISL_19471889	SIAT1	Institute of Medical and Veterinary Science (IMVS)	30/7/2024	jul	NA	Australia
A/South_Australia/156/2024_o_jul	A/South_Australia/156/2024	EPI_ISL_19471888	ORIGINAL	Institute of Medical and Veterinary Science (IMVS)	10/7/2024	jul	Original - o	Australia
A/South_Australia/175/2024_jul	A/South_Australia/175/2024	EPI_ISL_19471887	SIAT1	Institute of Medical and Veterinary Science (IMVS)	20/7/2024	jul	NA	Australia
A/Victoria/2031/2024_jul	A/Victoria/2031/2024	EPI_ISL_19471885	SIAT1	VIC - Australian Clinical Labs (ACL) - Geelong	30/7/2024	jul	NA	Australia
A/Sydney/1028/2024_o_jul	A/Sydney/1028/2024	EPI_ISL_19471884	ORIGINAL	Institute of Medical and Veterinary Science (IMVS)	22/7/2024	jul	Original - o	Australia
A/Victoria/2030/2024_jul	A/Victoria/2030/2024	EPI_ISL_19471883	SIAT1	VIC - Australian Clinical Labs (ACL) - Geelong	30/7/2024	jul	NA	Australia
A/Perth/885/2024_jun	A/Perth/885/2024	EPI_ISL_19471882	MDCK1	Pathwest QE II Medical Centre	25/6/2024	jun	NA	Australia
A/Victoria/2239/2024_aug	A/Victoria/2239/2024	EPI_ISL_19471881	MDCK1	VIC - Australian Clinical Labs (ACL) - Geelong	9/8/2024	aug	NA	Australia
A/Sydney/779/2024_jul	A/Sydney/779/2024	EPI_ISL_19471880	SIAT1	Childrens Hospital Westmead	9/7/2024	jul	NA	Australia
A/Victoria/2238/2024_aug	A/Victoria/2238/2024	EPI_ISL_19471879	MDCK1	VIC - Australian Clinical Labs (ACL) - Geelong	9/8/2024	aug	NA	Australia
A/Taranaki/16/2024_jul	A/Taranaki/16/2024	EPI_ISL_19471878	"MDCK, MDCK1"	Institute of Environmental Science and Research (ESR)	10/7/2024	jul	NA	Australia
A/Victoria/2253/2024_jul	A/Victoria/2253/2024	EPI_ISL_19471877	SIAT1	Royal Melbourne Hospital	21/7/2024	jul	NA	Australia
A/Wellington/36/2024_jul	A/Wellington/36/2024	EPI_ISL_19471876	"MDCK, MDCK1"	Institute of Environmental Science and Research (ESR)	10/7/2024	jul	NA	Australia
A/Victoria/2245/2024_jul	A/Victoria/2245/2024	EPI_ISL_19471875	SIAT1	Royal Melbourne Hospital	19/7/2024	jul	NA	Australia
A/Dunedin/11/2024_jul	A/Dunedin/11/2024	EPI_ISL_19471874	"MDCK, MDCK1"	Institute of Environmental Science and Research (ESR)	14/7/2024	jul	NA	Australia
A/South_Australia/143/2024_aug	A/South_Australia/143/2024	EPI_ISL_19471873	SIAT1	Institute of Medical and Veterinary Science (IMVS)	5/8/2024	aug	NA	Australia
A/Dunedin/13/2024_jul	A/Dunedin/13/2024	EPI_ISL_19471872	"MDCK, MDCK1"	Institute of Environmental Science and Research (ESR)	21/7/2024	jul	NA	Australia
A/Brisbane/297/2024_aug	A/Brisbane/297/2024	EPI_ISL_19471871	SIAT1	Institute of Medical and Veterinary Science (IMVS)	3/8/2024	aug	NA	Australia
A/Canterbury/20/2024_jul	A/Canterbury/20/2024	EPI_ISL_19471870	"MDCK, MDCK1"	Institute of Environmental Science and Research (ESR)	22/7/2024	jul	NA	Australia
A/Brisbane/296/2024_aug	A/Brisbane/296/2024	EPI_ISL_19471869	SIAT1	Institute of Medical and Veterinary Science (IMVS)	2/8/2024	aug	NA	Australia
A/Sydney/1060/2024_aug	A/Sydney/1060/2024	EPI_ISL_19471868	SIAT1	Childrens Hospital Westmead	13/8/2024	aug	NA	Australia
A/Sydney/1041/2024_jul	A/Sydney/1041/2024	EPI_ISL_19471867	SIAT1	Institute of Medical and Veterinary Science (IMVS)	30/7/2024	jul	NA	Australia
A/Darwin/1430/2024_aug	A/Darwin/1430/2024	EPI_ISL_19471866	MDCK1	Royal Darwin Hospital	21/8/2024	aug	NA	Australia
A/Perth/941/2024_jul	A/Perth/941/2024	EPI_ISL_19471865	SIAT1	Institute of Medical and Veterinary Science (IMVS)	27/7/2024	jul	NA	Australia
A/Darwin/1421/2024_aug	A/Darwin/1421/2024	EPI_ISL_19471864	MDCK1	Royal Darwin Hospital	21/8/2024	aug	NA	Australia
A/Victoria/2296/2024_jul	A/Victoria/2296/2024	EPI_ISL_19471863	SIAT1	Institute of Medical and Veterinary Science (IMVS)	24/7/2024	jul	NA	Australia
A/Darwin/1434/2024_aug	A/Darwin/1434/2024	EPI_ISL_19471862	MDCK1	Royal Darwin Hospital	22/8/2024	aug	NA	Australia
A/Sydney/1034/2024_jul	A/Sydney/1034/2024	EPI_ISL_19471861	SIAT1	Institute of Medical and Veterinary Science (IMVS)	24/7/2024	jul	NA	Australia
A/Victoria/3058/2024_aug	A/Victoria/3058/2024	EPI_ISL_19471860	MDCK1	VIC - Australian Clinical Labs (ACL) - Geelong	28/8/2024	aug	NA	Australia
A/Sydney/1030/2024_jul	A/Sydney/1030/2024	EPI_ISL_19471859	SIAT1	Institute of Medical and Veterinary Science (IMVS)	22/7/2024	jul	NA	Australia
A/Tasmania/679/2024_aug	A/Tasmania/679/2024	EPI_ISL_19471858	SIAT1	Hobart Pathology	29/8/2024	aug	NA	Australia
A/Sydney/1029/2024_jul	A/Sydney/1029/2024	EPI_ISL_19471857	SIAT1	Institute of Medical and Veterinary Science (IMVS)	22/7/2024	jul	NA	Australia
A/Tasmania/669/2024_aug	A/Tasmania/669/2024	EPI_ISL_19471856	SIAT1	Hobart Pathology	29/8/2024	aug	NA	Australia
A/Sydney/1027/2024_jul	A/Sydney/1027/2024	EPI_ISL_19471855	SIAT1	Institute of Medical and Veterinary Science (IMVS)	19/7/2024	jul	NA	Australia
A/Tasmania/692/2024_aug	A/Tasmania/692/2024	EPI_ISL_19471854	SIAT1	Hobart Pathology	29/8/2024	aug	NA	Australia
A/Victoria/2288/2024_jul	A/Victoria/2288/2024	EPI_ISL_19471853	SIAT1	Institute of Medical and Veterinary Science (IMVS)	17/7/2024	jul	NA	Australia
A/Tasmania/659/2024_aug	A/Tasmania/659/2024	EPI_ISL_19471852	SIAT1	Hobart Pathology	30/8/2024	aug	NA	Australia
A/Canberra/492/2024_jul	A/Canberra/492/2024	EPI_ISL_19471851	SIAT1	Institute of Medical and Veterinary Science (IMVS)	16/7/2024	jul	NA	Australia
A/Tasmania/665/2024_sep	A/Tasmania/665/2024	EPI_ISL_19471850	SIAT1	Hobart Pathology	1/9/2024	sep	NA	Australia
A/Victoria/2286/2024_jul	A/Victoria/2286/2024	EPI_ISL_19471849	SIAT1	Institute of Medical and Veterinary Science (IMVS)	16/7/2024	jul	NA	Australia
A/Darwin/1441/2024_sep	A/Darwin/1441/2024	EPI_ISL_19471848	MDCK1	Royal Darwin Hospital	2/9/2024	sep	NA	Australia
A/Sydney/1018/2024_jul	A/Sydney/1018/2024	EPI_ISL_19471847	SIAT1	Institute of Medical and Veterinary Science (IMVS)	16/7/2024	jul	NA	Australia
A/Tasmania/667/2024_sep	A/Tasmania/667/2024	EPI_ISL_19471846	SIAT1	Hobart Pathology	2/9/2024	sep	NA	Australia
A/Tasmania/597/2024_jul	A/Tasmania/597/2024	EPI_ISL_19471845	SIAT1	Institute of Medical and Veterinary Science (IMVS)	12/7/2024	jul	NA	Australia
A/Tasmania/666/2024_sep	A/Tasmania/666/2024	EPI_ISL_19471844	SIAT1	Hobart Pathology	2/9/2024	sep	NA	Australia
A/Perth/933/2024_jul	A/Perth/933/2024	EPI_ISL_19471843	SIAT1	Institute of Medical and Veterinary Science (IMVS)	3/7/2024	jul	NA	Australia
A/Canberra/487/2024_jul	A/Canberra/487/2024	EPI_ISL_19471842	SIAT1	Institute of Medical and Veterinary Science (IMVS)	2/7/2024	jul	NA	Australia
A/Darwin/1328/2024_o_aug	A/Darwin/1328/2024	EPI_ISL_19471841	ORIGINAL	Royal Darwin Hospital	10/8/2024	aug	Original - o	Australia
A/Darwin/1327/2024_o_aug	A/Darwin/1327/2024	EPI_ISL_19471840	ORIGINAL	Royal Darwin Hospital	10/8/2024	aug	Original - o	Australia
A/Darwin/1264/2024_o_aug	A/Darwin/1264/2024	EPI_ISL_19471836	ORIGINAL	Royal Darwin Hospital	6/8/2024	aug	Original - o	Australia
A/Darwin/1161/2024_o_jul	A/Darwin/1161/2024	EPI_ISL_19471835	ORIGINAL	Royal Darwin Hospital	22/7/2024	jul	Original - o	Australia
A/Darwin/1191/2024_o_aug	A/Darwin/1191/2024	EPI_ISL_19471834	ORIGINAL	Royal Darwin Hospital	4/8/2024	aug	Original - o	Australia
A/Darwin/1185/2024_o_aug	A/Darwin/1185/2024	EPI_ISL_19471833	ORIGINAL	Royal Darwin Hospital	3/8/2024	aug	Original - o	Australia
A/Victoria/2304/2024_o_aug	A/Victoria/2304/2024	EPI_ISL_19471831	ORIGINAL	Alfred Hospital	10/8/2024	aug	Original - o	Australia
A/Victoria/2248/2024_o_jul	A/Victoria/2248/2024	EPI_ISL_19471830	ORIGINAL	Royal Melbourne Hospital	23/7/2024	jul	Original - o	Australia
A/South_Australia/155/2024_o_jul	A/South_Australia/155/2024	EPI_ISL_19471829	ORIGINAL	Institute of Medical and Veterinary Science (IMVS)	7/7/2024	jul	Original - o	Australia
A/Tasmania/557/2024_o_aug	A/Tasmania/557/2024	EPI_ISL_19471828	ORIGINAL	Hobart Pathology	6/8/2024	aug	Original - o	Australia
A/Victoria/2113/2024_o_jul	A/Victoria/2113/2024	EPI_ISL_19471825	ORIGINAL	Monash Medical Centre	12/7/2024	jul	Original - o	Australia
A/Victoria/2101/2024_o_jul	A/Victoria/2101/2024	EPI_ISL_19471824	ORIGINAL	Monash Medical Centre	8/7/2024	jul	Original - o	Australia
A/Darwin/1073/2024_jul	A/Darwin/1073/2024	EPI_ISL_19322621	SIAT1	Royal Darwin Hospital	6/7/2024	jul	NA	Australia
A/Victoria/1030/2024_jun	A/Victoria/1030/2024	EPI_ISL_19322611	SIAT1	Victorian Infectious Diseases Reference Laboratory	12/6/2024	jun	NA	Australia
A/Perth/786/2024_mar	A/Perth/786/2024	EPI_ISL_19322610	"X, MDCK1"	Pathwest QE II Medical Centre	13/3/2024	mar	NA	Australia
A/Darwin/1014A/2024_jun	A/Darwin/1014A/2024	EPI_ISL_19322609	SIAT1	Royal Darwin Hospital	18/6/2024	jun	NA	Australia
A/Sydney/386/2024_jun	A/Sydney/386/2024	EPI_ISL_19322608	MDCK1	Childrens Hospital Westmead	12/6/2024	jun	NA	Australia
A/Victoria/1215/2024_jun	A/Victoria/1215/2024	EPI_ISL_19322604	SIAT1	Institute of Medical and Veterinary Science (IMVS)	14/6/2024	jun	NA	Australia
A/Sydney/337/2024_jun	A/Sydney/337/2024	EPI_ISL_19322603	SIAT1	"Clinical Virology Unit, CDIM"	17/6/2024	jun	NA	Australia
A/Sydney/332/2024_jun	A/Sydney/332/2024	EPI_ISL_19322602	SIAT1	"Clinical Virology Unit, CDIM"	15/6/2024	jun	NA	Australia
A/Sydney/331/2024_jun	A/Sydney/331/2024	EPI_ISL_19322601	SIAT1	"Clinical Virology Unit, CDIM"	15/6/2024	jun	NA	Australia
A/Sydney/329/2024_jun	A/Sydney/329/2024	EPI_ISL_19322600	SIAT1	"Clinical Virology Unit, CDIM"	15/6/2024	jun	NA	Australia
A/Sydney/328/2024_jun	A/Sydney/328/2024	EPI_ISL_19322599	SIAT1	"Clinical Virology Unit, CDIM"	14/6/2024	jun	NA	Australia
A/Brisbane/114/2024_jun	A/Brisbane/114/2024	EPI_ISL_19322598	SIAT1	Queensland Children's Hospital	11/6/2024	jun	NA	Australia
A/Brisbane/119/2024_may	A/Brisbane/119/2024	EPI_ISL_19322597	SIAT1	Queensland Children's Hospital	27/5/2024	may	NA	Australia
A/Cairns/29/2024_may	A/Cairns/29/2024	EPI_ISL_19322596	SIAT1	Pathology Queensland Cairns laboratory	18/5/2024	may	NA	Australia
A/Cairns/26/2024_may	A/Cairns/26/2024	EPI_ISL_19322595	SIAT1	Pathology Queensland Cairns laboratory	6/5/2024	may	NA	Australia
A/Cairns/12/2024_apr	A/Cairns/12/2024	EPI_ISL_19322594	SIAT1	Pathology Queensland Cairns laboratory	11/4/2024	apr	NA	Australia
A/Cairns/11/2024_apr	A/Cairns/11/2024	EPI_ISL_19322593	SIAT2	Pathology Queensland Cairns laboratory	10/4/2024	apr	NA	Australia
A/Cairns/2/2024_apr	A/Cairns/2/2024	EPI_ISL_19322592	SIAT1	Pathology Queensland Cairns laboratory	3/4/2024	apr	NA	Australia
A/Sydney/429/2024_jun	A/Sydney/429/2024	EPI_ISL_19322591	MDCK1	Childrens Hospital Westmead	20/6/2024	jun	NA	Australia
A/Sydney/427/2024_jun	A/Sydney/427/2024	EPI_ISL_19322590	SIAT1	Childrens Hospital Westmead	19/6/2024	jun	NA	Australia
A/Sydney/425/2024_jun	A/Sydney/425/2024	EPI_ISL_19322589	SIAT1	Childrens Hospital Westmead	19/6/2024	jun	NA	Australia
A/Sydney/423/2024_jun	A/Sydney/423/2024	EPI_ISL_19322588	MDCK1	Childrens Hospital Westmead	19/6/2024	jun	NA	Australia
A/Sydney/419/2024_jun	A/Sydney/419/2024	EPI_ISL_19322586	SIAT1	Childrens Hospital Westmead	18/6/2024	jun	NA	Australia
A/Sydney/415/2024_jun	A/Sydney/415/2024	EPI_ISL_19322585	SIAT1	Childrens Hospital Westmead	18/6/2024	jun	NA	Australia
A/Sydney/410/2024_jun	A/Sydney/410/2024	EPI_ISL_19322584	SIAT1	Childrens Hospital Westmead	15/6/2024	jun	NA	Australia
A/Sydney/404/2024_jun	A/Sydney/404/2024	EPI_ISL_19322583	SIAT1	Childrens Hospital Westmead	15/6/2024	jun	NA	Australia
A/Sydney/397/2024_jun	A/Sydney/397/2024	EPI_ISL_19322582	MDCK1	Childrens Hospital Westmead	14/6/2024	jun	NA	Australia
A/Brisbane/128/2024_jun	A/Brisbane/128/2024	EPI_ISL_19304135	SIAT1	4Cyte Pathology	20/6/2024	jun	NA	Australia
A/Darwin/957/2024_jun	A/Darwin/957/2024	EPI_ISL_19304134	SIAT1	Royal Darwin Hospital	9/6/2024	jun	NA	Australia
A/Darwin/784/2024_may	A/Darwin/784/2024	EPI_ISL_19304133	SIAT1	Royal Darwin Hospital	26/5/2024	may	NA	Australia
A/Sydney/242/2024_may	A/Sydney/242/2024	EPI_ISL_19304122	MDCK1	Childrens Hospital Westmead	23/5/2024	may	NA	Australia
A/Darwin/375/2023_oct	A/Darwin/375/2023	EPI_ISL_19304121	MDCK2	Royal Darwin Hospital	20/10/2023	oct	NA	Australia
A/Perth/823/2024_jun	A/Perth/823/2024	EPI_ISL_19304118	MDCK1	Pathwest QE II Medical Centre	12/6/2024	jun	NA	Australia
A/Perth/822/2024_jun	A/Perth/822/2024	EPI_ISL_19304117	MDCK1	Pathwest QE II Medical Centre	11/6/2024	jun	NA	Australia
A/Perth/821/2024_jun	A/Perth/821/2024	EPI_ISL_19304116	MDCK1	Pathwest QE II Medical Centre	5/6/2024	jun	NA	Australia
A/Darwin/1014/2024_jun	A/Darwin/1014/2024	EPI_ISL_19304114	SIAT1	Royal Darwin Hospital	18/6/2024	jun	NA	Australia
A/Sydney/290/2024_jun	A/Sydney/290/2024	EPI_ISL_19304112	SIAT1	"Clinical Virology Unit, CDIM"	5/6/2024	jun	NA	Australia
A/Sydney/288/2024_jun	A/Sydney/288/2024	EPI_ISL_19304111	SIAT1	"Clinical Virology Unit, CDIM"	4/6/2024	jun	NA	Australia
A/Sydney/1318A/2024_may	A/Sydney/1318A/2024	EPI_ISL_19304107	SIAT1	"Clinical Virology Unit, CDIM"	31/5/2024	may	NA	Australia
A/Brisbane/123/2024_may	A/Brisbane/123/2024	EPI_ISL_19302047	SIAT1	Queensland Children's Hospital	17/5/2024	may	NA	Australia
A/Brisbane/120/2024_may	A/Brisbane/120/2024	EPI_ISL_19302043	SIAT1	Queensland Children's Hospital	3/5/2024	may	NA	Australia
A/Cairns/21/2024_apr	A/Cairns/21/2024	EPI_ISL_19302041	SIAT1	Pathology Queensland Cairns laboratory	26/4/2024	apr	NA	Australia
A/Cairns/19/2024_may	A/Cairns/19/2024	EPI_ISL_19302039	SIAT1	Pathology Queensland Cairns laboratory	23/5/2024	may	NA	Australia
A/Cairns/14/2024_apr	A/Cairns/14/2024	EPI_ISL_19302037	SIAT1	Pathology Queensland Cairns laboratory	15/4/2024	apr	NA	Australia
A/Canberra/218/2024_jun	A/Canberra/218/2024	EPI_ISL_19302035	SIAT1	Canberra Hospital	6/6/2024	jun	NA	Australia
A/Canberra/211/2024_jun	A/Canberra/211/2024	EPI_ISL_19302033	SIAT1	Canberra Hospital	5/6/2024	jun	NA	Australia
A/Victoria/966/2024_jun	A/Victoria/966/2024	EPI_ISL_19302027	SIAT1	Monash Medical Centre	9/6/2024	jun	NA	Australia
A/Victoria/956/2024_jun	A/Victoria/956/2024	EPI_ISL_19302025	SIAT2	Monash Medical Centre	6/6/2024	jun	NA	Australia
A/Victoria/937/2024_jun	A/Victoria/937/2024	EPI_ISL_19302023	SIAT1	Monash Medical Centre	2/6/2024	jun	NA	Australia
A/Victoria/929/2024_may	A/Victoria/929/2024	EPI_ISL_19302021	SIAT1	Monash Medical Centre	31/5/2024	may	NA	Australia
A/Victoria/919/2024_may	A/Victoria/919/2024	EPI_ISL_19302019	SIAT1	Monash Medical Centre	28/5/2024	may	NA	Australia
A/Victoria/632/2024_may	A/Victoria/632/2024	EPI_ISL_19302017	SIAT2	Monash Medical Centre	24/5/2024	may	NA	Australia
A/Perth/795/2024_may	A/Perth/795/2024	EPI_ISL_19301975	MDCK1	Pathwest QE II Medical Centre	23/5/2024	may	NA	Australia
A/Perth/794/2024_may	A/Perth/794/2024	EPI_ISL_19301974	MDCK1	Pathwest QE II Medical Centre	22/5/2024	may	NA	Australia
A/Sydney/197/2024_may	A/Sydney/197/2024	EPI_ISL_19301973	SIAT1	"Clinical Virology Unit, CDIM"	27/5/2024	may	NA	Australia
A/Sydney/152/2024_may	A/Sydney/152/2024	EPI_ISL_19301971	SIAT2	"Clinical Virology Unit, CDIM"	11/5/2024	may	NA	Australia
A/Canberra/193/2024_jun	A/Canberra/193/2024	EPI_ISL_19301969	SIAT1	Canberra Hospital	1/6/2024	jun	NA	Australia
A/Canberra/183/2024_may	A/Canberra/183/2024	EPI_ISL_19301967	SIAT1	Canberra Hospital	28/5/2024	may	NA	Australia
A/Victoria/980/2024_jun	A/Victoria/980/2024	EPI_ISL_19301965	SIAT1	Monash Medical Centre	15/6/2024	jun	NA	Australia
A/Victoria/977/2024_jun	A/Victoria/977/2024	EPI_ISL_19301963	SIAT1	Monash Medical Centre	14/6/2024	jun	NA	Australia
A/Victoria/974/2024_jun	A/Victoria/974/2024	EPI_ISL_19301961	SIAT1	Monash Medical Centre	13/6/2024	jun	NA	Australia
A/Victoria/963/2024_jun	A/Victoria/963/2024	EPI_ISL_19301959	SIAT1	Monash Medical Centre	8/6/2024	jun	NA	Australia
A/Brisbane/143/2024_o_apr	A/Brisbane/143/2024	EPI_ISL_19301957	ORIGINAL	Queensland Health Forensic and Scientific Services	19/4/2024	apr	Original - o	Australia
A/Brisbane/140/2024_o_apr	A/Brisbane/140/2024	EPI_ISL_19301952	ORIGINAL	Queensland Health Forensic and Scientific Services	18/4/2024	apr	Original - o	Australia
A/Victoria/913/2024_may	A/Victoria/913/2024	EPI_ISL_19271679	SIAT1	Monash Medical Centre	29/5/2024	may	NA	Australia
A/Victoria/920/2024_may	A/Victoria/920/2024	EPI_ISL_19271678	SIAT1	Monash Medical Centre	28/5/2024	may	NA	Australia
A/Victoria/917/2024_may	A/Victoria/917/2024	EPI_ISL_19271677	SIAT1	Monash Medical Centre	27/5/2024	may	NA	Australia
A/Victoria/911/2024_may	A/Victoria/911/2024	EPI_ISL_19271676	SIAT1	Monash Medical Centre	26/5/2024	may	NA	Australia
A/Victoria/631/2024_may	A/Victoria/631/2024	EPI_ISL_19271675	SIAT1	Monash Medical Centre	24/5/2024	may	NA	Australia
A/Victoria/630/2024_may	A/Victoria/630/2024	EPI_ISL_19271674	SIAT1	Monash Medical Centre	24/5/2024	may	NA	Australia
A/Victoria/629/2024_may	A/Victoria/629/2024	EPI_ISL_19271673	SIAT1	Monash Medical Centre	24/5/2024	may	NA	Australia
A/Victoria/628/2024_may	A/Victoria/628/2024	EPI_ISL_19271672	SIAT1	Monash Medical Centre	23/5/2024	may	NA	Australia
A/Victoria/627/2024_may	A/Victoria/627/2024	EPI_ISL_19271671	SIAT1	Monash Medical Centre	23/5/2024	may	NA	Australia
A/Victoria/625/2024_may	A/Victoria/625/2024	EPI_ISL_19271670	SIAT1	Monash Medical Centre	20/5/2024	may	NA	Australia
A/Victoria/624/2024_may	A/Victoria/624/2024	EPI_ISL_19271669	SIAT1	Monash Medical Centre	20/5/2024	may	NA	Australia
A/Victoria/623/2024_may	A/Victoria/623/2024	EPI_ISL_19271668	SIAT1	Monash Medical Centre	19/5/2024	may	NA	Australia
A/Victoria/622/2024_may	A/Victoria/622/2024	EPI_ISL_19271667	SIAT1	Monash Medical Centre	18/5/2024	may	NA	Australia
A/Victoria/620/2024_may	A/Victoria/620/2024	EPI_ISL_19271666	SIAT1	Monash Medical Centre	18/5/2024	may	NA	Australia
A/Victoria/619/2024_may	A/Victoria/619/2024	EPI_ISL_19271665	SIAT1	Monash Medical Centre	18/5/2024	may	NA	Australia
A/Victoria/616/2024_may	A/Victoria/616/2024	EPI_ISL_19271664	SIAT1	Monash Medical Centre	10/5/2024	may	NA	Australia
A/Victoria/843/2024_jun	A/Victoria/843/2024	EPI_ISL_19271663	SIAT1	Alfred Hospital	16/6/2024	jun	NA	Australia
A/Victoria/818/2024_jun	A/Victoria/818/2024	EPI_ISL_19271662	SIAT1	Royal Chidrens Hospital	9/6/2024	jun	NA	Australia
A/Victoria/711/2024_jun	A/Victoria/711/2024	EPI_ISL_19271661	SIAT1	Alfred Hospital	5/6/2024	jun	NA	Australia
A/Victoria/707/2024_jun	A/Victoria/707/2024	EPI_ISL_19271660	SIAT1	Alfred Hospital	5/6/2024	jun	NA	Australia
A/Victoria/690/2024_may	A/Victoria/690/2024	EPI_ISL_19271659	SIAT1	Alfred Hospital	31/5/2024	may	NA	Australia
A/Victoria/609/2024_may	A/Victoria/609/2024	EPI_ISL_19271658	SIAT1	Royal Chidrens Hospital	31/5/2024	may	NA	Australia
A/Victoria/607/2024_may	A/Victoria/607/2024	EPI_ISL_19271657	SIAT1	Royal Chidrens Hospital	31/5/2024	may	NA	Australia
A/Victoria/605/2024_may	A/Victoria/605/2024	EPI_ISL_19271656	SIAT1	Royal Chidrens Hospital	30/5/2024	may	NA	Australia
A/Victoria/604/2024_may	A/Victoria/604/2024	EPI_ISL_19271655	SIAT1	Royal Chidrens Hospital	29/5/2024	may	NA	Australia
A/Victoria/688/2024_may	A/Victoria/688/2024	EPI_ISL_19271654	SIAT1	Alfred Hospital	24/5/2024	may	NA	Australia
A/Victoria/687/2024_may	A/Victoria/687/2024	EPI_ISL_19271653	SIAT1	Alfred Hospital	24/5/2024	may	NA	Australia
A/Victoria/597/2024_may	A/Victoria/597/2024	EPI_ISL_19267446	SIAT1	Royal Chidrens Hospital	27/5/2024	may	NA	Australia
A/South_Australia/84/2024_may	A/South_Australia/84/2024	EPI_ISL_19267443	SIAT1	Institute of Medical and Veterinary Science (IMVS)	24/5/2024	may	NA	Australia
A/Victoria/594/2024_may	A/Victoria/594/2024	EPI_ISL_19267440	SIAT1	Royal Chidrens Hospital	25/5/2024	may	NA	Australia
A/South_Australia/83/2024_may	A/South_Australia/83/2024	EPI_ISL_19267438	MDCK1	Institute of Medical and Veterinary Science (IMVS)	17/5/2024	may	NA	Australia
A/Victoria/902/2024_jun	A/Victoria/902/2024	EPI_ISL_19267437	MDCK1	VIC - Australian Clinical Labs (ACL) - Geelong	14/6/2024	jun	NA	Australia
A/Victoria/901/2024_jun	A/Victoria/901/2024	EPI_ISL_19267436	MDCK1	VIC - Australian Clinical Labs (ACL) - Geelong	7/6/2024	jun	NA	Australia
A/Victoria/764/2024_jun	A/Victoria/764/2024	EPI_ISL_19267432	SIAT1	Royal Melbourne Hospital	10/6/2024	jun	NA	Australia
A/Victoria/652/2024_jun	A/Victoria/652/2024	EPI_ISL_19267429	SIAT1	Royal Melbourne Hospital	3/6/2024	jun	NA	Australia
A/Victoria/649/2024_jun	A/Victoria/649/2024	EPI_ISL_19267428	SIAT1	Royal Melbourne Hospital	2/6/2024	jun	NA	Australia
A/Victoria/647/2024_jun	A/Victoria/647/2024	EPI_ISL_19267427	SIAT1	Royal Melbourne Hospital	1/6/2024	jun	NA	Australia
A/Victoria/556/2024_may	A/Victoria/556/2024	EPI_ISL_19267426	SIAT1	Royal Melbourne Hospital	28/5/2024	may	NA	Australia
A/South_Australia/65/2024_may	A/South_Australia/65/2024	EPI_ISL_19267423	SIAT1	Institute of Medical and Veterinary Science (IMVS)	10/5/2024	may	NA	Australia
A/Darwin/866/2024_may	A/Darwin/866/2024	EPI_ISL_19267416	SIAT1	Royal Darwin Hospital	7/5/2024	may	NA	Australia
A/Sydney/186/2024_may	A/Sydney/186/2024	EPI_ISL_19267403	SIAT1	"Clinical Virology Unit, CDIM"	22/5/2024	may	NA	Australia
A/Sydney/184/2024_may	A/Sydney/184/2024	EPI_ISL_19267402	SIAT1	"Clinical Virology Unit, CDIM"	22/5/2024	may	NA	Australia
A/Sydney/180/2024_may	A/Sydney/180/2024	EPI_ISL_19267389	SIAT1	"Clinical Virology Unit, CDIM"	18/5/2024	may	NA	Australia
A/Sydney/150/2024_may	A/Sydney/150/2024	EPI_ISL_19267382	SIAT1	"Clinical Virology Unit, CDIM"	7/5/2024	may	NA	Australia
A/Sydney/148/2024_may	A/Sydney/148/2024	EPI_ISL_19267381	SIAT1	"Clinical Virology Unit, CDIM"	5/5/2024	may	NA	Australia
A/Sydney/147/2024_may	A/Sydney/147/2024	EPI_ISL_19267379	SIAT1	"Clinical Virology Unit, CDIM"	3/5/2024	may	NA	Australia
A/Canberra/143/2024_may	A/Canberra/143/2024	EPI_ISL_19267371	SIAT1	Canberra Hospital	17/5/2024	may	NA	Australia
A/Victoria/826/2024_jun	A/Victoria/826/2024	EPI_ISL_19267361	SIAT1	Royal Chidrens Hospital	12/6/2024	jun	NA	Australia
A/Victoria/823/2024_jun	A/Victoria/823/2024	EPI_ISL_19267359	SIAT1	Royal Chidrens Hospital	11/6/2024	jun	NA	Australia
A/Sydney/270/2024_jun	A/Sydney/270/2024	EPI_ISL_19267358	MDCK1	Childrens Hospital Westmead	3/6/2024	jun	NA	Australia
A/Sydney/265/2024_jun	A/Sydney/265/2024	EPI_ISL_19267356	MDCK1	Childrens Hospital Westmead	1/6/2024	jun	NA	Australia
A/Victoria/816/2024_may	A/Victoria/816/2024	EPI_ISL_19267346	MDCK1	VIC - Australian Clinical Labs (ACL) - Geelong	31/5/2024	may	NA	Australia
A/Victoria/815/2024_may	A/Victoria/815/2024	EPI_ISL_19267345	MDCK1	VIC - Australian Clinical Labs (ACL) - Geelong	31/5/2024	may	NA	Australia
A/Victoria/814/2024_jun	A/Victoria/814/2024	EPI_ISL_19267343	MDCK1	VIC - Australian Clinical Labs (ACL) - Geelong	4/6/2024	jun	NA	Australia
A/Victoria/660/2024_may	A/Victoria/660/2024	EPI_ISL_19267341	MDCK1	VIC - Australian Clinical Labs (ACL) - Geelong	21/5/2024	may	NA	Australia
A/Victoria/553/2024_may	A/Victoria/553/2024	EPI_ISL_19267340	SIAT1	Royal Melbourne Hospital	28/5/2024	may	NA	Australia
A/Victoria/536/2024_may	A/Victoria/536/2024	EPI_ISL_19267336	SIAT1	Royal Melbourne Hospital	22/5/2024	may	NA	Australia
A/South_Australia/70/2024_may	A/South_Australia/70/2024	EPI_ISL_19267335	SIAT1	Institute of Medical and Veterinary Science (IMVS)	29/5/2024	may	NA	Australia
A/Brisbane/111/2024_may	A/Brisbane/111/2024	EPI_ISL_19267333	SIAT1	Institute of Medical and Veterinary Science (IMVS)	27/5/2024	may	NA	Australia
A/Sydney/305/2024_may	A/Sydney/305/2024	EPI_ISL_19267332	SIAT1	Institute of Medical and Veterinary Science (IMVS)	25/5/2024	may	NA	Australia
A/Sydney/303/2024_may	A/Sydney/303/2024	EPI_ISL_19267327	SIAT1	Institute of Medical and Veterinary Science (IMVS)	24/5/2024	may	NA	Australia
A/Victoria/767/2024_may	A/Victoria/767/2024	EPI_ISL_19267326	SIAT1	Institute of Medical and Veterinary Science (IMVS)	20/5/2024	may	NA	Australia
A/Darwin/956/2024_may	A/Darwin/956/2024	EPI_ISL_19267319	SIAT1	Institute of Medical and Veterinary Science (IMVS)	3/5/2024	may	NA	Australia
A/Victoria/202/2024_apr	A/Victoria/202/2024	EPI_ISL_19267318	SIAT2	Monash Medical Centre	12/4/2024	apr	NA	Australia
A/Tahiti/23/2024_feb	A/Tahiti/23/2024	EPI_ISL_19234764	SIAT1	Institute Malarde Clinical Laboratory	8/2/2024	feb	NA	Australia
A/Tahiti/27/2024_mar	A/Tahiti/27/2024	EPI_ISL_19234763	SIAT1	Institute Malarde Clinical Laboratory	11/3/2024	mar	NA	Australia
A/Tahiti/10/2024_dec	A/Tahiti/10/2024	EPI_ISL_19234760	SIAT1	Institute Malarde Clinical Laboratory	29/12/2023	dec	NA	Australia
A/Tahiti/1/2024_nov	A/Tahiti/1/2024	EPI_ISL_19234759	SIAT1	Institute Malarde Clinical Laboratory	20/11/2023	nov	NA	Australia
A/Tahiti/4/2024_dec	A/Tahiti/4/2024	EPI_ISL_19234758	SIAT1	Institute Malarde Clinical Laboratory	11/12/2023	dec	NA	Australia
A/Tahiti/25/2024_mar	A/Tahiti/25/2024	EPI_ISL_19234755	SIAT1	Institute Malarde Clinical Laboratory	8/3/2024	mar	NA	Australia
A/Tahiti/26/2024_mar	A/Tahiti/26/2024	EPI_ISL_19234754	SIAT1	Institute Malarde Clinical Laboratory	8/3/2024	mar	NA	Australia
A/Tahiti/24/2024_o_feb	A/Tahiti/24/2024	EPI_ISL_19234752	ORIGINAL	Institute Malarde Clinical Laboratory	19/2/2024	feb	Original - o	Australia
A/Tahiti/15/2024_o_jan	A/Tahiti/15/2024	EPI_ISL_19234751	ORIGINAL	Institute Malarde Clinical Laboratory	5/1/2024	jan	Original - o	Australia
A/Tahiti/2/2024_o_dec	A/Tahiti/2/2024	EPI_ISL_19234750	ORIGINAL	Institute Malarde Clinical Laboratory	4/12/2023	dec	Original - o	Australia
A/Timor-Leste/268/2024_jan	A/Timor-Leste/268/2024	EPI_ISL_19234744	SIAT2	Laboratório Nacional da Saúde	6/1/2024	jan	NA	Australia
A/Darwin/779/2024_may	A/Darwin/779/2024	EPI_ISL_19234733	SIAT1	Royal Darwin Hospital	26/5/2024	may	NA	Australia
A/Darwin/571/2024_may	A/Darwin/571/2024	EPI_ISL_19234732	SIAT1	Royal Darwin Hospital	11/5/2024	may	NA	Australia
A/Brisbane/107/2024_apr	A/Brisbane/107/2024	EPI_ISL_19234730	SIAT1	Queensland Children's Hospital	27/4/2024	apr	NA	Australia
A/Tasmania/98/2024_may	A/Tasmania/98/2024	EPI_ISL_19234729	SIAT1	Royal Hobart Hospital	18/5/2024	may	NA	Australia
A/Victoria/473/2024_may	A/Victoria/473/2024	EPI_ISL_19234727	SIAT1	Royal Chidrens Hospital	11/5/2024	may	NA	Australia
A/Sydney/169/2024_may	A/Sydney/169/2024	EPI_ISL_19234724	SIAT1	Childrens Hospital Westmead	1/5/2024	may	NA	Australia
A/Sydney/168/2024_apr	A/Sydney/168/2024	EPI_ISL_19234723	SIAT1	Childrens Hospital Westmead	30/4/2024	apr	NA	Australia
A/Victoria/421/2024_may	A/Victoria/421/2024	EPI_ISL_19234719	MDCK1	VIC - Australian Clinical Labs (ACL) - Geelong	3/5/2024	may	NA	Australia
A/Darwin/982/2024_o_jun	A/Darwin/982/2024	EPI_ISL_19234714	ORIGINAL	Royal Darwin Hospital	13/6/2024	jun	Original - o	Australia
A/South_Australia/73/2024_o_may	A/South_Australia/73/2024	EPI_ISL_19234713	ORIGINAL	Institute of Medical and Veterinary Science (IMVS)	24/5/2024	may	Original - o	Australia
A/South_Australia/72/2024_o_may	A/South_Australia/72/2024	EPI_ISL_19234712	ORIGINAL	Institute of Medical and Veterinary Science (IMVS)	25/5/2024	may	Original - o	Australia
A/Canberra/251/2024_o_jun	A/Canberra/251/2024	EPI_ISL_19234710	ORIGINAL	Canberra Hospital	13/6/2024	jun	Original - o	Australia
A/Victoria/452/2024_o_may	A/Victoria/452/2024	EPI_ISL_19234706	ORIGINAL	Monash Medical Centre	14/5/2024	may	Original - o	Australia
A/Victoria/532/2024_o_may	A/Victoria/532/2024	EPI_ISL_19234705	ORIGINAL	Royal Chidrens Hospital	25/5/2024	may	Original - o	Australia
A/Victoria/481/2024_o_may	A/Victoria/481/2024	EPI_ISL_19234704	ORIGINAL	Royal Chidrens Hospital	16/5/2024	may	Original - o	Australia
A/Victoria/477/2024_o_may	A/Victoria/477/2024	EPI_ISL_19234703	ORIGINAL	Royal Chidrens Hospital	14/5/2024	may	Original - o	Australia
A/Victoria/595/2024_o_may	A/Victoria/595/2024	EPI_ISL_19234701	ORIGINAL	Royal Chidrens Hospital	26/5/2024	may	Original - o	Australia
A/Canberra/158/2024_o_may	A/Canberra/158/2024	EPI_ISL_19234700	ORIGINAL	Canberra Hospital	22/5/2024	may	Original - o	Australia
A/Canberra/145/2024_o_may	A/Canberra/145/2024	EPI_ISL_19234699	ORIGINAL	Canberra Hospital	18/5/2024	may	Original - o	Australia
A/Canberra/136/2024_o_may	A/Canberra/136/2024	EPI_ISL_19234698	ORIGINAL	Canberra Hospital	15/5/2024	may	Original - o	Australia
A/Victoria/570/2024_o_may	A/Victoria/570/2024	EPI_ISL_19234697	ORIGINAL	Monash Medical Centre	23/5/2024	may	Original - o	Australia
A/Victoria/561/2024_o_may	A/Victoria/561/2024	EPI_ISL_19234694	ORIGINAL	Monash Medical Centre	4/5/2024	may	Original - o	Australia
A/Canberra/164/2024_o_may	A/Canberra/164/2024	EPI_ISL_19234693	ORIGINAL	Canberra Hospital	21/5/2024	may	Original - o	Australia
A/Canberra/146/2024_o_may	A/Canberra/146/2024	EPI_ISL_19234691	ORIGINAL	Canberra Hospital	18/5/2024	may	Original - o	Australia
A/Canberra/141/2024_o_may	A/Canberra/141/2024	EPI_ISL_19234690	ORIGINAL	Canberra Hospital	17/5/2024	may	Original - o	Australia
A/Sydney/263/2024_o_jun	A/Sydney/263/2024	EPI_ISL_19234688	ORIGINAL	Childrens Hospital Westmead	4/6/2024	jun	Original - o	Australia
A/Sydney/258/2024_o_jun	A/Sydney/258/2024	EPI_ISL_19234687	ORIGINAL	Childrens Hospital Westmead	1/6/2024	jun	Original - o	Australia
A/Sydney/254/2024_o_may	A/Sydney/254/2024	EPI_ISL_19234686	ORIGINAL	Childrens Hospital Westmead	30/5/2024	may	Original - o	Australia
A/Sydney/250/2024_o_may	A/Sydney/250/2024	EPI_ISL_19234685	ORIGINAL	Childrens Hospital Westmead	29/5/2024	may	Original - o	Australia
A/Sydney/242/2024_o_may	A/Sydney/242/2024	EPI_ISL_19234684	ORIGINAL	Childrens Hospital Westmead	23/5/2024	may	Original - o	Australia
A/Sydney/231/2024_o_apr	A/Sydney/231/2024	EPI_ISL_19234682	ORIGINAL	Childrens Hospital Westmead	28/4/2024	apr	Original - o	Australia
A/Darwin/773/2024_may	A/Darwin/773/2024	EPI_ISL_19234681	SIAT1	Royal Darwin Hospital	21/5/2024	may	NA	Australia
A/Sydney/223/2024_o_apr	A/Sydney/223/2024	EPI_ISL_19234680	ORIGINAL	Childrens Hospital Westmead	4/4/2024	apr	Original - o	Australia
A/Victoria/587/2024_may	A/Victoria/587/2024	EPI_ISL_19234678	SIAT1	Alfred Hospital	23/5/2024	may	NA	Australia
A/Canberra/219/2024_o_mar	A/Canberra/219/2024	EPI_ISL_19234677	ORIGINAL	Canberra Hospital	29/3/2024	mar	Original - o	Australia
A/Darwin/518/2024_may	A/Darwin/518/2024	EPI_ISL_19234676	SIAT2	Royal Darwin Hospital	3/5/2024	may	NA	Australia
A/Victoria/663/2024_o_may	A/Victoria/663/2024	EPI_ISL_19234671	ORIGINAL	VIC - Australian Clinical Labs (ACL) - Geelong	26/5/2024	may	Original - o	Australia
A/Darwin/614/2024_may	A/Darwin/614/2024	EPI_ISL_19234670	SIAT1	Royal Darwin Hospital	11/5/2024	may	NA	Australia
A/Sydney/221/2024_o_may	A/Sydney/221/2024	EPI_ISL_19234669	ORIGINAL	Childrens Hospital Westmead	30/5/2024	may	Original - o	Australia
A/Sydney/189/2024_o_may	A/Sydney/189/2024	EPI_ISL_19234668	ORIGINAL	Childrens Hospital Westmead	18/5/2024	may	Original - o	Australia
A/Victoria/461/2024_o_may	A/Victoria/461/2024	EPI_ISL_19234667	ORIGINAL	Alfred Hospital	15/5/2024	may	Original - o	Australia
A/Victoria/590/2024_o_jun	A/Victoria/590/2024	EPI_ISL_19234666	ORIGINAL	Victorian Infectious Diseases Reference Laboratory	3/6/2024	jun	Original - o	Australia
A/Darwin/393A/2024_o_apr	A/Darwin/393A/2024	EPI_ISL_19234664	ORIGINAL	Royal Darwin Hospital	28/4/2024	apr	Original - o	Australia
A/Darwin/486/2024_o_may	A/Darwin/486/2024	EPI_ISL_19234663	ORIGINAL	Royal Darwin Hospital	1/5/2024	may	Original - o	Australia
A/Sydney/142/2024_o_apr	A/Sydney/142/2024	EPI_ISL_19234659	ORIGINAL	"Clinical Virology Unit, CDIM"	8/4/2024	apr	Original - o	Australia
A/Victoria/334/2024_o_may	A/Victoria/334/2024	EPI_ISL_19234658	ORIGINAL	Royal Chidrens Hospital	2/5/2024	may	Original - o	Australia
A/Victoria/449/2024_o_may	A/Victoria/449/2024	EPI_ISL_19234656	ORIGINAL	Monash Medical Centre	12/5/2024	may	Original - o	Australia
A/Victoria/447/2024_o_may	A/Victoria/447/2024	EPI_ISL_19234655	ORIGINAL	Monash Medical Centre	10/5/2024	may	Original - o	Australia
A/Victoria/445/2024_o_may	A/Victoria/445/2024	EPI_ISL_19234654	ORIGINAL	Monash Medical Centre	10/5/2024	may	Original - o	Australia
A/Victoria/389/2024_o_may	A/Victoria/389/2024	EPI_ISL_19234651	ORIGINAL	Alfred Hospital	9/5/2024	may	Original - o	Australia
A/Victoria/385/2024_o_may	A/Victoria/385/2024	EPI_ISL_19234649	ORIGINAL	Alfred Hospital	4/5/2024	may	Original - o	Australia
A/Tahiti/9/2024_dec	A/Tahiti/9/2024	EPI_ISL_19234277	SIAT2	Institute Malarde Clinical Laboratory	29/12/2023	dec	NA	Australia
A/Tahiti/12/2024_dec	A/Tahiti/12/2024	EPI_ISL_19234276	SIAT2	Institute Malarde Clinical Laboratory	29/12/2023	dec	NA	Australia
A/Tasmania/103/2024_jun	A/Tasmania/103/2024	EPI_ISL_19234272	MDCK1	Royal Hobart Hospital	5/6/2024	jun	NA	Australia
A/Tasmania/102/2024_jun	A/Tasmania/102/2024	EPI_ISL_19234271	MDCK1	Royal Hobart Hospital	3/6/2024	jun	NA	Australia
A/Tasmania/105/2024_jun	A/Tasmania/105/2024	EPI_ISL_19234270	MDCK1	Royal Hobart Hospital	2/6/2024	jun	NA	Australia
A/Indonesia/BIOKES-BDG801/2023_apr	A/Indonesia/BIOKES-BDG801/2023	EPI_ISL_19234268	"MDCK1, MDCK1"	"Ministry of Health, NIHRD"	4/4/2023	apr	NA	Australia
A/Indonesia/BIOKES-BDG799/2023_mar	A/Indonesia/BIOKES-BDG799/2023	EPI_ISL_19234267	"MDCK1, MDCK1"	"Ministry of Health, NIHRD"	30/3/2023	mar	NA	Australia
A/Perth/774/2024_mar	A/Perth/774/2024	EPI_ISL_19234266	"X, MDCK1"	Pathwest QE II Medical Centre	10/3/2024	mar	NA	Australia
A/Perth/744/2024_apr	A/Perth/744/2024	EPI_ISL_19234259	MDCK2	Pathwest QE II Medical Centre	18/4/2024	apr	NA	Australia
A/Darwin/700/2024_may	A/Darwin/700/2024	EPI_ISL_19234258	SIAT1	Royal Darwin Hospital	18/5/2024	may	NA	Australia
A/Darwin/657/2024_may	A/Darwin/657/2024	EPI_ISL_19234257	SIAT1	Royal Darwin Hospital	14/5/2024	may	NA	Australia
A/Tasmania/94/2024_may	A/Tasmania/94/2024	EPI_ISL_19234240	SIAT1	Royal Hobart Hospital	11/5/2024	may	NA	Australia
A/Tasmania/89/2024_may	A/Tasmania/89/2024	EPI_ISL_19234239	SIAT2	Royal Hobart Hospital	2/5/2024	may	NA	Australia
A/Victoria/453/2024_may	A/Victoria/453/2024	EPI_ISL_19234236	SIAT1	Monash Medical Centre	14/5/2024	may	NA	Australia
A/Victoria/451/2024_may	A/Victoria/451/2024	EPI_ISL_19234235	SIAT1	Monash Medical Centre	14/5/2024	may	NA	Australia
A/Victoria/438/2024_apr	A/Victoria/438/2024	EPI_ISL_19234232	SIAT1	Monash Medical Centre	25/4/2024	apr	NA	Australia
A/Sydney/220/2024_may	A/Sydney/220/2024	EPI_ISL_19234231	MDCK1	Childrens Hospital Westmead	30/5/2024	may	NA	Australia
A/Sydney/218/2024_may	A/Sydney/218/2024	EPI_ISL_19234229	SIAT1	Childrens Hospital Westmead	29/5/2024	may	NA	Australia
A/Sydney/211/2024_may	A/Sydney/211/2024	EPI_ISL_19234223	SIAT1	Childrens Hospital Westmead	27/5/2024	may	NA	Australia
A/Sydney/208/2024_may	A/Sydney/208/2024	EPI_ISL_19234220	SIAT1	Childrens Hospital Westmead	25/5/2024	may	NA	Australia
A/Sydney/207/2024_may	A/Sydney/207/2024	EPI_ISL_19234219	SIAT1	Childrens Hospital Westmead	24/5/2024	may	NA	Australia
A/Sydney/205/2024_may	A/Sydney/205/2024	EPI_ISL_19234217	MDCK1	Childrens Hospital Westmead	24/5/2024	may	NA	Australia
A/Sydney/204/2024_may	A/Sydney/204/2024	EPI_ISL_19234216	SIAT1	Childrens Hospital Westmead	24/5/2024	may	NA	Australia
A/Victoria/521/2024_may	A/Victoria/521/2024	EPI_ISL_19234213	SIAT1	Royal Chidrens Hospital	24/5/2024	may	NA	Australia
A/Sydney/202/2024_may	A/Sydney/202/2024	EPI_ISL_19234210	SIAT1	Childrens Hospital Westmead	20/5/2024	may	NA	Australia
A/Victoria/482/2024_may	A/Victoria/482/2024	EPI_ISL_19234206	SIAT2	Royal Chidrens Hospital	17/5/2024	may	NA	Australia
A/Victoria/456/2024_may	A/Victoria/456/2024	EPI_ISL_19234204	SIAT1	Alfred Hospital	13/5/2024	may	NA	Australia
A/Victoria/471/2024_may	A/Victoria/471/2024	EPI_ISL_19234203	SIAT2	Royal Chidrens Hospital	7/5/2024	may	NA	Australia
A/Victoria/662/2024_may	A/Victoria/662/2024	EPI_ISL_19234202	MDCK1	VIC - Australian Clinical Labs (ACL) - Geelong	27/5/2024	may	NA	Australia
A/Victoria/661/2024_may	A/Victoria/661/2024	EPI_ISL_19234201	MDCK1	VIC - Australian Clinical Labs (ACL) - Geelong	28/5/2024	may	NA	Australia
A/Victoria/435/2024_may	A/Victoria/435/2024	EPI_ISL_19234200	SIAT1	Royal Melbourne Hospital	21/5/2024	may	NA	Australia
A/Victoria/426/2024_may	A/Victoria/426/2024	EPI_ISL_19234198	SIAT1	Royal Melbourne Hospital	17/5/2024	may	NA	Australia
A/Victoria/185/2024_apr	A/Victoria/185/2024	EPI_ISL_19218283	SIAT1	VIC - Australian Clinical Labs (ACL) - Geelong	9/4/2024	apr	NA	Australia
A/Victoria/419/2024_may	A/Victoria/419/2024	EPI_ISL_19218281	MDCK2	VIC - Australian Clinical Labs (ACL) - Geelong	12/5/2024	may	NA	Australia
A/Victoria/496/2024_may	A/Victoria/496/2024	EPI_ISL_19218273	SIAT1	Austin Health	11/5/2024	may	NA	Australia
A/Victoria/391/2024_may	A/Victoria/391/2024	EPI_ISL_19218268	SIAT1	Alfred Hospital	11/5/2024	may	NA	Australia
A/Perth/751/2024_may	A/Perth/751/2024	EPI_ISL_19218264	MDCK2	Pathwest QE II Medical Centre	6/5/2024	may	NA	Australia
A/Darwin/629/2024_may	A/Darwin/629/2024	EPI_ISL_19218263	MDCK1	Royal Darwin Hospital	13/5/2024	may	NA	Australia
A/Darwin/659/2024_may	A/Darwin/659/2024	EPI_ISL_19218261	SIAT1	Royal Darwin Hospital	12/5/2024	may	NA	Australia
A/Timor-Leste/246/2024_jan	A/Timor-Leste/246/2024	EPI_ISL_19218241	SIAT1	Laboratório Nacional da Saúde	5/1/2024	jan	NA	Australia
A/Brunei/191/2023_dec	A/Brunei/191/2023	EPI_ISL_19218232	MDCK1	"R.I.P.A.S. Hospital, Department of Laboratory Services"	16/12/2023	dec	NA	Australia
A/Perth/754/2024_may	A/Perth/754/2024	EPI_ISL_19218229	MDCK1	Pathwest QE II Medical Centre	12/5/2024	may	NA	Australia
A/Perth/753/2024_may	A/Perth/753/2024	EPI_ISL_19218228	MDCK1	Pathwest QE II Medical Centre	9/5/2024	may	NA	Australia
A/Perth/750/2024_may	A/Perth/750/2024	EPI_ISL_19218227	MDCK1	Pathwest QE II Medical Centre	1/5/2024	may	NA	Australia
A/Perth/749/2024_apr	A/Perth/749/2024	EPI_ISL_19218226	MDCK1	Pathwest QE II Medical Centre	26/4/2024	apr	NA	Australia
A/Perth/745/2024_apr	A/Perth/745/2024	EPI_ISL_19218223	MDCK1	Pathwest QE II Medical Centre	19/4/2024	apr	NA	Australia
A/Darwin/819/2024_may	A/Darwin/819/2024	EPI_ISL_19218222	SIAT1	Royal Darwin Hospital	23/5/2024	may	NA	Australia
A/Victoria/382/2024_may	A/Victoria/382/2024	EPI_ISL_19218217	SIAT1	Monash Medical Centre	9/5/2024	may	NA	Australia
A/Victoria/520/2024_may	A/Victoria/520/2024	EPI_ISL_19218215	SIAT1	Royal Chidrens Hospital	23/5/2024	may	NA	Australia
A/Victoria/518/2024_apr	A/Victoria/518/2024	EPI_ISL_19218214	SIAT1	Royal Chidrens Hospital	22/4/2024	apr	NA	Australia
A/Victoria/517/2024_may	A/Victoria/517/2024	EPI_ISL_19218213	SIAT1	Royal Chidrens Hospital	21/5/2024	may	NA	Australia
A/Victoria/512/2024_may	A/Victoria/512/2024	EPI_ISL_19218212	SIAT1	Royal Chidrens Hospital	20/5/2024	may	NA	Australia
A/Sydney/177/2024_may	A/Sydney/177/2024	EPI_ISL_19218210	MDCK1	Childrens Hospital Westmead	15/5/2024	may	NA	Australia
A/Sydney/175/2024_may	A/Sydney/175/2024	EPI_ISL_19218209	SIAT1	Childrens Hospital Westmead	14/5/2024	may	NA	Australia
A/Victoria/480/2024_may	A/Victoria/480/2024	EPI_ISL_19218208	SIAT1	Royal Chidrens Hospital	16/5/2024	may	NA	Australia
A/Sydney/174/2024_may	A/Sydney/174/2024	EPI_ISL_19218207	MDCK1	Childrens Hospital Westmead	14/5/2024	may	NA	Australia
A/Sydney/173/2024_may	A/Sydney/173/2024	EPI_ISL_19218206	MDCK1	Childrens Hospital Westmead	13/5/2024	may	NA	Australia
A/Victoria/476/2024_may	A/Victoria/476/2024	EPI_ISL_19218205	SIAT1	Royal Chidrens Hospital	14/5/2024	may	NA	Australia
A/Darwin/370/2024_e_apr	A/Darwin/370/2024	EPI_ISL_19218197	E2	Royal Darwin Hospital	26/4/2024	apr	Egg	Australia
A/Tasmania/97/2024_o_may	A/Tasmania/97/2024	EPI_ISL_19209576	ORIGINAL	Royal Hobart Hospital	16/5/2024	may	Original - o	Australia
A/Tasmania/96/2024_o_may	A/Tasmania/96/2024	EPI_ISL_19209575	ORIGINAL	Royal Hobart Hospital	15/5/2024	may	Original - o	Australia
A/Tasmania/93/2024_o_may	A/Tasmania/93/2024	EPI_ISL_19209574	ORIGINAL	Royal Hobart Hospital	11/5/2024	may	Original - o	Australia
A/Victoria/504/2024_o_may	A/Victoria/504/2024	EPI_ISL_19209573	ORIGINAL	Austin Health	7/5/2024	may	Original - o	Australia
A/Darwin/779/2024_o_may	A/Darwin/779/2024	EPI_ISL_19209572	ORIGINAL	Royal Darwin Hospital	26/5/2024	may	Original - o	Australia
A/South_Australia/63/2024_o_apr	A/South_Australia/63/2024	EPI_ISL_19209569	ORIGINAL	Institute of Medical and Veterinary Science (IMVS)	20/4/2024	apr	Original - o	Australia
A/Darwin/870/2024_o_may	A/Darwin/870/2024	EPI_ISL_19209568	ORIGINAL	Royal Darwin Hospital	22/5/2024	may	Original - o	Australia
A/Victoria/470/2024_o_may	A/Victoria/470/2024	EPI_ISL_19209566	ORIGINAL	Royal Chidrens Hospital	6/5/2024	may	Original - o	Australia
A/Sydney/167/2024_o_apr	A/Sydney/167/2024	EPI_ISL_19209563	ORIGINAL	Childrens Hospital Westmead	27/4/2024	apr	Original - o	Australia
A/Sydney/158/2024_o_apr	A/Sydney/158/2024	EPI_ISL_19209562	ORIGINAL	Childrens Hospital Westmead	16/4/2024	apr	Original - o	Australia
A/Victoria/275/2024_o_apr	A/Victoria/275/2024	EPI_ISL_19209560	ORIGINAL	Monash Medical Centre	22/4/2024	apr	Original - o	Australia
A/Victoria/374/2024_o_may	A/Victoria/374/2024	EPI_ISL_19209557	ORIGINAL	Monash Medical Centre	2/5/2024	may	Original - o	Australia
A/Canberra/126/2024_o_apr	A/Canberra/126/2024	EPI_ISL_19209553	ORIGINAL	Canberra Hospital	22/4/2024	apr	Original - o	Australia
A/Victoria/418/2024_o_may	A/Victoria/418/2024	EPI_ISL_19209551	ORIGINAL	VIC - Australian Clinical Labs (ACL) - Geelong	10/5/2024	may	Original - o	Australia
A/Townsville/1/2024_o_apr	A/Townsville/1/2024	EPI_ISL_19209550	ORIGINAL	Institute of Medical and Veterinary Science (IMVS)	22/4/2024	apr	Original - o	Australia
A/Sydney/118/2024_o_mar	A/Sydney/118/2024	EPI_ISL_19209547	ORIGINAL	Institute of Medical and Veterinary Science (IMVS)	25/3/2024	mar	Original - o	Australia
A/Sydney/131/2024_o_apr	A/Sydney/131/2024	EPI_ISL_19209544	ORIGINAL	"Clinical Virology Unit, CDIM"	21/4/2024	apr	Original - o	Australia
A/South_Australia/32x_/2023_feb	A/South_Australia/32x_/2023	EPI_ISL_19185366	NA	Institute of Medical and Veterinary Science (IMVS)	8/2/2023	feb	NA	Australia
A/South_Australia/33A/2023_feb	A/South_Australia/33A/2023	EPI_ISL_19185363	SIAT1	Institute of Medical and Veterinary Science (IMVS)	6/2/2023	feb	NA	Australia
A/South_Australia/32/2023_feb	A/South_Australia/32/2023	EPI_ISL_19185360	NA	Institute of Medical and Veterinary Science (IMVS)	8/2/2023	feb	NA	Australia
A/Canberra/34/2024_q_jan	A/Canberra/34/2024	EPI_ISL_19164290	QMC2	Canberra Hospital	26/1/2024	jan	QMC	Australia
A/Victoria/32/2024_q_jan	A/Victoria/32/2024	EPI_ISL_19164289	QMC2	Royal Chidrens Hospital	20/1/2024	jan	QMC	Australia
A/Canberra/4/2024_q_jan	A/Canberra/4/2024	EPI_ISL_19164288	QMC2	Canberra Hospital	3/1/2024	jan	QMC	Australia
A/Singapore/NUH1275/2023_q_dec	A/Singapore/NUH1275/2023	EPI_ISL_19164287	QMC2	"Ministry of Health, Singapore"	12/12/2023	dec	QMC	Australia
A/Singapore/KK2509/2023_q_oct	A/Singapore/KK2509/2023	EPI_ISL_19164286	QMC2	"Ministry of Health, Singapore"	26/10/2023	oct	QMC	Australia
A/Timor-Leste/53/2023_dec	A/Timor-Leste/53/2023	EPI_ISL_19155963	MDCK1	Laboratório Nacional da Saúde	22/12/2023	dec	NA	Australia
A/Timor-Leste/46/2023_nov	A/Timor-Leste/46/2023	EPI_ISL_19155962	MDCK1	Laboratório Nacional da Saúde	17/11/2023	nov	NA	Australia
A/Darwin/254/2024_apr	A/Darwin/254/2024	EPI_ISL_19155948	SIAT1	Royal Darwin Hospital	13/4/2024	apr	NA	Australia
A/Tasmania/34/2024_mar	A/Tasmania/34/2024	EPI_ISL_19155947	SIAT1	Royal Hobart Hospital	8/3/2024	mar	NA	Australia
A/Perth/702/2024_jan	A/Perth/702/2024	EPI_ISL_19155946	"X, MDCK1"	Pathwest QE II Medical Centre	14/1/2024	jan	NA	Australia
A/Darwin/91/2024_apr	A/Darwin/91/2024	EPI_ISL_19155945	SIAT1	Royal Darwin Hospital	8/4/2024	apr	NA	Australia
A/Tasmania/47/2024_mar	A/Tasmania/47/2024	EPI_ISL_19155944	SIAT1	Royal Hobart Hospital	29/3/2024	mar	NA	Australia
A/South_Australia/50/2024_mar	A/South_Australia/50/2024	EPI_ISL_19155943	SIAT1	Institute of Medical and Veterinary Science (IMVS)	18/3/2024	mar	NA	Australia
A/Darwin/261/2024_apr	A/Darwin/261/2024	EPI_ISL_19155942	SIAT1	Royal Darwin Hospital	15/4/2024	apr	NA	Australia
A/Tasmania/55/2024_apr	A/Tasmania/55/2024	EPI_ISL_19155941	SIAT1	Royal Hobart Hospital	1/4/2024	apr	NA	Australia
A/Victoria/162/2024_mar	A/Victoria/162/2024	EPI_ISL_19155931	SIAT1	Royal Chidrens Hospital	27/3/2024	mar	NA	Australia
A/Victoria/192/2024_apr	A/Victoria/192/2024	EPI_ISL_19155930	SIAT1	Royal Melbourne Hospital	15/4/2024	apr	NA	Australia
A/Darwin/260A/2024_apr	A/Darwin/260A/2024	EPI_ISL_19155929	SIAT1	Royal Darwin Hospital	13/4/2024	apr	NA	Australia
A/Darwin/262/2024_apr	A/Darwin/262/2024	EPI_ISL_19155928	SIAT1	Royal Darwin Hospital	15/4/2024	apr	NA	Australia
A/Tasmania/69/2024_apr	A/Tasmania/69/2024	EPI_ISL_19155925	SIAT1	Royal Hobart Hospital	8/4/2024	apr	NA	Australia
A/Tasmania/65/2024_apr	A/Tasmania/65/2024	EPI_ISL_19155924	SIAT1	Royal Hobart Hospital	7/4/2024	apr	NA	Australia
A/Tasmania/64/2024_apr	A/Tasmania/64/2024	EPI_ISL_19155923	SIAT1	Royal Hobart Hospital	7/4/2024	apr	NA	Australia
A/Tasmania/61/2024_apr	A/Tasmania/61/2024	EPI_ISL_19155922	SIAT1	Royal Hobart Hospital	5/4/2024	apr	NA	Australia
A/Tasmania/62/2024_apr	A/Tasmania/62/2024	EPI_ISL_19155921	SIAT1	Royal Hobart Hospital	6/4/2024	apr	NA	Australia
A/Victoria/200/2024_apr	A/Victoria/200/2024	EPI_ISL_19155919	SIAT1	Monash Medical Centre	5/4/2024	apr	NA	Australia
A/Sydney/115/2024_apr	A/Sydney/115/2024	EPI_ISL_19155917	SIAT1	Childrens Hospital Westmead	13/4/2024	apr	NA	Australia
A/Sydney/114/2024_apr	A/Sydney/114/2024	EPI_ISL_19155916	SIAT1	Childrens Hospital Westmead	13/4/2024	apr	NA	Australia
A/Sydney/113/2024_apr	A/Sydney/113/2024	EPI_ISL_19155914	MDCK1	Childrens Hospital Westmead	11/4/2024	apr	NA	Australia
A/Sydney/112/2024_apr	A/Sydney/112/2024	EPI_ISL_19155913	SIAT1	Childrens Hospital Westmead	9/4/2024	apr	NA	Australia
A/Sydney/111/2024_apr	A/Sydney/111/2024	EPI_ISL_19155912	MDCK1	Childrens Hospital Westmead	9/4/2024	apr	NA	Australia
A/Victoria/178/2024_apr	A/Victoria/178/2024	EPI_ISL_19155907	SIAT1	Royal Chidrens Hospital	5/4/2024	apr	NA	Australia
A/Victoria/175/2024_apr	A/Victoria/175/2024	EPI_ISL_19155906	SIAT1	Royal Chidrens Hospital	3/4/2024	apr	NA	Australia
A/Victoria/176/2024_apr	A/Victoria/176/2024	EPI_ISL_19155905	SIAT1	Royal Chidrens Hospital	3/4/2024	apr	NA	Australia
A/Victoria/209/2024_apr	A/Victoria/209/2024	EPI_ISL_19155904	MDCK1	VIC - Australian Clinical Labs (ACL) - Geelong	13/4/2024	apr	NA	Australia
A/Victoria/208/2024_apr	A/Victoria/208/2024	EPI_ISL_19155903	MDCK1	VIC - Australian Clinical Labs (ACL) - Geelong	16/4/2024	apr	NA	Australia
A/Victoria/229/2024_apr	A/Victoria/229/2024	EPI_ISL_19155901	SIAT1	Royal Melbourne Hospital	22/4/2024	apr	NA	Australia
A/Victoria/222/2024_apr	A/Victoria/222/2024	EPI_ISL_19155899	SIAT1	Royal Melbourne Hospital	18/4/2024	apr	NA	Australia
A/Victoria/170/2024_apr	A/Victoria/170/2024	EPI_ISL_19155898	SIAT2	Royal Melbourne Hospital	7/4/2024	apr	NA	Australia
A/Darwin/209/2024_apr	A/Darwin/209/2024	EPI_ISL_19155897	SIAT1	Royal Darwin Hospital	10/4/2024	apr	NA	Australia
A/Darwin/240/2024_apr	A/Darwin/240/2024	EPI_ISL_19155895	SIAT1	Royal Darwin Hospital	12/4/2024	apr	NA	Australia
A/Darwin/129/2024_apr	A/Darwin/129/2024	EPI_ISL_19155890	SIAT1	Royal Darwin Hospital	2/4/2024	apr	NA	Australia
A/Victoria/322/2024_apr	A/Victoria/322/2024	EPI_ISL_19155889	SIAT1	VIC - Australian Clinical Labs (ACL) - Geelong	12/4/2024	apr	NA	Australia
A/Victoria/184/2024_apr	A/Victoria/184/2024	EPI_ISL_19155888	SIAT1	VIC - Australian Clinical Labs (ACL) - Geelong	3/4/2024	apr	NA	Australia
A/Victoria/186/2024_apr	A/Victoria/186/2024	EPI_ISL_19155887	SIAT1	VIC - Australian Clinical Labs (ACL) - Geelong	1/4/2024	apr	NA	Australia
A/Victoria/190/2024_apr	A/Victoria/190/2024	EPI_ISL_19155886	SIAT1	Royal Melbourne Hospital	14/4/2024	apr	NA	Australia
A/Victoria/189/2024_apr	A/Victoria/189/2024	EPI_ISL_19155885	SIAT1	Royal Melbourne Hospital	12/4/2024	apr	NA	Australia
A/Victoria/174/2024_apr	A/Victoria/174/2024	EPI_ISL_19155884	SIAT1	Royal Melbourne Hospital	7/4/2024	apr	NA	Australia
A/Brisbane/42/2024_mar	A/Brisbane/42/2024	EPI_ISL_19155883	SIAT2	Institute of Medical and Veterinary Science (IMVS)	18/3/2024	mar	NA	Australia
A/Tasmania/52/2024_apr	A/Tasmania/52/2024	EPI_ISL_19155882	SIAT1	Royal Hobart Hospital	3/4/2024	apr	NA	Australia
A/Singapore/NTF0195/2023_nov	A/Singapore/NTF0195/2023	EPI_ISL_19155881	"MDCK1, MDCK1"	"Ministry of Health, Singapore"	13/11/2023	nov	NA	Australia
A/Victoria/102/2024_e_feb	A/Victoria/102/2024	EPI_ISL_19138830	E3	Royal Melbourne Hospital	22/2/2024	feb	Egg	Australia
A/South_Australia/27/2024_e_feb	A/South_Australia/27/2024	EPI_ISL_19138829	E2	SA Pathology	21/2/2024	feb	Egg	Australia
A/Canberra/107/2024_mar	A/Canberra/107/2024	EPI_ISL_19074215	SIAT1	Canberra Hospital	26/3/2024	mar	NA	Australia
A/Canberra/101/2024_mar	A/Canberra/101/2024	EPI_ISL_19074213	SIAT1	Canberra Hospital	19/3/2024	mar	NA	Australia
A/South_Australia/46/2024_mar	A/South_Australia/46/2024	EPI_ISL_19074212	SIAT1	Institute of Medical and Veterinary Science (IMVS)	19/3/2024	mar	NA	Australia
A/Victoria/100/2024_feb	A/Victoria/100/2024	EPI_ISL_19074210	SIAT1	Royal Melbourne Hospital	23/2/2024	feb	NA	Australia
A/Tasmania/23/2024_feb	A/Tasmania/23/2024	EPI_ISL_19074209	SIAT1	Royal Hobart Hospital	6/2/2024	feb	NA	Australia
A/Sydney/37/2024_jan	A/Sydney/37/2024	EPI_ISL_19074207	MDCK1	"Clinical Virology Unit, CDIM"	11/1/2024	jan	NA	Australia
A/Darwin/140/2024_apr	A/Darwin/140/2024	EPI_ISL_19074205	SIAT1	Royal Darwin Hospital	4/4/2024	apr	NA	Australia
A/Canberra/105/2024_mar	A/Canberra/105/2024	EPI_ISL_19074203	SIAT1	Canberra Hospital	24/3/2024	mar	NA	Australia
A/South_Australia/42/2024_mar	A/South_Australia/42/2024	EPI_ISL_19074202	SIAT1	Institute of Medical and Veterinary Science (IMVS)	16/3/2024	mar	NA	Australia
A/Canberra/103/2024_mar	A/Canberra/103/2024	EPI_ISL_19074200	SIAT1	Canberra Hospital	20/3/2024	mar	NA	Australia
A/Darwin/68/2024_mar	A/Darwin/68/2024	EPI_ISL_19074197	SIAT1	Royal Darwin Hospital	31/3/2024	mar	NA	Australia
A/Brisbane/31/2024_feb	A/Brisbane/31/2024	EPI_ISL_19074194	MDCK1	Queensland Health Forensic and Scientific Services	10/2/2024	feb	NA	Australia
A/Brisbane/35/2024_feb	A/Brisbane/35/2024	EPI_ISL_19074193	MDCK1	Queensland Health Forensic and Scientific Services	11/2/2024	feb	NA	Australia
A/Victoria/142/2024_mar	A/Victoria/142/2024	EPI_ISL_19074192	SIAT2	Royal Melbourne Hospital	18/3/2024	mar	NA	Australia
A/Darwin/103/2024_apr	A/Darwin/103/2024	EPI_ISL_19074188	SIAT1	Royal Darwin Hospital	7/4/2024	apr	NA	Australia
A/Darwin/98/2024_apr	A/Darwin/98/2024	EPI_ISL_19074187	SIAT1	Royal Darwin Hospital	7/4/2024	apr	NA	Australia
A/Darwin/139/2024_apr	A/Darwin/139/2024	EPI_ISL_19074180	SIAT1	Royal Darwin Hospital	5/4/2024	apr	NA	Australia
A/Darwin/117/2024_apr	A/Darwin/117/2024	EPI_ISL_19074178	SIAT1	Royal Darwin Hospital	5/4/2024	apr	NA	Australia
A/Sydney/107/2024_mar	A/Sydney/107/2024	EPI_ISL_19074176	SIAT1	Institute of Medical and Veterinary Science (IMVS)	12/3/2024	mar	NA	Australia
A/Victoria/161/2024_mar	A/Victoria/161/2024	EPI_ISL_19074175	SIAT1	Royal Chidrens Hospital	26/3/2024	mar	NA	Australia
A/Canberra/106/2024_mar	A/Canberra/106/2024	EPI_ISL_19074174	SIAT1	Canberra Hospital	25/3/2024	mar	NA	Australia
A/Canberra/109/2024_mar	A/Canberra/109/2024	EPI_ISL_19074173	SIAT1	Canberra Hospital	27/3/2024	mar	NA	Australia
A/South_Australia/49/2024_mar	A/South_Australia/49/2024	EPI_ISL_19074172	SIAT1	Institute of Medical and Veterinary Science (IMVS)	23/3/2024	mar	NA	Australia
A/Sydney/108/2024_mar	A/Sydney/108/2024	EPI_ISL_19074170	SIAT1	Institute of Medical and Veterinary Science (IMVS)	12/3/2024	mar	NA	Australia
A/South_Australia/47/2024_mar	A/South_Australia/47/2024	EPI_ISL_19074168	SIAT1	Institute of Medical and Veterinary Science (IMVS)	20/3/2024	mar	NA	Australia
A/Darwin/55/2024_mar	A/Darwin/55/2024	EPI_ISL_19074166	SIAT1	Royal Darwin Hospital	26/3/2024	mar	NA	Australia
A/Victoria/157/2024_mar	A/Victoria/157/2024	EPI_ISL_19074165	SIAT1	Royal Chidrens Hospital	15/3/2024	mar	NA	Australia
A/Victoria/151/2024_mar	A/Victoria/151/2024	EPI_ISL_19074164	SIAT1	Royal Chidrens Hospital	9/3/2024	mar	NA	Australia
A/South_Australia/41/2024_mar	A/South_Australia/41/2024	EPI_ISL_19074163	SIAT1	Institute of Medical and Veterinary Science (IMVS)	22/3/2024	mar	NA	Australia
A/Brisbane/34/2024_feb	A/Brisbane/34/2024	EPI_ISL_19074154	MDCK1	Queensland Health Forensic and Scientific Services	13/2/2024	feb	NA	Australia
A/Darwin/48/2024_mar	A/Darwin/48/2024	EPI_ISL_19074153	SIAT1	Royal Darwin Hospital	21/3/2024	mar	NA	Australia
A/Malaysia/RP1636/2023_jan	A/Malaysia/RP1636/2023	EPI_ISL_19074152	SIAT1	Institut Penyelidikan Perubatan	2023	jan	NA	Australia
A/Victoria/163/2024_mar	A/Victoria/163/2024	EPI_ISL_19074150	SIAT1	Royal Melbourne Hospital	25/3/2024	mar	NA	Australia
A/Tasmania/340/2023_sep	A/Tasmania/340/2023	EPI_ISL_19050283	MDCK2	Royal Hobart Hospital	5/9/2023	sep	NA	Australia
A/Victoria/2724/2023_sep	A/Victoria/2724/2023	EPI_ISL_19050282	MDCK1	Royal Melbourne Hospital	12/9/2023	sep	NA	Australia
A/Brisbane/317/2023_may	A/Brisbane/317/2023	EPI_ISL_19050280	MDCK2	Queensland Children's Hospital	25/5/2023	may	NA	Australia
A/Sydney/653/2023_jul	A/Sydney/653/2023	EPI_ISL_19050279	MDCK1	Childrens Hospital Westmead	13/7/2023	jul	NA	Australia
A/Tasmania/244/2023_jun	A/Tasmania/244/2023	EPI_ISL_19050278	MDCK1	Royal Hobart Hospital	30/6/2023	jun	NA	Australia
SAN-028_(A/Sydney/44/2023)_jan	SAN-028_(A/Sydney/44/2023)	EPI_ISL_19050276	NA	"Sanofi Pasteur, Inc."	2023	jan	NA	Australia
A/Cambodia/h2509371/2023_sep	A/Cambodia/h2509371/2023	EPI_ISL_19050268	"SIAT2, MDCK1"	Institute Pasteur du Cambodia	11/9/2023	sep	NA	Australia
A/Cambodia/h2509364/2023_aug	A/Cambodia/h2509364/2023	EPI_ISL_19050267	"SIAT2, MDCK1"	Institute Pasteur du Cambodia	24/8/2023	aug	NA	Australia
A/Cambodia/h2509362/2023_aug	A/Cambodia/h2509362/2023	EPI_ISL_19050266	"SIAT3, MDCK1"	Institute Pasteur du Cambodia	22/8/2023	aug	NA	Australia
A/Cambodia/h0822378/2023_aug	A/Cambodia/h0822378/2023	EPI_ISL_19050265	"SIAT3, MDCK1"	Institute Pasteur du Cambodia	14/8/2023	aug	NA	Australia
A/Cambodia/h0822370/2023_aug	A/Cambodia/h0822370/2023	EPI_ISL_19050264	"SIAT3, MDCK1"	Institute Pasteur du Cambodia	7/8/2023	aug	NA	Australia
A/Cambodia/h0822374/2023_aug	A/Cambodia/h0822374/2023	EPI_ISL_19050263	"SIAT3, MDCK1"	Institute Pasteur du Cambodia	7/8/2023	aug	NA	Australia
A/Cambodia/h0822366/2023_aug	A/Cambodia/h0822366/2023	EPI_ISL_19050262	"SIAT3, MDCK1"	Institute Pasteur du Cambodia	4/8/2023	aug	NA	Australia
A/Cambodia/h0822363/2023_aug	A/Cambodia/h0822363/2023	EPI_ISL_19050261	"SIAT3, MDCK1"	Institute Pasteur du Cambodia	1/8/2023	aug	NA	Australia
A/Cambodia/h0802380/2023_jul	A/Cambodia/h0802380/2023	EPI_ISL_19050260	"SIAT1, MDCK1"	Institute Pasteur du Cambodia	23/7/2023	jul	NA	Australia
A/Cambodia/h0719382/2023_jul	A/Cambodia/h0719382/2023	EPI_ISL_19050259	"SIAT1, MDCK1"	Institute Pasteur du Cambodia	13/7/2023	jul	NA	Australia
A/Cambodia/h0802373/2023_jul	A/Cambodia/h0802373/2023	EPI_ISL_19050258	"SIAT1, MDCK1"	Institute Pasteur du Cambodia	11/7/2023	jul	NA	Australia
A/Cambodia/h0802370/2023_jul	A/Cambodia/h0802370/2023	EPI_ISL_19050257	"SIAT1, MDCK1"	Institute Pasteur du Cambodia	7/7/2023	jul	NA	Australia
A/Cambodia/h0719372/2023_jul	A/Cambodia/h0719372/2023	EPI_ISL_19050255	"SIAT1, MDCK1"	Institute Pasteur du Cambodia	6/7/2023	jul	NA	Australia
A/Cambodia/h0719364/2023_jul	A/Cambodia/h0719364/2023	EPI_ISL_19050254	"SIAT1, MDCK1"	Institute Pasteur du Cambodia	5/7/2023	jul	NA	Australia
A/Cambodia/h0802368/2023_jul	A/Cambodia/h0802368/2023	EPI_ISL_19050253	"SIAT1, MDCK1"	Institute Pasteur du Cambodia	4/7/2023	jul	NA	Australia
A/Cambodia/h0627363/2023_jun	A/Cambodia/h0627363/2023	EPI_ISL_19050252	"SIAT1, MDCK1"	Institute Pasteur du Cambodia	20/6/2023	jun	NA	Australia
A/Cambodia/h0508001/2023_may	A/Cambodia/h0508001/2023	EPI_ISL_19050251	"SIAT3, MDCK1"	Institute Pasteur du Cambodia	6/5/2023	may	NA	Australia
A/Cambodia/h0516364/2023_may	A/Cambodia/h0516364/2023	EPI_ISL_19050250	"SIAT1, MDCK1"	Institute Pasteur du Cambodia	5/5/2023	may	NA	Australia
A/Cambodia/h0425363/2023_apr	A/Cambodia/h0425363/2023	EPI_ISL_19050249	"SIAT1, MDCK1"	Institute Pasteur du Cambodia	17/4/2023	apr	NA	Australia
A/Cambodia/h0412372/2023_apr	A/Cambodia/h0412372/2023	EPI_ISL_19050248	"SIAT1, MDCK1"	Institute Pasteur du Cambodia	3/4/2023	apr	NA	Australia
A/Cambodia/h0222361/2023_feb	A/Cambodia/h0222361/2023	EPI_ISL_19050247	"SIAT1, MDCK1"	Institute Pasteur du Cambodia	14/2/2023	feb	NA	Australia
A/Cambodia/h0224363/2023_feb	A/Cambodia/h0224363/2023	EPI_ISL_19050246	"SIAT1, MDCK1"	Institute Pasteur du Cambodia	10/2/2023	feb	NA	Australia
A/Malaysia/RP1318/2023_jan	A/Malaysia/RP1318/2023	EPI_ISL_19050240	SIAT1	Institut Penyelidikan Perubatan	2023	jan	NA	Australia
A/Malaysia/RP1634/2023_jan	A/Malaysia/RP1634/2023	EPI_ISL_19050239	SIAT1	Institut Penyelidikan Perubatan	2023	jan	NA	Australia
A/Malaysia/RP1621/2023_jan	A/Malaysia/RP1621/2023	EPI_ISL_19050238	SIAT1	Institut Penyelidikan Perubatan	2023	jan	NA	Australia
A/Malaysia/RP1625/2023_jan	A/Malaysia/RP1625/2023	EPI_ISL_19050237	SIAT1	Institut Penyelidikan Perubatan	2023	jan	NA	Australia
A/Malaysia/RP0642/2023_feb	A/Malaysia/RP0642/2023	EPI_ISL_19050236	MDCK2	Institut Penyelidikan Perubatan	8/2/2023	feb	NA	Australia
A/Malaysia/RP1142/2023_jan	A/Malaysia/RP1142/2023	EPI_ISL_19050235	SIAT1	Institut Penyelidikan Perubatan	2023	jan	NA	Australia
A/Malaysia/RP1147/2023_jan	A/Malaysia/RP1147/2023	EPI_ISL_19050234	SIAT1	Institut Penyelidikan Perubatan	2023	jan	NA	Australia
A/Canberra/96/2024_mar	A/Canberra/96/2024	EPI_ISL_19050225	SIAT1	Canberra Hospital	12/3/2024	mar	NA	Australia
A/Canberra/95/2024_mar	A/Canberra/95/2024	EPI_ISL_19050221	SIAT1	Canberra Hospital	12/3/2024	mar	NA	Australia
A/Canberra/84/2024_mar	A/Canberra/84/2024	EPI_ISL_19050220	SIAT1	Canberra Hospital	9/3/2024	mar	NA	Australia
A/Canberra/81/2024_mar	A/Canberra/81/2024	EPI_ISL_19050214	SIAT1	Canberra Hospital	5/3/2024	mar	NA	Australia
A/Canberra/92/2024_mar	A/Canberra/92/2024	EPI_ISL_19050211	SIAT1	Canberra Hospital	10/3/2024	mar	NA	Australia
A/Canberra/99/2024_mar	A/Canberra/99/2024	EPI_ISL_19050210	SIAT1	Canberra Hospital	13/3/2024	mar	NA	Australia
A/Victoria/140/2024_mar	A/Victoria/140/2024	EPI_ISL_19050207	SIAT1	Royal Melbourne Hospital	17/3/2024	mar	NA	Australia
A/Canberra/57/2024_feb	A/Canberra/57/2024	EPI_ISL_19050202	SIAT1	Canberra Hospital	19/2/2024	feb	NA	Australia
A/Darwin/35/2024_mar	A/Darwin/35/2024	EPI_ISL_19050201	SIAT1	Royal Darwin Hospital	6/3/2024	mar	NA	Australia
A/Darwin/28/2024_mar	A/Darwin/28/2024	EPI_ISL_19050200	SIAT1	Royal Darwin Hospital	4/3/2024	mar	NA	Australia
A/Victoria/85/2024_feb	A/Victoria/85/2024	EPI_ISL_19050199	SIAT1	Royal Chidrens Hospital	11/2/2024	feb	NA	Australia
A/Victoria/132/2024_mar	A/Victoria/132/2024	EPI_ISL_19050198	SIAT1	Royal Melbourne Hospital	12/3/2024	mar	NA	Australia
A/Victoria/133/2024_mar	A/Victoria/133/2024	EPI_ISL_19050197	SIAT1	Royal Melbourne Hospital	10/3/2024	mar	NA	Australia
A/Victoria/123/2024_mar	A/Victoria/123/2024	EPI_ISL_19050196	SIAT1	Royal Melbourne Hospital	1/3/2024	mar	NA	Australia
A/Victoria/126/2024_mar	A/Victoria/126/2024	EPI_ISL_19050195	SIAT1	Royal Melbourne Hospital	4/3/2024	mar	NA	Australia
A/Tasmania/24/2024_feb	A/Tasmania/24/2024	EPI_ISL_19050194	SIAT1	Royal Hobart Hospital	7/2/2024	feb	NA	Australia
A/South_Australia/24/2024_feb	A/South_Australia/24/2024	EPI_ISL_19050193	SIAT1	Institute of Medical and Veterinary Science (IMVS)	6/2/2024	feb	NA	Australia
A/Victoria/116/2024_feb	A/Victoria/116/2024	EPI_ISL_19025372	SIAT1	Royal Chidrens Hospital	29/2/2024	feb	NA	Australia
SAN-026_(A/Darwin/7/2023)_jan	SAN-026_(A/Darwin/7/2023)	EPI_ISL_19025371	"SIAT1, MDCK1"	"Sanofi Pasteur, Inc."	27/1/2023	jan	NA	Australia
A/Tasmania/27/2024_feb	A/Tasmania/27/2024	EPI_ISL_19025369	SIAT1	Royal Hobart Hospital	21/2/2024	feb	NA	Australia
A/Tasmania/8/2024_jan	A/Tasmania/8/2024	EPI_ISL_19025368	SIAT1	Royal Hobart Hospital	7/1/2024	jan	NA	Australia
A/Victoria/102/2024_feb	A/Victoria/102/2024	EPI_ISL_19025366	SIAT1	Royal Melbourne Hospital	22/2/2024	feb	NA	Australia
A/Victoria/66/2024_feb	A/Victoria/66/2024	EPI_ISL_19025365	SIAT2	Royal Melbourne Hospital	11/2/2024	feb	NA	Australia
A/Victoria/81/2024_feb	A/Victoria/81/2024	EPI_ISL_19025362	SIAT1	Royal Melbourne Hospital	15/2/2024	feb	NA	Australia
A/Victoria/73/2024_feb	A/Victoria/73/2024	EPI_ISL_19025360	SIAT1	Royal Melbourne Hospital	8/2/2024	feb	NA	Australia
A/Canberra/39/2024_feb	A/Canberra/39/2024	EPI_ISL_19025355	SIAT1	Canberra Hospital	2/2/2024	feb	NA	Australia
A/Brisbane/540/2023_oct	A/Brisbane/540/2023	EPI_ISL_19025354	MDCK1	Queensland Health Forensic and Scientific Services	18/10/2023	oct	NA	Australia
A/Malaysia/RP0943/2023_jan	A/Malaysia/RP0943/2023	EPI_ISL_19025353	"MDCK2, MDCK1"	Institut Penyelidikan Perubatan	2023	jan	NA	Australia
A/Darwin/701/2023_q_dec	A/Darwin/701/2023	EPI_ISL_19012956	QMC2	Royal Darwin Hospital	6/12/2023	dec	QMC	Australia
A/Darwin/317/2023_q_oct	A/Darwin/317/2023	EPI_ISL_19012948	QMC2	Royal Darwin Hospital	1/10/2023	oct	QMC	Australia
A/Darwin/375/2023_q_oct	A/Darwin/375/2023	EPI_ISL_19012947	QMC2	Royal Darwin Hospital	20/10/2023	oct	QMC	Australia
A/Darwin/515/2023_q_nov	A/Darwin/515/2023	EPI_ISL_19012941	QMC2	Royal Darwin Hospital	11/11/2023	nov	QMC	Australia
A/Darwin/512/2023_q_nov	A/Darwin/512/2023	EPI_ISL_19012940	QMC2	Royal Darwin Hospital	8/11/2023	nov	QMC	Australia
A/Darwin/507/2023_q_nov	A/Darwin/507/2023	EPI_ISL_19012939	QMC2	Royal Darwin Hospital	8/11/2023	nov	QMC	Australia
A/Solomon_Islands/2/2024_o_jan	A/Solomon_Islands/2/2024	EPI_ISL_18975411	ORIGINAL	National Referral Hospital	15/1/2024	jan	Original - o	Australia
A/Solomon_Islands/46/2023_o_dec	A/Solomon_Islands/46/2023	EPI_ISL_18975410	ORIGINAL	National Referral Hospital	26/12/2023	dec	Original - o	Australia
A/Solomon_Islands/45/2023_o_dec	A/Solomon_Islands/45/2023	EPI_ISL_18975409	ORIGINAL	National Referral Hospital	26/12/2023	dec	Original - o	Australia
A/Solomon_Islands/44/2023_o_dec	A/Solomon_Islands/44/2023	EPI_ISL_18975408	ORIGINAL	National Referral Hospital	25/12/2023	dec	Original - o	Australia
A/Solomon_Islands/43/2023_o_dec	A/Solomon_Islands/43/2023	EPI_ISL_18975407	ORIGINAL	National Referral Hospital	22/12/2023	dec	Original - o	Australia
A/Solomon_Islands/42/2023_o_dec	A/Solomon_Islands/42/2023	EPI_ISL_18975406	ORIGINAL	National Referral Hospital	21/12/2023	dec	Original - o	Australia
A/Solomon_Islands/36/2023_o_dec	A/Solomon_Islands/36/2023	EPI_ISL_18975405	ORIGINAL	National Referral Hospital	18/12/2023	dec	Original - o	Australia
A/Solomon_Islands/35/2023_o_dec	A/Solomon_Islands/35/2023	EPI_ISL_18975404	ORIGINAL	National Referral Hospital	18/12/2023	dec	Original - o	Australia
A/Solomon_Islands/34/2023_o_dec	A/Solomon_Islands/34/2023	EPI_ISL_18975403	ORIGINAL	National Referral Hospital	13/12/2023	dec	Original - o	Australia
A/Solomon_Islands/33/2023_o_dec	A/Solomon_Islands/33/2023	EPI_ISL_18975402	ORIGINAL	National Referral Hospital	13/12/2023	dec	Original - o	Australia
A/Solomon_Islands/32/2023_o_dec	A/Solomon_Islands/32/2023	EPI_ISL_18975401	ORIGINAL	National Referral Hospital	13/12/2023	dec	Original - o	Australia
A/Solomon_Islands/27/2023_o_dec	A/Solomon_Islands/27/2023	EPI_ISL_18975400	ORIGINAL	National Referral Hospital	7/12/2023	dec	Original - o	Australia
A/Solomon_Islands/26/2023_o_dec	A/Solomon_Islands/26/2023	EPI_ISL_18975399	ORIGINAL	National Referral Hospital	2/12/2023	dec	Original - o	Australia
A/Solomon_Islands/24/2023_o_dec	A/Solomon_Islands/24/2023	EPI_ISL_18975397	ORIGINAL	National Referral Hospital	1/12/2023	dec	Original - o	Australia
A/Solomon_Islands/22/2023_o_nov	A/Solomon_Islands/22/2023	EPI_ISL_18975396	ORIGINAL	National Referral Hospital	30/11/2023	nov	Original - o	Australia
A/Canberra/477/2023_o_dec	A/Canberra/477/2023	EPI_ISL_18975388	ORIGINAL	Canberra Hospital	27/12/2023	dec	Original - o	Australia
A/Perth/562C/2023_o_nov	A/Perth/562C/2023	EPI_ISL_18975387	ORIGINAL	Pathwest QE II Medical Centre	9/11/2023	nov	Original - o	Australia
A/Perth/562B/2023_o_nov	A/Perth/562B/2023	EPI_ISL_18975386	ORIGINAL	Pathwest QE II Medical Centre	8/11/2023	nov	Original - o	Australia
A/Perth/562a/2023_o_nov	A/Perth/562a/2023	EPI_ISL_18975385	ORIGINAL	Pathwest QE II Medical Centre	9/11/2023	nov	Original - o	Australia
A/Perth/562/2023_o_nov	A/Perth/562/2023	EPI_ISL_18975384	ORIGINAL	Pathwest QE II Medical Centre	8/11/2023	nov	Original - o	Australia
A/Canberra/3/2024_o_jan	A/Canberra/3/2024	EPI_ISL_18975383	ORIGINAL	Canberra Hospital	4/1/2024	jan	Original - o	Australia
A/Darwin/422/2023_e_nov	A/Darwin/422/2023	EPI_ISL_18955883	E4	Royal Darwin Hospital	4/11/2023	nov	Egg	Australia
A/Darwin/512/2023_e_nov	A/Darwin/512/2023	EPI_ISL_18955882	E3	Royal Darwin Hospital	8/11/2023	nov	Egg	Australia
A/Victoria/5172/2022_e_oct	A/Victoria/5172/2022	EPI_ISL_18955881	E3	4Cyte Pathology	25/10/2022	oct	Egg	Australia
A/Perth/631/2023_dec	A/Perth/631/2023	EPI_ISL_18955384	MDCK1	Pathwest QE II Medical Centre	7/12/2023	dec	NA	Australia
A/Perth/641/2023_dec	A/Perth/641/2023	EPI_ISL_18955382	MDCK1	Pathwest QE II Medical Centre	14/12/2023	dec	NA	Australia
A/Victoria/6/2024_jan	A/Victoria/6/2024	EPI_ISL_18955378	SIAT1	Royal Melbourne Hospital	1/1/2024	jan	NA	Australia
A/Canberra/23/2024_jan	A/Canberra/23/2024	EPI_ISL_18955374	SIAT1	Canberra Hospital	15/1/2024	jan	NA	Australia
A/Canberra/35/2024_jan	A/Canberra/35/2024	EPI_ISL_18955372	SIAT1	Canberra Hospital	29/1/2024	jan	NA	Australia
A/Canberra/34/2024_jan	A/Canberra/34/2024	EPI_ISL_18955370	SIAT1	Canberra Hospital	26/1/2024	jan	NA	Australia
A/Canberra/31/2024_jan	A/Canberra/31/2024	EPI_ISL_18955368	SIAT1	Canberra Hospital	24/1/2024	jan	NA	Australia
A/Victoria/11/2024_jan	A/Victoria/11/2024	EPI_ISL_18955365	SIAT1	Royal Melbourne Hospital	10/1/2024	jan	NA	Australia
A/Victoria/32/2024_jan	A/Victoria/32/2024	EPI_ISL_18955362	SIAT1	Royal Chidrens Hospital	20/1/2024	jan	NA	Australia
A/Victoria/37/2024_jan	A/Victoria/37/2024	EPI_ISL_18955360	SIAT1	Royal Chidrens Hospital	30/1/2024	jan	NA	Australia
A/Canberra/33/2024_jan	A/Canberra/33/2024	EPI_ISL_18955356	SIAT1	Canberra Hospital	27/1/2024	jan	NA	Australia
A/Perth/562a/2023_nov	A/Perth/562a/2023	EPI_ISL_18955354	SIAT1	Pathwest QE II Medical Centre	9/11/2023	nov	NA	Australia
A/Perth/562/2023_nov	A/Perth/562/2023	EPI_ISL_18955353	SIAT1	Pathwest QE II Medical Centre	8/11/2023	nov	NA	Australia
A/Kuala_Lumpur/3113722518/2023_nov	A/Kuala_Lumpur/3113722518/2023	EPI_ISL_18955349	MDCK3	University Malaya	25/11/2023	nov	NA	Australia
A/Darwin/14/2024_feb	A/Darwin/14/2024	EPI_ISL_18955346	MDCK1	Royal Darwin Hospital	4/2/2024	feb	NA	Australia
A/Canberra/40/2024_feb	A/Canberra/40/2024	EPI_ISL_18955344	SIAT1	Canberra Hospital	6/2/2024	feb	NA	Australia
A/Victoria/57/2024_feb	A/Victoria/57/2024	EPI_ISL_18955340	SIAT1	Royal Melbourne Hospital	5/2/2024	feb	NA	Australia
A/Victoria/59/2024_feb	A/Victoria/59/2024	EPI_ISL_18955339	SIAT1	Royal Melbourne Hospital	6/2/2024	feb	NA	Australia
A/Townsville/97/2023_oct	A/Townsville/97/2023	EPI_ISL_18955337	SIAT1	Pathology Queensland Cairns laboratory	13/10/2023	oct	NA	Australia
A/Sri_Lanka/34/2024_o_jan	A/Sri_Lanka/34/2024	EPI_ISL_18876714	ORIGINAL	Medical Research Institute	8/1/2024	jan	Original - o	Australia
A/Sri_Lanka/32/2024_o_jan	A/Sri_Lanka/32/2024	EPI_ISL_18876713	ORIGINAL	Medical Research Institute	8/1/2024	jan	Original - o	Australia
A/Sri_Lanka/28/2024_o_jan	A/Sri_Lanka/28/2024	EPI_ISL_18876710	ORIGINAL	Medical Research Institute	7/1/2024	jan	Original - o	Australia
A/Sri_Lanka/27/2024_o_jan	A/Sri_Lanka/27/2024	EPI_ISL_18876709	ORIGINAL	Medical Research Institute	6/1/2024	jan	Original - o	Australia
A/Sri_Lanka/14/2024_o_jan	A/Sri_Lanka/14/2024	EPI_ISL_18876698	ORIGINAL	Medical Research Institute	3/1/2024	jan	Original - o	Australia
A/Victoria/2348/2023_o_aug	A/Victoria/2348/2023	EPI_ISL_18876685	ORIGINAL	Monash Medical Centre	3/8/2023	aug	Original - o	Australia
A/Victoria/2445/2023_o_aug	A/Victoria/2445/2023	EPI_ISL_18876684	ORIGINAL	Royal Melbourne Hospital	9/8/2023	aug	Original - o	"VIC, Australia"
A/Tasmania/74/2023_o_may	A/Tasmania/74/2023	EPI_ISL_18876683	ORIGINAL	Royal Hobart Hospital	19/5/2023	may	Original - o	Australia
A/Perth/614/2023_nov	A/Perth/614/2023	EPI_ISL_18876659	MDCK1	Pathwest QE II Medical Centre	8/11/2023	nov	NA	Australia
A/Perth/609/2023_nov	A/Perth/609/2023	EPI_ISL_18876658	MDCK1	Pathwest QE II Medical Centre	4/11/2023	nov	NA	Australia
A/Perth/614a/2023_nov	A/Perth/614a/2023	EPI_ISL_18876657	MDCK1	Pathwest QE II Medical Centre	9/11/2023	nov	NA	Australia
A/Cambodia/h2509375/2023_sep	A/Cambodia/h2509375/2023	EPI_ISL_18876656	MDCK1	Institute Pasteur du Cambodia	11/9/2023	sep	NA	Australia
A/Cambodia/h1017366/2023_sep	A/Cambodia/h1017366/2023	EPI_ISL_18876655	MDCK1	Institute Pasteur du Cambodia	28/9/2023	sep	NA	Australia
A/Perth/612/2023_nov	A/Perth/612/2023	EPI_ISL_18876654	MDCK1	Pathwest QE II Medical Centre	7/11/2023	nov	NA	Australia
A/Victoria/3235/2023_nov	A/Victoria/3235/2023	EPI_ISL_18876653	MDCK2	Institute of Medical and Veterinary Science (IMVS)	13/11/2023	nov	NA	Australia
A/Canberra/456/2023_dec	A/Canberra/456/2023	EPI_ISL_18876650	SIAT1	Canberra Hospital	17/12/2023	dec	NA	Australia
A/Canberra/2/2024_jan	A/Canberra/2/2024	EPI_ISL_18876643	SIAT1	Canberra Hospital	4/1/2024	jan	NA	Australia
A/Canberra/428/2023_dec	A/Canberra/428/2023	EPI_ISL_18876640	SIAT1	Canberra Hospital	5/12/2023	dec	NA	Australia
A/Darwin/517/2023_nov	A/Darwin/517/2023	EPI_ISL_18876633	MDCK2	Royal Darwin Hospital	9/11/2023	nov	NA	Australia
A/Darwin/441/2023_nov	A/Darwin/441/2023	EPI_ISL_18876631	MDCK2	Royal Darwin Hospital	1/11/2023	nov	NA	Australia
A/Cambodia/h1116365/2023_oct	A/Cambodia/h1116365/2023	EPI_ISL_18876609	"SIAT1, MDCK1"	Institute Pasteur du Cambodia	24/10/2023	oct	NA	Australia
A/South_Australia/4/2024_jan	A/South_Australia/4/2024	EPI_ISL_18876608	SIAT1	Institute of Medical and Veterinary Science (IMVS)	4/1/2024	jan	NA	Australia
A/Cambodia/h1116366/2023_oct	A/Cambodia/h1116366/2023	EPI_ISL_18876607	"SIAT1, MDCK1"	Institute Pasteur du Cambodia	30/10/2023	oct	NA	Australia
A/Cambodia/h1130363/2023_nov	A/Cambodia/h1130363/2023	EPI_ISL_18876605	"SIAT1, MDCK1"	Institute Pasteur du Cambodia	24/11/2023	nov	NA	Australia
A/Kuala_Lumpur/3113709609/2023_nov	A/Kuala_Lumpur/3113709609/2023	EPI_ISL_18876604	MDCK1	University Malaya	3/11/2023	nov	NA	Australia
A/South_Australia/9/2024_jan	A/South_Australia/9/2024	EPI_ISL_18876603	SIAT1	Institute of Medical and Veterinary Science (IMVS)	1/1/2024	jan	NA	Australia
A/Cambodia/h1116370/2023_oct	A/Cambodia/h1116370/2023	EPI_ISL_18876602	"SIAT1, MDCK1"	Institute Pasteur du Cambodia	31/10/2023	oct	NA	Australia
A/Cambodia/h1218365/2023_nov	A/Cambodia/h1218365/2023	EPI_ISL_18876600	"SIAT1, MDCK1"	Institute Pasteur du Cambodia	13/11/2023	nov	NA	Australia
A/Cambodia/h0812001/2023_aug	A/Cambodia/h0812001/2023	EPI_ISL_18876598	MDCK1	Institute Pasteur du Cambodia	10/8/2023	aug	NA	Australia
A/Victoria/3/2024_jan	A/Victoria/3/2024	EPI_ISL_18876596	SIAT1	Royal Melbourne Hospital	1/1/2024	jan	NA	Australia
A/Victoria/43/2024_jan	A/Victoria/43/2024	EPI_ISL_18876595	SIAT1	Royal Melbourne Hospital	28/1/2024	jan	NA	Australia
A/Victoria/3193/2023_dec	A/Victoria/3193/2023	EPI_ISL_18876590	SIAT1	Royal Melbourne Hospital	20/12/2023	dec	NA	Australia
A/Victoria/40/2024_jan	A/Victoria/40/2024	EPI_ISL_18876581	SIAT1	Royal Melbourne Hospital	29/1/2024	jan	NA	Australia
A/Philippines/96/2023_nov	A/Philippines/96/2023	EPI_ISL_18876568	MDCK1	Research Institute of Tropical Medicine	16/11/2023	nov	NA	Australia
A/Philippines/71/2023_nov	A/Philippines/71/2023	EPI_ISL_18876567	MDCK1	Research Institute of Tropical Medicine	14/11/2023	nov	NA	Australia
A/Philippines/97/2023_nov	A/Philippines/97/2023	EPI_ISL_18876566	MDCK1	Research Institute of Tropical Medicine	13/11/2023	nov	NA	Australia
A/Brisbane/547/2023_nov	A/Brisbane/547/2023	EPI_ISL_18876565	MDCK1	Queensland Health Forensic and Scientific Services	22/11/2023	nov	NA	"QLD, Australia"
A/Victoria/34/2024_jan	A/Victoria/34/2024	EPI_ISL_18876560	SIAT1	Royal Chidrens Hospital	22/1/2024	jan	NA	Australia
A/South_Australia/11/2024_jan	A/South_Australia/11/2024	EPI_ISL_18876558	SIAT1	Institute of Medical and Veterinary Science (IMVS)	3/1/2024	jan	NA	Australia
A/South_Australia/7/2024_jan	A/South_Australia/7/2024	EPI_ISL_18876556	SIAT1	Institute of Medical and Veterinary Science (IMVS)	2/1/2024	jan	NA	Australia
A/Darwin/463/2023_nov	A/Darwin/463/2023	EPI_ISL_18876553	MDCK3	Royal Darwin Hospital	2/11/2023	nov	NA	Australia
A/South_Australia/10/2024_jan	A/South_Australia/10/2024	EPI_ISL_18876552	SIAT1	Institute of Medical and Veterinary Science (IMVS)	3/1/2024	jan	NA	Australia
A/Canberra/366/2023_nov	A/Canberra/366/2023	EPI_ISL_18876551	MDCK8	Canberra Hospital	12/11/2023	nov	NA	Australia
A/Canberra/25/2024_jan	A/Canberra/25/2024	EPI_ISL_18876550	SIAT1	Canberra Hospital	18/1/2024	jan	NA	Australia
A/Canberra/20/2024_jan	A/Canberra/20/2024	EPI_ISL_18876542	SIAT1	Canberra Hospital	10/1/2024	jan	NA	Australia
A/Victoria/39/2024_jan	A/Victoria/39/2024	EPI_ISL_18876540	SIAT1	Royal Melbourne Hospital	31/1/2024	jan	NA	Australia
A/Brunei/51/2023_jul	A/Brunei/51/2023	EPI_ISL_18876520	MDCK2	"R.I.P.A.S. Hospital, Department of Laboratory Services"	30/7/2023	jul	NA	Australia
A/Philippines/109/2023_dec	A/Philippines/109/2023	EPI_ISL_18876519	MDCK1	Research Institute of Tropical Medicine	27/12/2023	dec	NA	Australia
A/Victoria/55/2024_jan	A/Victoria/55/2024	EPI_ISL_18876506	SIAT1	Royal Melbourne Hospital	21/1/2024	jan	NA	Australia
A/Victoria/52/2024_jan	A/Victoria/52/2024	EPI_ISL_18876504	SIAT1	Royal Melbourne Hospital	18/1/2024	jan	NA	Australia
A/Darwin/499/2023_nov	A/Darwin/499/2023	EPI_ISL_18876503	MDCK1	Royal Darwin Hospital	8/11/2023	nov	NA	Australia
A/Darwin/506/2023_nov	A/Darwin/506/2023	EPI_ISL_18876502	MDCK1	Royal Darwin Hospital	8/11/2023	nov	NA	Australia
A/Darwin/600/2023_nov	A/Darwin/600/2023	EPI_ISL_18876501	MDCK1	Royal Darwin Hospital	14/11/2023	nov	NA	Australia
A/Darwin/587/2023_nov	A/Darwin/587/2023	EPI_ISL_18876500	MDCK2	Royal Darwin Hospital	13/11/2023	nov	NA	Australia
A/Darwin/582/2023_nov	A/Darwin/582/2023	EPI_ISL_18876499	MDCK1	Royal Darwin Hospital	13/11/2023	nov	NA	Australia
A/Cambodia/h1218370/2023_nov	A/Cambodia/h1218370/2023	EPI_ISL_18876498	"SIAT1, MDCK1"	Institute Pasteur du Cambodia	21/11/2023	nov	NA	Australia
A/Darwin/697/2023_dec	A/Darwin/697/2023	EPI_ISL_18853018	MDCK1	Royal Darwin Hospital	2/12/2023	dec	NA	Australia
A/Malaysia/RP0676/2023_feb	A/Malaysia/RP0676/2023	EPI_ISL_18853009	MDCK1	Institut Penyelidikan Perubatan	16/2/2023	feb	NA	Australia
A/Cambodia/h1024364/2023_oct	A/Cambodia/h1024364/2023	EPI_ISL_18852989	"SIAT1, MDCK1"	Institute Pasteur du Cambodia	20/10/2023	oct	NA	Australia
A/Cambodia/h1024363/2023_oct	A/Cambodia/h1024363/2023	EPI_ISL_18852987	"SIAT1, MDCK1"	Institute Pasteur du Cambodia	16/10/2023	oct	NA	Australia
A/Cambodia/h1017371/2023_oct	A/Cambodia/h1017371/2023	EPI_ISL_18852985	"SIAT1, MDCK1"	Institute Pasteur du Cambodia	10/10/2023	oct	NA	Australia
A/Darwin/2/2024_jan	A/Darwin/2/2024	EPI_ISL_18852978	MDCK1	Royal Darwin Hospital	8/1/2024	jan	NA	Australia
A/Victoria/23/2024_jan	A/Victoria/23/2024	EPI_ISL_18852972	MDCK1	Royal Melbourne Hospital	5/1/2024	jan	NA	Australia
A/Cambodia/h0822361/2023_jul	A/Cambodia/h0822361/2023	EPI_ISL_18852969	"SIAT3, MDCK1"	Institute Pasteur du Cambodia	31/7/2023	jul	NA	Australia
A/Victoria/19/2024_jan	A/Victoria/19/2024	EPI_ISL_18852968	MDCK1	Royal Melbourne Hospital	3/1/2024	jan	NA	Australia
A/Canberra/242/2023_sep	A/Canberra/242/2023	EPI_ISL_18852967	SIAT1	Canberra Hospital	19/9/2023	sep	NA	Australia
A/Tasmania/427/2023_dec	A/Tasmania/427/2023	EPI_ISL_18852963	MDCK1	Royal Hobart Hospital	8/12/2023	dec	NA	Australia
A/Tasmania/426/2023_dec	A/Tasmania/426/2023	EPI_ISL_18852960	MDCK1	Royal Hobart Hospital	6/12/2023	dec	NA	Australia
A/Tasmania/437/2023_dec	A/Tasmania/437/2023	EPI_ISL_18852959	MDCK1	Royal Hobart Hospital	18/12/2023	dec	NA	Australia
A/Tasmania/410/2023_dec	A/Tasmania/410/2023	EPI_ISL_18852949	SIAT2	Royal Hobart Hospital	2/12/2023	dec	NA	Australia
A/Darwin/641/2023_o_nov	A/Darwin/641/2023	EPI_ISL_18779029	ORIGINAL	Royal Darwin Hospital	1/11/2023	nov	Original - o	Australia
A/Darwin/635/2023_o_nov	A/Darwin/635/2023	EPI_ISL_18779028	ORIGINAL	Royal Darwin Hospital	6/11/2023	nov	Original - o	Australia
A/Victoria/2619/2023_sep	A/Victoria/2619/2023	EPI_ISL_18725139	SIAT1	Alfred Hospital	19/9/2023	sep	NA	Australia
A/Sydney/5/2021e_F	A/Sydney/5/2021	EPI_ISL_12109635	E3	"Clinical Virology Unit, CDIM"	16/10/2021	Vaccine	Vaccine	Australia
A/Victoria/4897/2022e_F	A/Victoria/4897/2022	EPI_ISL_17830834	E3	Royal Melbourne Hospital	2/10/2022	Vaccine	Vaccine	Australia
A/Wisconsin/67/2022	A/Wisconsin/67/2022	EPI_ISL_15928563	S1	Centers for Disease Control and Prevention	25/10/2022	Vaccine	Vaccine	Australia
A/India/Pun-NIV319324/2021	A/India/Pun-NIV319324/2021	EPI_ISL_3378776	MDCK2	ICMR-National Institute of Virology	4/6/2021	Reference	Reference	Australia
A/Sydney/1/2024_F	A/Sydney/1/2024	EPI_ISL_19030767	MDCK2	Childrens Hospital Westmead	3/1/2024	Reference	Reference	Australia
A/Wisconsin/588/2019	A/Wisconsin/588/2019	EPI_ISL_404460	C1	Centers for Disease Control and Prevention	19/12/2019	Vaccine	Vaccine	Australia
A/Wisconsin/47/2022	A/Wisconsin/47/2022	EPI_ISL_16968015	S2	Centers for Disease Control and Prevention	30/8/2022	Reference	Reference	Australia
A/Darwin/328/2024_F	A/Darwin/328/2024	EPI_ISL_19194701	SIAT1	Royal Darwin Hospital	19/4/2024		Ferret Serology	Australia
A/Darwin/463/2023_F	A/Darwin/463/2023	EPI_ISL_18543903	MDCK1	Royal Darwin Hospital	2/11/2023		Ferret Serology	Australia
A/Darwin/7/2023_F	A/Darwin/7/2023	EPI_ISL_16899269	SIAT1	Royal Darwin Hospital	27/1/2023		Ferret Serology	Australia
A/Sydney/5/2021_F	A/Sydney/5/2021	EPI_ISL_16899233 	MDCK3	"Clinical Virology Unit, CDIM"	15/10/2021		Ferret Serology	Australia
A/Sydney/604/2023_F	A/Sydney/604/2023	EPI_ISL_18139246	MDCK1	Childrens Hospital Westmead	3/7/2023		Ferret Serology	Australia
A/Victoria/376/2024_F	A/Victoria/376/2024	EPI_ISL_19194722 	SIAT1	Monash Medical Centre	4/5/2024		Ferret Serology	Australia
A/Victoria/4897/2022_F_S	A/Victoria/4897/2022	EPI_ISL_16003490 	SIAT1/MDCK1	Royal Melbourne Hospital	2/10/2022		Human Serology	Australia
A/Victoria/650/2023_F	A/Victoria/650/2023	EPI_ISL_17811508	SIAT1	WHO Collaborating Centre for Reference and Research on Influenza	2/2/2023		Ferret Serology	Australia
A/Victoria/3370/2024_S	A/Victoria/3370/2024	EPI_ISL_19574660	SIAT1		4/11/2024		Human Serology	
A/Darwin/1906/2024_S	A/Darwin/1906/2024	EPI_ISL_19676575	SIAT1		8/12/2024		Human Serology	
A/Victoria/3263/2024_S	A/Victoria/3263/2024	EPI_ISL_19561254	SIAT1		1/10/2024		Human Serology	
othA/California/LACPHL-INF00606/2024	A/California/LACPHL-INF00606/2024	EPI_ISL_19556805	Original		17/10/2024			
othA/Scotland/003_203/2024	A/Scotland/003_203/2024	EPI_ISL_19544386		West of Scotland Specialist Virology Centre	3/11/2024			
niidA/Tokyo/EIS10-980/2024	A/Tokyo/EIS10-980/2024	EPI_ISL_19539652	Original	National Institute of Infectious Diseases (NIID)	18/10/2024			
cdcA/Tennessee/86/2024	A/Tennessee/86/2024	EPI_ISL_19539423	OR_IR	Centers for Disease Control and Prevention	14/10/2024			
othA/Sling/5435/2024	A/Sling/5435/2024	EPI_ISL_19631647	original (VTM)	Public Health Wales Microbiology Cardiff	2/12/2024			
tnicA/Bangkok/P3920/2024	A/Bangkok/P3920/2024	EPI_ISL_19633039	Original	Thai National Influenza Center	19/12/2024			
othA/Hong_Kong/2931/2024	A/Hong Kong/2931/2024	EPI_ISL_19636056	MDCK	Hong Kong Department of Health	3/12/2024			
othA/Vietnam/Binh_Dinh/RV1_240118/2024	A/Vietnam/Binh Dinh/RV1 240118/2024	EPI_ISL_19649710		Pasteur Institute in Nha Trang	9/12/2024			
othA/French_Polynesia/HCL024201357901/2024	A/French Polynesia/HCL024201357901/2024	EPI_ISL_19656050	Original	"CNR Virus des Infections Respiratoires, France SUD"	16/12/2024			
cdcA/Michigan/59/2023	A/Michigan/59/2023	EPI_ISL_18527337	OR_IR	Centers for Disease Control and Prevention	9/10/2023			
cdcA/Connecticut/17/2023	A/Connecticut/17/2023	EPI_ISL_18607682	OR_IR	Centers for Disease Control and Prevention	11/11/2023			
cdcA/Michigan/62/2023	A/Michigan/62/2023	EPI_ISL_19175842	Spf2E1	Centers for Disease Control and Prevention	16/10/2023			
cdcA/Alaska/14/2023 	A/Alaska/14/2023 	EPI_ISL_18451811	OR_IR	Centers for Disease Control and Prevention	21/9/2023			
cdcA/Illinois/18/2023 	A/Illinois/18/2023 	EPI_ISL_18337980	OR_IR	Centers for Disease Control and Prevention	5/9/2023			
cdcA/District_Of_Columbia/03/2024 	A/District Of Columbia/03/2024 	EPI_ISL_19014661	OR_IR	Centers for Disease Control and Prevention	26/1/2024			
crickA/Israel/R18527/2024	A/Israel/R18527/2024	EPI_ISL_19687198	cs	Crick Worldwide Influenza Centre	26/12/2024			
cnicA/Henan-Shancheng/SWL1468/2024	A/Henan-Shancheng/SWL1468/2024	EPI_ISL_19674947	C1+C1	WHO Chinese National Influenza Center	17/12/2024			